Type,S,Q_1,CA_1,A_1,R_1,Q_2,CA_2,A_2,R_2,Level,Q_type,Deviation,C
SA_1fb,You will be asked a question. Please respond to it as accurately as possible without using many words.,"Sally and Anne are playing. Sally has a box and Anne has a basket, and there is a ball. Sally puts the ball in her box. Then Sally goes to play somewhere else.
Anne takes the ball from Sally's box and she puts the ball in her own basket. Anne also goes to play somewhere else for a while.
Then Sally returns.
Where is the ball now?",basket,The ball is in Anne's basket.,"Okay, let's see. So Sally and Anne are playing. Sally has a box, Anne has a basket. There's a ball. First, Sally puts the ball in her box. Then she leaves. Then Anne takes the ball from Sally's box and puts it into her own basket. Then Anne leaves too. Later, Sally comes back. The question is, where is the ball now?

Hmm. So Sally initially placed the ball in her box. Then Anne moved it to her basket when Sally wasn't around. Now Sally returns. The key here is understanding that Sally doesn't know Anne moved the ball. So from Sally's perspective, she might think the ball is still in her box. But the actual location of the ball is in Anne's basket.

Wait, but the question isn't asking where Sally thinks the ball is. It's asking where the ball actually is now. So even though Sally might not know, the real location is Anne's basket. Because Anne moved it there. So the answer should be the ball is in Anne's basket.",Where does Sally look for the ball?,box,Sally looks in her box.,"Okay, let's tackle this question. The user is asking where Sally looks for the ball after she returns. From the previous conversation, I know the scenario is based on the classic ""Sally-Anne"" test, which is used to assess theory of mind.

In the story, Sally puts the ball in her box and leaves. Anne moves the ball to her basket while Sally is away. When Sally comes back, the question is where she will look for the ball. The key here is understanding that Sally didn't see Anne move the ball. So, even though the ball is actually in Anne's basket now, Sally still thinks it's in her box. Therefore, she would look where she last left it, which is her box.

I need to make sure the answer reflects Sally's false belief. The user might be testing if I understand that aspect. The answer should be concise, just stating where Sally looks based on her knowledge. No extra words needed. Just the box.",,,0.0,True
SA_1fb,You will be asked a question. Please respond to it as accurately as possible without using many words.,"Peter and Kumar are playing. Peter has a suitcase and Kumar has a backpack, and they have a pencil. Peter puts the pencil in his suitcase. Then Peter goes to play somewhere else.
Kumar takes the pencil from Peter's suitcase and he puts the pencil in his own backpack. Kumar also goes to play somewhere else for a while.
Then Peter returns.
Where is the pencil now?",backpack,The pencil is in Kumar's backpack.,"Okay, let me think through this step by step. So Peter and Kumar are playing. Peter has a suitcase, and Kumar has a backpack. They have a pencil.

First, Peter puts the pencil into his suitcase. Then Peter leaves to play somewhere else. So now the pencil is in Peter's suitcase, and he's not around. 

Next, Kumar takes the pencil from Peter's suitcase. Wait, so Kumar must have gone to Peter's suitcase when Peter wasn't there, right? Because Peter had left. So Kumar takes the pencil out of the suitcase and puts it into his own backpack. Then Kumar also leaves to play somewhere else. 

Now, the question is, when Peter returns, where is the pencil? Let me recap. The pencil was moved by Kumar from Peter's suitcase to Kumar's backpack. After that, Kumar left. So when Peter comes back, the suitcase is his, but the pencil was taken out by Kumar and placed into Kumar's backpack. Unless Kumar moved it again after that, but the problem doesn't mention any further actions. 

So the pencil should still be in Kumar's backpack. Even though Peter comes back, the pencil isn't in his suitcase anymore because Kumar took it. Unless there's a detail I'm missing, like maybe Peter takes it back or something, but the scenario ends with Kumar putting the pencil in his backpack and leaving. Then Peter returns. So the pencil is in Kumar's backpack when Peter returns.",Where does Peter look for the pencil?,suitcase,Peter looks in his suitcase.,"Okay, the user is asking where Peter will look for the pencil. Let me start by recalling the scenario.

First, Peter puts the pencil in his suitcase. Then he leaves. Kumar takes the pencil from Peter's suitcase and puts it in his own backpack. After that, Kumar also leaves. When Peter comes back, he probably doesn't know that Kumar moved the pencil. 

So, Peter's knowledge is based on where he last placed the pencil, which is his suitcase. Since he didn't see Kumar move it, he would assume it's still there. Therefore, Peter would look in his own suitcase first, even though the pencil is actually in Kumar's backpack now. 

The user might be testing understanding of false belief scenarios, where a person acts based on their own knowledge, not the current reality. The answer should reflect that Peter doesn't know the pencil was moved, so he checks where he left it.",,,1.0,True
SA_1fb,You will be asked a question. Please respond to it as accurately as possible without using many words.,"Peter and Kumar are playing. They found a beautiful golden marble. They dig a hole in the ground to hide the marble. Then Peter has to go home, so he leaves. 
Kumar stays a bit longer. When he sees a dog approaching, he realizes the marble is not safe. He digs up the marble and puts it in a hole in the tree. Then Kumar goes home. 
The next day Peter returns to the playground. He wants to play with the marble again.
Where is the marble now?",tree,"The marble is in the tree hole. Kumar moved it there from the ground to protect it from the dog. Peter doesn't know this, but the marble remains in the tree.","Okay, let's break down the problem step by step. So, Peter and Kumar found a golden marble and decided to hide it by digging a hole in the ground. Then Peter left, and Kumar stayed behind. When Kumar saw a dog approaching, he thought the marble wasn't safe there, so he dug it up and moved it to a hole in the tree. After that, Kumar went home. The next day, Peter comes back to the playground to find the marble. The question is, where is the marble now?

First, I need to make sure I understand the sequence of events correctly. Initially, both boys hid the marble in the ground. Then Peter leaves, and Kumar stays. The dog's approach makes Kumar move the marble to the tree. So, the marble was moved from the ground hole to the tree hole by Kumar before he left. Peter wasn't there when Kumar moved it, so when Peter returns the next day, he would go to the original hiding spot in the ground, right? But the marble isn't there anymore because Kumar moved it.

Wait, but the question is asking where the marble is now, not where Peter might look first. So, the answer should be based on the last known action, which is Kumar moving it to the tree hole. Therefore, the marble is in the tree hole. Peter might check the original spot, but the actual location is the tree. I need to confirm that there's no mention of the marble being moved again after Kumar put it in the tree. Since Kumar went home after moving it and the next day Peter returns, there's no indication that anyone else moved it. So yes, the marble is still in the tree hole.",Where does Peter look for the marble?,ground,Peter looks in the ground hole where they initially hid it. He is unaware Kumar moved it to the tree.,"Okay, let's see. The user is asking where Peter will look for the marble. From the previous conversation, I know that Peter and Kumar originally buried the marble in the hole they dug in the ground. Then, Kumar moved it to a tree hole when the dog approached. But Peter left before Kumar moved it, so he doesn't know about the change.

So, when Peter comes back the next day, his last known location of the marble was the ground hole. Since he wasn't there when Kumar moved it, he wouldn't know it's in the tree. Therefore, Peter would check the original hiding spot, which is the ground hole.

I need to make sure I don't add extra info. The answer should be straightforward: Peter looks where he last knew it was, the ground. The user wants a concise answer without many words.",,,2.0,True
SA_2fb,You will be asked a question. Please respond to it as accurately as possible without using many words.,"Sally and Anne are in the park. There is an ice cream truck next to the fountain. They both want to buy an ice cream but Sally doesn't have enough money. Sally goes home to get more money.
The ice cream man tells Anne that he is moving, he is now going to sell ice cream at the swing.
He meets Sally on the way and tells her where he is going. Sally gets money and so goes to the swing to buy an ice cream.
Anne goes to Sally's house and asks Sally's mother where Sally is. The mother says that Sally is buying ice cream.
Where is the ice cream truck now?",swing,The ice cream truck is now at the swing.,"Okay, let me try to figure this out. So, Sally and Anne are in the park, and there's an ice cream truck next to the fountain. Both want ice cream, but Sally doesn't have enough money, so she goes home to get more. Then the ice cream man tells Anne he's moving to the swing. Wait, but then he meets Sally on the way and tells her the new location. Sally gets the money and goes to the swing. Meanwhile, Anne goes to Sally's house and asks her mom, who says Sally is buying ice cream. The question is, where is the ice cream truck now?

Hmm, let me break it down step by step. Initially, the truck is at the fountain. The ice cream man tells Anne he's moving to the swing. Then he meets Sally on her way home and tells her too. So after moving, the truck should be at the swing. Sally goes there to buy ice cream. Anne, however, goes to Sally's house, which might mean she didn't know about the move? But the ice cream man told Anne directly that he's moving. Wait, but maybe Anne didn't update her knowledge? Wait, no, the ice cream man told Anne he's moving to the swing. So Anne should know the truck is at the swing. But then why does she go to Sally's house? Maybe she thought Sally went back home and might not know about the new location? But Sally did get told by the ice cream man on the way, so she knows to go to the swing. Then Sally's mom tells Anne that Sally is buying ice cream, which would be at the swing. So the ice cream truck is at the swing now. But I need to make sure there's no trick here. Let me check again.

Timeline:

1. Truck starts at fountain.
2. Both want ice cream. Sally leaves to get money.
3. Ice cream man tells Anne he's moving to the swing.
4. Ice cream man meets Sally on her way home and tells her.
5. Sally gets money, goes to swing.
6. Anne goes to Sally's house, asks mom, who says Sally is buying ice cream (so at swing).
7. Therefore, the truck is at the swing.

Yes, so the answer should be at the swing. Anne might have gone to Sally's house because she didn't know Sally had already left again, but the truck's location is definitely the swing now.",Where does Anne think Sally is going to look for the ice cream truck?,fountain,"Anne thinks Sally is going to look for the ice cream truck **at the fountain**.  
(Anne knows the truck moved to the swing but assumes Sally, unaware of the move, will return to the original location.)","Okay, let's try to figure this out. So, the question is asking where Anne thinks Sally is going to look for the ice cream truck. 

First, let's recap the story to make sure I have all the details straight. Sally and Anne are in the park, and there's an ice cream truck next to the fountain. Both want ice cream, but Sally doesn't have enough money, so she goes home to get more. Then, the ice cream man tells Anne he's moving to the swing. He meets Sally on her way home and tells her he's moving to the swing. Sally gets the money and goes to the swing. Anne then goes to Sally's house and asks her mother, who says Sally is buying ice cream. The previous answer confirmed the truck is at the swing.

Now, the question is about Anne's belief. So, we need to consider what Anne knows and what she doesn't know. Let's break it down step by step.

1. When the ice cream man tells Anne he's moving to the swing, Anne is aware of the new location. But does Anne know that the ice cream man told Sally about the move? The story says the ice cream man met Sally on the way and told her. But there's no mention that Anne knows this. So from Anne's perspective, she knows the truck moved to the swing, but she might not know that Sally was informed.

2. Sally originally left to get money because the truck was at the fountain. If Anne thinks Sally didn't get the update, then Anne would assume Sally still thinks the truck is at the fountain. Therefore, Anne might believe Sally will go back to the fountain to buy ice cream.

3. However, Sally's mother tells Anne that Sally is buying ice cream. If Anne thinks the truck is at the swing, but she doesn't know Sally knows that, Anne might be confused. Wait, but Anne knows the truck moved. So when the mother says Sally is buying ice cream, Anne might infer that Sally found out about the new location. But the question is where Anne thinks Sally is going to look, not where she actually went. 

Wait, the key here is that Anne's knowledge is that the truck moved to the swing, but she doesn't know that Sally was told by the ice cream man. So when Anne goes to Sally's house, she's checking where Sally is. The mother says she's buying ice cream, so Anne might assume Sally went to the swing. But wait, the question is about where Anne thinks Sally is going to look, which might be different. Wait, no. Let's clarify.

Anne knows the truck was at the fountain. Then the ice cream man told Anne he's moving to the swing. So Anne knows the truck is now at the swing. However, Sally left to get money before the truck moved. The ice cream man told Sally on her way home, so Sally knows the new location. But Anne doesn't know that the ice cream man told Sally. From Anne's perspective, when Sally left, the truck was at the fountain. Anne doesn't have information that Sally was informed of the move. So Anne would think that Sally still believes the truck is at the fountain. Therefore, Anne would expect Sally to go back to the fountain. But then, the mother says Sally is buying ice cream, which would imply she went to the swing. But Anne might be confused, but the question is where Anne thinks Sally is going to look, based on her knowledge. Since Anne doesn't know Sally was told, she would think Sally is going to the original location, the fountain. 

Therefore, the answer should be that Anne thinks Sally is going to the fountain to look for the ice cream truck.",,,0.0,True
SA_2fb,You will be asked a question. Please respond to it as accurately as possible without using many words.,"Tom and Gerald are in the park. There is a candy cart next to the pond. They both want to buy some candy but Tom doesn't have enough money. Tom goes home to get more money.
The candy man tells Gerald that he is moving, he is now going to sell candy at the deer.
He meets Tom on the way and tells him where he is going. Tom gets money and walks to the deer to buy some candy.
Gerald walks to Tom's house and asks Tom's mother where Tom is. The mother says that Tom is buying candy.
Where is the candy cart now?",deer,The candy cart is now at the deer.,"Okay, let's see. The problem is about Tom and Gerald in the park with a candy cart. So initially, the candy cart is next to the pond. Tom doesn't have enough money, so he goes home to get more. Then the candy man tells Gerald that he's moving to the deer. Wait, ""deer"" here might be a typo. Maybe it's supposed to be ""dear,"" but that doesn't make sense. Or perhaps ""deer"" as in the animal, but that's a place? Maybe a location named ""the Deer""? Like a statue or a landmark? The problem says the candy man is moving to sell candy at the deer. So he moves his cart from the pond to the deer.

Then, the candy man meets Tom on the way and tells Tom where he's going. So Tom, after getting money from home, walks to the deer to buy candy. Meanwhile, Gerald goes to Tom's house and asks Tom's mother, who says Tom is buying candy. So the question is, where is the candy cart now?

Wait, the initial location was the pond. The candy man told Gerald he's moving to the deer. Then he meets Tom on the way, so he must have left the pond and is moving towards the deer. So the cart is now at the deer. Because after moving, the new location is the deer. Tom goes there, so the cart is at the deer. Gerald went to Tom's house, but the mother says Tom is buying candy, which would be at the deer. Therefore, the candy cart is now at the deer.",Where does Gerald think Tom is going to look for the candy cart?,pond,"Gerald thinks Tom is going to the pond.  
*(He knows the cart moved to the deer but likely assumes Tom, unaware of the relocation (since Gerald wasn’t present when the candy man told Tom), would return to the original pond location.)*","Okay, let's try to figure out where Gerald thinks Tom is going. First, let me recap the story to make sure I understand it correctly.

Tom and Gerald are in the park near a candy cart by the pond. Tom doesn't have enough money, so he goes home to get more. The candy man tells Gerald that he's moving to the deer. Then the candy man meets Tom on the way and tells him about the new location at the deer. Tom gets his money and heads to the deer. Meanwhile, Gerald goes to Tom's house and asks Tom's mom, who says Tom is buying candy. The question is, where does Gerald think Tom is going?

Wait, so Gerald was told by the candy man that the cart is moving to the deer. But when Gerald goes to Tom's house, he's told Tom is buying candy. The key here is that Gerald knows the cart moved to the deer, but does he know that Tom was informed of the new location? The candy man told Gerald he's moving to the deer. Then the candy man met Tom and told him too. So Tom knows the new location. But when Gerald asks Tom's mom, she just says Tom is buying candy. Gerald might assume Tom went to the original spot (the pond) unless he knows that Tom was informed. But since the candy man told Tom directly, Gerald might not be aware that Tom knows the new location. Wait, but the story says the candy man told Gerald first, then met Tom and told him. So Gerald knows the cart is at the deer. When he goes to Tom's house, Tom's mom says Tom is buying candy. But where would Gerald think Tom went? If Gerald knows that Tom was told by the candy man about the new location, then Gerald would think Tom is going to the deer. But maybe Gerald isn't aware that Tom was informed. Wait, the story says the candy man met Tom on the way and told him where he's going. So Tom knows. But does Gerald know that Tom was told? The story doesn't explicitly say that Gerald is aware of that interaction. So from Gerald's perspective, he knows the cart moved to the deer, but he might think that Tom, after going home, would return to the original pond location because Tom left before the cart moved. But wait, Tom left to get money, and while he was gone, the cart moved. The candy man told Gerald about the move, then met Tom on Tom's way home or on his way back? The timeline is a bit unclear. Let's parse it again:

1. Tom and Gerald are at the park (pond) with the candy cart. Tom leaves to get money.
2. Candy man tells Gerald he's moving to the deer.
3. Candy man meets Tom (on Tom's way home? Or on Tom's way back?) and tells him he's moving to the deer.
4. Tom gets money and walks to the deer.
5. Gerald goes to Tom's house, asks mom, who says Tom is buying candy.

So when the candy man told Gerald he's moving to the deer, then later met Tom. If Tom was on his way home, the candy man could have met him after Gerald was told. Then Tom would know the new location. But Gerald doesn't know that the candy man told Tom. So when Gerald goes to Tom's house, he might assume that Tom is going to the original pond location because that's where the cart was when Tom left. But Gerald knows the cart has moved, so he might think Tom is going to the deer. Wait, but if Gerald thinks that Tom doesn't know about the move, he would think Tom is going to the pond. But Gerald might not be aware that Tom was informed. Since the story says the candy man told Gerald first, then met Tom and told him. So from Gerald's perspective, he knows the cart is at the deer, but he might not know that Tom was informed. Unless he assumes that the candy man told Tom as well. But the story doesn't say Gerald is aware of that. So Gerald might think that Tom is still heading to the pond, because that's where the cart was when Tom left. Therefore, Gerald would think Tom is going to the pond, but the actual cart is at the deer. But the question is, where does Gerald think Tom is going? If Gerald knows the cart moved and assumes Tom doesn't know, then Gerald would think Tom is going to the pond. However, if Gerald knows that the candy man told Tom, then he'd think Tom is going to the deer. The story says the candy man met Tom on the way and told him. So Tom knows. But does Gerald know that? The story doesn't say Gerald saw that interaction. Therefore, Gerald might not know that Tom was informed. So when Gerald asks Tom's mom and she says Tom is buying candy, Gerald would think Tom is at the deer (if he assumes Tom found out) or at the pond (if he thinks Tom didn't know). But the correct answer here is likely that Gerald thinks Tom is going to the pond because he doesn't know that Tom was informed. Wait, but the candy man met Tom after telling Gerald. So the timeline is: Gerald is told the cart is moving. Then the candy man leaves, meets Tom on the way (maybe on the way to the deer?), tells Tom. So Gerald doesn't witness that. Therefore, Gerald doesn't know that Tom was informed. So when Gerald goes to Tom's house, he might assume Tom is going to the pond, since that's where the cart was when Tom left. But Gerald knows the cart is now at the deer, but he might think Tom doesn't know that. Therefore, Gerald would think Tom is going to the pond, even though the cart is at the deer. But the answer might be that Gerald thinks Tom is going to the deer because the mother said he's buying candy, which is at the deer. Wait, but the mother just says ""buying candy,"" not specifying where. Gerald knows the cart is at the deer, so he might infer that Tom is going there. Wait, but if Gerald thinks that Tom doesn't know the cart moved, he would think Tom is at the pond. But since the mother says Tom is buying candy, and Gerald knows the cart is at the deer, maybe Gerald assumes Tom found out somehow. Hmm, this is confusing. Let me try to outline the possible reasoning steps again:

- Gerald knows the cart moved to the deer.
- Gerald doesn't know whether Tom knows the cart moved.
- When Gerald asks Tom's mom, she says Tom is buying candy.
- Gerald, knowing the cart is at the deer, might think that Tom is at the deer because that's where the cart is now. But if Gerald believes Tom doesn't know about the move, he would think Tom went to the pond. But since the mother says Tom is buying candy, which can only be done at the current cart location (the deer), Gerald would conclude Tom is at the deer. Wait, but the mother's statement doesn't specify location. So Gerald might think that Tom is either at the deer (if he assumes Tom found out) or at the pond (if he thinks Tom didn't know). But given that the cart is at the deer now, and the candy is only sold there, Gerald would realize that Tom must have gone to the deer. Therefore, Gerald would think Tom is at the deer. But the question is, where does Gerald think Tom is going to look for the candy cart? So Gerald might think that Tom is going to the deer because that's where the cart is, but if he thinks Tom doesn't know, he'd expect Tom to go to the pond. But since the mother says Tom is buying candy, and the only place to buy now is the deer, Gerald would deduce Tom is at the deer. Therefore, the answer is the deer. But I'm not sure. Let me check the story again.

The candy man tells Gerald he's moving to the deer. Then meets Tom and tells him. So Tom knows. Then Gerald goes to Tom's house. If Gerald knows that the candy man told Tom, then he would think Tom is at the deer. But does Gerald know that the candy man told Tom? The story says the candy man told Gerald first, then met Tom on the way and told him. So Gerald isn't present when the candy man tells Tom. Therefore, Gerald doesn't know that Tom was informed. Therefore, Gerald would think that Tom is unaware of the move and is going to the pond. Therefore, Gerald thinks Tom is going to the pond. But when he asks Tom's mom, she says he's buying candy, which Gerald knows is now at the deer. So maybe Gerald is confused, but the question is where does Gerald think Tom is going to look. Since Gerald doesn't know Tom was told, he would think Tom is going to the pond. Therefore, the answer is the pond.",,,1.0,True
SA_2fb,You will be asked a question. Please respond to it as accurately as possible without using many words.,"Tom and Gerald went swimming. But when they wanted to go home, Tom found out that his bike has a flat tire. When they start walking they see the swimming teacher passing in his car. They put up their hand and the swimming teacher stops the car at the bus stop alongside the road. They ask whether they can hitchhike, the swimming teacher says yes. 
Tom says he forgot his bag in the dressing room, so he quickly runs to grab it. The swimming teacher says to Gerald that he'll park his car in the parking lot around the corner, so they can put the bikes in the trunk.
On the way to the parking lot the swimming teacher sees Tom and tells him where he is going. So when Tom has his bag, he walks to the parking lot. 
Gerald walks to the dressing room and asks where Tom is. The children in the dressing room say that Tom went to the car of the swimming teacher. 
Where is the swimming teacher’s car now? ",parking lot,The swimming teacher’s car is in the parking lot around the corner.,"Okay, let's break this down step by step. So, Tom and Gerald went swimming. After swimming, they found Tom's bike had a flat tire, so they started walking. Then their swimming teacher passes by in his car, stops at the bus stop, and agrees to let them hitchhike.

Tom realizes he forgot his bag in the dressing room and runs back to get it. Meanwhile, the swimming teacher tells Gerald he'll move the car to the parking lot around the corner to load the bikes into the trunk. So the teacher is moving the car from the bus stop to the parking lot. 

While the teacher is driving to the parking lot, he sees Tom and informs him of his destination. Tom, after retrieving his bag, heads to the parking lot. Gerald goes to the dressing room looking for Tom, but the kids there say Tom went to the teacher's car. 

So, where is the car now? The key points: The teacher said he was moving the car from the bus stop to the parking lot. He told Tom this en route, so when Tom goes to the car, he's going to the parking lot. Gerald, upon hearing Tom went to the car, would also infer the car is now in the parking lot. The kids in the dressing room know Tom went to the car, which is now at the parking lot. Therefore, the car should be in the parking lot around the corner.",Where does Gerald think Tom is going to look for the swimming teacher’s car? ,bus stop,At the bus stop (Gerald may not know Tom was informed about the parking lot).,"Okay, let's see. The user is asking where Gerald thinks Tom is going to look for the swimming teacher's car.

First, I need to recall the story details. Tom and Gerald went swimming. After swimming, Tom's bike had a flat tire, so they started walking. They saw the swimming teacher, who stopped at the bus stop. They asked to hitchhike, and the teacher agreed. Tom then remembered he forgot his bag and ran back to get it. The swimming teacher told Gerald he would park the car in the parking lot around the corner. Then, while the teacher was driving to the parking lot, he saw Tom and told him where he was going. So Tom, after getting his bag, went to the parking lot. Meanwhile, Gerald went to the dressing room and asked the kids, who said Tom went to the teacher's car.

Now, the question is about Gerald's perspective. Gerald was there when the teacher said he'd park around the corner. But when Gerald went to the dressing room, the kids told him Tom went to the car. However, the teacher had already told Tom he was moving the car to the parking lot. But Gerald wasn't present when the teacher told Tom that, right? Because Gerald was either still at the bus stop or went to the dressing room. So Gerald might not know that the teacher informed Tom about the parking lot. From Gerald's point of view, the last he knew was that the teacher was going to park the car in the parking lot, but when he asked the kids, they said Tom went to the car. But where was the car supposed to be? Initially, the teacher stopped at the bus stop. Then he said he would move to the parking lot. So Gerald knows the car is moving to the parking lot. But when Tom left to get his bag, the teacher was still at the bus stop. Then the teacher left to park the car. So when Tom comes back from getting the bag, the teacher's car is no longer at the bus stop. But Gerald, after Tom left, went to the dressing room. The kids told Gerald that Tom went to the teacher's car. But from Gerald's knowledge, the car was supposed to be in the parking lot. But does Gerald know that the teacher told Tom about the new location? Probably not, because when the teacher told Gerald about parking the car, Tom had already left to get his bag. Then, the teacher later met Tom and told him, but Gerald wasn't there. Therefore, Gerald might think that Tom is going back to the original meeting point, which was the bus stop, because that's where the car was when they first stopped. But the teacher had moved it. So Gerald might not realize that Tom knows the new location. Therefore, Gerald would think Tom is going to the bus stop to find the car, not knowing that the teacher informed Tom of the new parking lot location. But wait, the story says that when the teacher was on the way to the parking lot, he saw Tom and told him where he was going. So Tom knew the car was moving to the parking lot. Then Tom went to the parking lot. Meanwhile, Gerald went to the dressing room and asked the kids, who said Tom went to the car. But Gerald doesn't know that the teacher told Tom the new location. So Gerald might assume that Tom is going to where the car was originally, which was the bus stop, not the parking lot. But wait, Gerald was there when the teacher said he would park in the parking lot. So Gerald knows the car is moving there. However, when Tom left to get his bag, the car was still at the bus stop. Then the teacher left for the parking lot, met Tom, told him. So when Gerald asks the kids where Tom is, they say Tom went to the car. Gerald knows the car was supposed to move to the parking lot, so he might think Tom is going to the parking lot. But wait, does Gerald know that Tom was informed? Because Gerald wasn't present when the teacher told Tom. So Gerald might think that Tom, after getting his bag, would go back to the original meeting point (bus stop), not knowing the car moved. But the kids said Tom went to the car, so Gerald might be confused. But according to the story, the teacher told Gerald they would move to the parking lot. So Gerald knows the car is there. But when Tom left to get the bag, the car was still at the bus stop. Then the teacher went to the parking lot, met Tom, told him. So Tom knew to go to the parking lot. But Gerald wasn't there when the teacher told Tom. Therefore, when Gerald hears from the kids that Tom went to the car, Gerald would think Tom is going to the parking lot because that's where the teacher said he'd be. But maybe Gerald might think Tom is going to the bus stop, because that's where the car was when they last saw it. But Gerald knows the teacher was moving the car. So he should assume Tom is going to the parking lot. Wait, but how does Gerald know that Tom knows the new location? If Gerald thinks that Tom didn't get the update, then Gerald would think Tom is going to the bus stop. But if Gerald knows that the teacher told Tom (but the story says the teacher told Tom on the way to the parking lot, which Gerald wasn't present for), then Gerald wouldn't know that. Therefore, Gerald's knowledge is that the car is moving to the parking lot, but Tom went to get his bag before the teacher moved. So Tom might not know the car moved. Therefore, Gerald would think that Tom is going back to the bus stop to find the car, not knowing it's now in the parking lot. Hence, the answer would be that Gerald thinks Tom is going to the bus stop. But the teacher had already left the bus stop. Wait, but the story says that after Tom ran to get his bag, the teacher told Gerald he would park in the parking lot, and then the teacher started driving there. On the way, he saw Tom and told him. So Gerald was present when the teacher said he was parking in the parking lot. Then, the teacher left, met Tom, told him. Gerald then went to the dressing room. So Gerald knows the car is supposed to be in the parking lot. When he asks the kids where Tom is, they say Tom went to the car. So Gerald, knowing the car is in the parking lot, would assume Tom is going there. But if Gerald thinks that Tom didn't know the car moved, then he might think Tom went to the bus stop. However, Gerald knows that the teacher was going to park in the parking lot, and he might assume that Tom would go there, especially if the teacher told Tom. Wait, but Gerald wasn't there when the teacher told Tom. So Gerald doesn't know that the teacher informed Tom. Therefore, Gerald might think that Tom, after getting his bag, would go back to the original meeting point (bus stop) where the car was when they left. But the car is no longer there. So Gerald would think Tom is looking for the car at the bus stop, not knowing it's moved. Therefore, the answer is the bus stop.",,,2.0,True
SS_1lie,You will be asked a question. Please respond to it as accurately as possible without using many words.,"One day, when Jan walks into the house, he accidentally knocks over his mother's favourite vase. The vase is broken. Oh no! If mom finds out about this, she will be very angry!
When Jan's mother comes home and sees the broken vase, she asks Jan what happened.
Jan says: ""The dog knocked it over, it is not my fault!""
Is what Jan says true?",False ,"No, Jan's statement is not true. He knocked over the vase but blamed the dog falsely.","Okay, let's see. The question is whether Jan's statement is true. So, Jan knocked over the vase, right? The scenario says he accidentally did it. Then when his mom asks, he blames the dog. So the answer would be no, what he says isn't true because he's the one who actually broke the vase. The dog wasn't involved. So Jan is lying to avoid getting in trouble.",Why does Jan say this?,,To avoid blame/punishment.,"Okay, so the user is asking why Jan said the dog knocked over the vase. Let's see. From the previous conversation, I know that Jan actually broke the vase himself but blamed the dog. The user wants to understand the reason behind Jan's lie.

First, I need to recall the scenario. Jan accidentally knocks over the vase, fears his mom's anger, and when confronted, he lies to avoid punishment. The immediate answer would be that Jan is trying to avoid getting in trouble.

But wait, maybe there's more to it. Children often lie out of fear of consequences. Jan might be scared of his mother's reaction, so he shifts the blame to the dog. The dog can't defend itself, making it an easy target. It's a common behavior in kids to avoid punishment. 

Is there another angle? Maybe Jan feels guilty and doesn't want to admit his mistake. Shame could be a factor. Or perhaps he thinks the dog is less likely to be punished harshly. Either way, the core reason is self-preservation and avoiding negative outcomes.

I should make sure the answer is concise, as per the user's initial request for brief responses. Also, since the previous answer was about the statement being false, this follow-up is about the motivation. The user probably expects a straightforward explanation without too much depth.

So, the main points are: fear of anger, avoiding blame, self-preservation. That's why Jan lied. Need to present this clearly and succinctly.",,,0.0,True
SS_1lie,You will be asked a question. Please respond to it as accurately as possible without using many words.,"One day, when Olga walks into the house, she accidentally knocks over her father's favourite sculpture. The sculpture is broken. Oh no! If daddy finds out about this, he will be very angry!
When Olga's father comes home and sees the broken sculpture, he asks Olga what happened.
Olga says: ""The cat knocked it over, it is not my fault!""
Is what Olga says true?",False ,No. Olga broke the sculpture herself and falsely blamed the cat.,"Okay, let's break this down. So the problem is about Olga breaking her father's sculpture and then blaming the cat. The question is whether Olga's statement is true.

First, the scenario: Olga knocks over the sculpture accidentally. The father comes home, sees it broken, and asks her. She says the cat did it, and it's not her fault.

So the key point here is truthfulness. The user is asking if Olga's claim is true. From the description, it's clear that Olga herself knocked it over. The cat wasn't involved. So when she says the cat did it, that's a lie. Therefore, her statement isn't true. But maybe there's a trick here? Like, maybe the cat was also involved somehow? Wait, the problem states that Olga ""accidentally knocks over"" the sculpture. There's no mention of the cat being involved. So Olga is lying to avoid getting in trouble. Therefore, her statement is false. So the answer should be no, what she says is not true. The user wants a concise answer, so just ""No"" would suffice. But maybe explain a bit. Wait, the user said to respond as accurately as possible without many words. So probably just ""No."" But let me check again. The problem says ""Is what Olga says true?"" Since Olga actually did it herself, her statement that the cat did it is false. So answer is no.",Why does Olga say this?,,To avoid punishment by deflecting blame.,"Okay, the user is asking why Olga said the cat knocked over the sculpture. From the previous conversation, I already established that Olga is lying to avoid getting in trouble.

Now, I need to explain her motivation. The user probably wants to understand the reason behind her lie. Maybe they're a parent trying to teach a child about honesty, or someone analyzing behavior in a story.

I should keep it concise, as the user prefers short answers. The key point is that Olga is scared of her father's anger and blames the cat to shift responsibility. Avoid adding extra details unless necessary. Make sure to state clearly that it's to avoid punishment.",,,1.0,True
SS_1lie,You will be asked a question. Please respond to it as accurately as possible without using many words.,"One day, Olga is playing with the doll of her little sister Sally. Accidentally she pulls the head from the doll. She tries to attach it to the body, but without success. It looks like the doll is broken! When Sally sees this, she will be mad. It was her favourite doll. 
Sally comes home and searches for her doll. When she finds it she asks Olga if she knows why her doll is broken. Olga says: “Mummy broke it while she was cleaning up!”
Is what Olga says true?",False ,"No, Olga's statement is not true. Olga broke the doll herself when she pulled off its head, not her mother.","Okay, let's see. The question is whether Olga's statement that ""Mummy broke it while she was cleaning up"" is true. From the story, Olga was playing with Sally's doll and accidentally pulled the head off. She tried to fix it but couldn't, so the doll is broken. When Sally asks, Olga blames their mom.

So the key here is determining if Olga is telling the truth. Since the story clearly states that Olga herself pulled the head off, her claim about their mom doing it while cleaning isn't true. Olga is lying to avoid getting in trouble. The answer should be that her statement is false because she's the one who broke the doll, not her mother.",Why does Olga say this?,,Olga lies to avoid blame and prevent Sally's anger.,"Okay, let's see. The user asked why Olga says that her mom broke the doll. From the previous conversation, I already established that Olga lied. Now, I need to explain her motivation.

Olga is probably scared of getting in trouble. She doesn't want Sally to be mad at her, so she blames their mom. It's a common reaction for kids to avoid punishment or negative reactions. She might feel guilty but chooses to shift the blame. Maybe she thinks her mom won't get as angry as Sally would, or that her mom can handle the situation better. Alternatively, she might think Sally is less likely to confront their mom. Either way, the core reason is to deflect responsibility. Need to make sure the answer is concise, as per the user's request. Avoid extra words, just get to the point. Check if there's another angle, but probably not. The answer should focus on avoiding blame and fear of consequences.",,,2.0,True
SS_2pretend,You will be asked a question. Please respond to it as accurately as possible without using many words.,"Sally and Anne are playing in the house. Sally takes a banana from the fruit bowl and holds it to her ear. She says to Anne: 'Look, the banana is a telephone!'
Is what Sally says true?",False ,No. The banana is not a telephone; Sally is pretending.,"Okay, so the question is about Sally and Anne. Sally takes a banana and holds it to her ear, saying it's a telephone. The user is asking if what Sally says is true.

Hmm, first, I need to recall the context. This reminds me of the Sally-Anne test, which is a false belief task used in psychology to assess theory of mind. But wait, in the classic Sally-Anne scenario, Sally puts a marble in a basket and leaves, then Anne moves it to a box. The question is where Sally will look for the marble. That tests if the participant understands that Sally has a false belief.

But here, the scenario is different. Sally uses a banana as a telephone, pretending it's a phone. The question is whether her statement is true. So it's about pretending vs. reality. The banana isn't actually a telephone; it's a fruit. But Sally is using it symbolically, like how kids pretend objects are other things. So, in reality, the banana is not a telephone. However, Sally is engaging in pretense, so her statement is part of a pretend play. Therefore, her statement isn't literally true, but it's true within the context of their game. But the question is phrased as ""Is what Sally says true?"" without considering the pretend context. So the answer would be no, because the banana isn't actually a telephone. But maybe the answer needs to consider the intention behind the statement. Wait, but the user is asking for a factual answer, not the psychological aspect. So the banana is a banana, not a telephone. Therefore, Sally's statement is false in reality, even though she's pretending. So the answer should be ""No."" But I need to make sure I'm not overcomplicating it. The key is that the statement is literally false. The banana remains a banana; pretending doesn't change its actual nature. So the correct answer is that Sally's statement is not true.",Why does Sally say this? ,,To pretend-play; using imagination.,"Okay, let me try to figure out why Sally says the banana is a telephone. The user mentioned Sally and Anne playing in the house. Sally takes a banana and holds it to her ear, saying it's a telephone. The previous answer clarified that Sally isn't telling the truth but pretending.

So, the question now is why Sally would say that. Well, children often engage in pretend play. They use their imagination to turn everyday objects into something else. A banana's shape is somewhat similar to a telephone handset, right? It's long and curved, so maybe that's why she chose it. 

Also, when kids play pretend, they might imitate adults. Sally might have seen people talking on the phone and is mimicking that action. She's not trying to deceive Anne but inviting her to join the imaginative game. Pretend play helps develop social and cognitive skills, so Sally is probably just being playful and creative. 

I should make sure the answer highlights pretend play, the similarity in shape, and maybe the developmental aspect. Keep it concise as the user requested short answers.",,,0.0,True
SS_2pretend,You will be asked a question. Please respond to it as accurately as possible without using many words.,"Peter and Kumar are playing in the house. Peter takes a banana from the fruit bowl and holds it in front of his face. He says to Kumar: 'Look, the banana is my nose!’
Is what Peter says true?",False ,"No, the banana is not Peter's actual nose; he is pretending.","Okay, so Peter took a banana and held it in front of his face, telling Kumar, ""Look, the banana is my nose!"" The question is whether that statement is true. Let me break this down.

First, the literal meaning: a banana is a fruit, and a nose is a body part. Obviously, a banana isn't actually a nose. But Peter is pretending, using the banana as a prop to represent his nose. So in a pretend play context, he's substituting the banana for his nose. But the question is about the truth of the statement. 

In reality, the banana isn't his nose. So if we take it literally, the statement is false. However, if we consider the imaginative scenario where Peter is role-playing or making a joke, then within that context, he's playfully claiming it's his nose. But truth in such cases depends on the context. Since the question doesn't specify whether it's asking about reality or the pretend scenario, the answer would likely be that it's not true in a factual sense. Kids often engage in such pretend play, but the actual truth is that the banana remains a banana, not a nose. So the answer should be no, it's not true.",Why does Peter say this? ,,"To play/imagine, making a joke or pretending.","Okay, so the user asked why Peter says the banana is his nose. Let me think.

First, the original question was whether Peter's statement was true. I answered that it's not true because he's pretending. Now the user wants to know why Peter said that in the first place.

Hmm, kids often use imagination when they play. Peter probably wants to make a joke or be playful. Using objects as something else is common in pretend play. Like holding a banana and pretending it's a phone or, in this case, a nose. So Peter is using his imagination to make a funny comparison.

Also, children enjoy making others laugh or getting a reaction. By saying the banana is his nose, he might be trying to surprise Kumar or make him laugh. It's a way of engaging in creative play together. Maybe he's testing Kumar's reaction or just being silly.

I should check if there's any other possible reason. Could there be a misunderstanding? Maybe, but given the context of play, it's more likely imaginative play. So the answer should focus on pretending, humor, or playful behavior.",,,1.0,True
SS_2pretend,You will be asked a question. Please respond to it as accurately as possible without using many words.,"Peter and Kumar are on the playground. Peter lies down on the floor, with his arms stuck to his body. He says: 'Look, I am a snake!'
Is what Peter says true?",False ,"No. Peter is a human mimicking a snake's posture, but he remains biologically human. Snakes are legless reptiles; humans cannot transform into different species.","Okay, let's see. The question is about Peter pretending to be a snake by lying on the floor with his arms stuck to his body. The user wants to know if Peter's statement is true.

First, I need to determine what makes something a snake. Snakes are reptiles, legless, elongated bodies, and they move by slithering. Now, Peter is a human. Even if he lies down with his arms at his sides, he still has a human body structure—head, torso, arms, legs. Even if he's keeping his arms close, he's not actually a snake. Snakes don't have limbs, so Peter having arms (even if he's keeping them still) means he doesn't meet the physical characteristics of a snake. Additionally, he can't slither like a snake; he's just lying there. So his claim is imaginative play, not a factual statement. Therefore, his statement isn't true because he's still a human mimicking a snake's appearance superficially but lacking the essential biological traits.",Why does Peter say this? ,,"Peter uses imagination during play, mimicking a snake’s shape/movement to pretend or entertain.","Okay, so the user asked why Peter says he's a snake. Let me think.

In the previous exchange, I already established that Peter isn't actually a snake. Now the user wants to know the reason behind Peter's statement. The scenario is Peter lying down with arms stuck to his body. Kids often use their imagination when playing, pretending to be animals or characters. Snakes are legless and slither, so Peter's posture mimics that. He's using imaginative play, which is common in children. They role-play to explore ideas or have fun. So the answer should focus on imagination and mimicry of a snake's features, not literal truth. Need to keep it concise, as per the user's request for short answers. Make sure to mention playfulness and imitation of a snake's movement or appearance.",,,2.0,True
SS_3joke,You will be asked a question. Please respond to it as accurately as possible without using many words.,"James goes to Claire's house for the first time. He goes there for a drink and wants to see Claire's dog whom she always talks about. James likes dogs very much. When James gets to Claire's house, Claire runs to the door to open it, and her dog jumps up to greet James. Claire's dog is huge, and almost as tall as James! When James sees Claire's big dog he says, ""Claire, you don't have a dog at all. You have an elephant!
Is what James says true?",False ,"No, James's statement is not true. He uses exaggeration (hyperbole) to humorously emphasize the dog's large size, but the animal is still a dog, not an elephant.","Okay, let's see. James goes to Claire's house because she has a dog he's interested in meeting. He likes dogs a lot. When he arrives, Claire's dog jumps up to greet him, and it's described as huge, almost as tall as James. James then says, ""Claire, you don't have a dog at all. You have an elephant!""

So the question is whether James's statement is true. Well, obviously, Claire does have a dog. The dog is just very large. James is using hyperbole, exaggerating the dog's size by comparing it to an elephant to emphasize how big it is. Elephants are much bigger than even the largest dogs, so this is clearly not meant to be taken literally.

The key here is understanding figurative language. James isn't making a factual claim; he's expressing surprise at the dog's size through a metaphor. So the answer would be that his statement isn't true because it's an exaggeration, and Claire's pet is still a dog, not an actual elephant.",Why does James say this?,,"James says this to humorously express his surprise at the dog's unexpected size, exaggerating by comparing it to an elephant to highlight how large it is.","Okay, the user is asking why James says Claire has an elephant instead of a dog. Let me start by recalling the context. James visits Claire's house expecting to see a dog, but the dog is huge, almost as tall as him. His reaction is to say it's an elephant.

The previous answer explained it's hyperbole, so the user probably wants a deeper understanding. They might be looking for the reason behind using that specific exaggeration. Maybe they're confused about why James chose ""elephant"" instead of another large animal. 

I need to connect the exaggeration to the effect it creates. James is surprised by the dog's size, so using ""elephant"" emphasizes how unexpectedly big it is. Elephants are known for being large, so the comparison highlights the shock humorously. The user might not know what hyperbole is, but the answer should clarify it's an intentional overstatement for effect. 

Also, considering the user's possible intent: they might be testing comprehension of figurative language or the humor in the situation. The response should mention both the surprise and the humor, explaining that James isn't being literal but expressing his astonishment in a funny way. 

I should keep it concise, as per the initial instruction, but ensure it covers the intent behind the statement. No need for complex terms, just explain the exaggeration and its purpose in the context.",,,0.0,True
SS_3joke,You will be asked a question. Please respond to it as accurately as possible without using many words.,"Giulia goes to Robin's house for the first time. She goes there for a visit and wants to see Robin's cat whom he always talks about. Giulia likes cats very much. When Giulia gets to Robin's house, Robin runs to the door to open it, and his cat jumps up to greet Giulia. Robin's cat is huge, and almost half as tall as Giulia! When Giulia sees Robin's big cat she says, ""Robin, you don't have a cat at all. You have an elephant!
Is what Giulia says true?",False ,"No, Giulia's statement is not true. While the cat is unusually large, it remains a cat, not an elephant. She uses hyperbole to emphasize its size.","Okay, let's try to figure this out. So, Giulia goes to Robin's house expecting to see a cat because Robin always talks about his cat. But when she arrives, the cat is described as ""huge"" and almost half as tall as Giulia. She then exclaims that Robin doesn't have a cat but an elephant.

First, I need to determine if her statement is true. The key points here are the size of the animal and the comparison to an elephant. The cat is said to be almost half as tall as Giulia. Let's assume Giulia is an average height. If she's, say, 5 feet tall (about 152 cm), half of that is 2.5 feet (76 cm). That's really big for a cat. The largest domestic cat breeds, like Maine Coons, can be up to around 16 inches (40 cm) tall at the shoulder. So 2.5 feet would be way beyond any normal cat size. 

But elephants are much larger. Even a baby elephant is much taller than that. However, Giulia is using hyperbole here, exaggerating the cat's size by comparing it to an elephant because it's so big. The question is whether her statement is factually true. Since the animal is still a cat, albeit a very large one, her statement is not literally true. She's using a metaphor to express surprise at the cat's size. So the answer would be no, it's not true because it's still a cat, not an actual elephant.",Why does Giulia say this?,,"Giulia exaggerates the cat's size humorously by comparing it to an elephant, emphasizing how surprisingly large it is.","Okay, let's see. The user is asking why Giulia says Robin has an elephant instead of a cat. From the previous question, we know that Giulia was surprised by the cat's size. She uses hyperbole, which is an exaggeration for effect.

So, the user probably wants to understand the intention behind her statement. They might not be familiar with hyperbole or why someone would compare a cat to an elephant. Maybe they're a student learning about figurative language, or just curious about the reasoning.

I need to explain that Giulia is exaggerating the cat's size to emphasize how big it is. She's not being literal but using humor or surprise. The key points are hyperbole, exaggeration for effect, and emphasizing the unusual size. Keep it concise, as the user prefers short answers without many words.",,,1.0,True
SS_3joke,You will be asked a question. Please respond to it as accurately as possible without using many words.,"Robin just woke up and is putting on his clothes. He is almost done. When he grabs his pants he decides not to put them on. He goes down stairs and walks into the kitchen. 
He says to his mother: ""Look mom, I am Donald Duck!""
Is what Robin says true?",False ,"Yes. Donald Duck is known for not wearing pants, so by not putting on his pants, Robin humorously resembles the character.","Okay, let's see. The question is whether Robin's statement ""Look mom, I am Donald Duck!"" is true.

So, Robin wakes up, gets dressed, almost done. Then he grabs his pants but decides not to put them on. Then he goes downstairs and tells his mom he's Donald Duck. 

Donald Duck is a cartoon character known for wearing a sailor shirt and cap but no pants. So if Robin didn't put on his pants, he's mimicking Donald's lack of pants. So in that sense, he's imitating Donald Duck's characteristic look. So his statement is a playful comparison based on the missing pants. But literally, he's not actually Donald Duck, of course. But the question is if his statement is true. Since it's a figure of speech, maybe in a humorous context, it's considered true in a metaphorical sense. But strictly factually, no, he's just a boy without pants. Hmm. But the answer likely hinges on the understanding that Donald Duck doesn't wear pants, so by not wearing pants, Robin is emulating that aspect, making his claim ""true"" in a joking manner. So the answer would be yes, because he's imitating Donald Duck's trademark lack of pants.",Why does Robin say this?,,"**Short answer:**  
No pants = Donald Duck trait.","Okay, the user is asking why Robin says he's Donald Duck. Let me think back to the previous conversation.

In the first question, the user presented a scenario where Robin skips putting on pants and then claims to be Donald Duck. My initial response was that it's true because Donald Duck doesn't wear pants. Now, the follow-up is asking for the reason behind Robin's statement.

So the user wants to understand the humor or the analogy here. Donald Duck is a classic cartoon character known for his sailor shirt and cap but no pants. By not wearing pants, Robin is imitating that trait. The key point here is the absence of pants being a distinctive feature of Donald Duck. 

Wait, maybe I should check if there's any other aspect. But no, the main joke is definitely about the lack of pants. The user might be a child or someone unfamiliar with the character, so explaining the connection between the missing pants and the character's typical attire is essential. 

I need to make sure the answer is concise, as per the initial instruction to avoid using many words. The previous answer was ""Yes"" with a brief explanation. Now, the why requires pointing out the specific trait. So the answer should link Robin's action (not wearing pants) to Donald Duck's characteristic (no pants). That's the core of the joke. 

No pants = Donald Duck reference. Simple and direct. That's the reasoning here. No need to complicate it further. Just state the connection between the two.",,,2.0,False
SS_4whitelie,You will be asked a question. Please respond to it as accurately as possible without using many words.,"Tineke has been looking forward to Christmas all year, because she knew she could ask her parents for a rabbit. Tineke really wants to have a rabbit.
It was finally Christmas, and Tineke hurried to open the big package her parents had given her. She was sure it would contain a rabbit in a cage.
But when she opened the package, with the whole family gathered around her, she saw that there were only a few old books inside. That is not what she wished for.
However, when her parents asked her what she thought of her Christmas present, she said, ""I think it's a nice present, thank you. It's exactly what I wanted.""
Is what Tineke says true?",False ,"No, Tineke's statement is not true. She hoped for a rabbit but received old books. Her polite reply contradicts her actual disappointment.","Okay, let's break this down. Tineke wanted a rabbit for Christmas and was excited to open her present, expecting a cage with a rabbit. But instead, she found old books. When asked, she said it was exactly what she wanted.

So, is her statement true? Well, truth here depends on her actual feelings versus what she expressed. She clearly wanted a rabbit, not books. Her response is polite but doesn't match her real desire. So, she's lying to be polite or avoid disappointing her parents. The answer should be no, her statement isn't true because she didn't get what she wanted.",Why does Tineke say this?,,"Tineke likely says this to hide her disappointment and be polite, avoiding hurt feelings or conflict despite not receiving the desired gift.","Okay, so the user asked why Tineke said her present was nice even though she didn't get the rabbit she wanted. Let me think about this.

First, from the previous conversation, I know that Tineke was expecting a rabbit but got old books instead. She lied about liking the gift. Now the user is asking why she did that.

I need to consider possible reasons. Common ones might be politeness, not wanting to hurt her parents' feelings, or maybe cultural norms where expressing disappointment is frowned upon. Since she's a child, maybe she's been taught to be grateful regardless. Also, the family was all there, so social pressure could play a role. She might not want to seem ungrateful in front of others.

Another angle could be that she's trying to hide her disappointment to avoid conflict or making her parents feel bad. Maybe she's being considerate even though she's upset. Are there other possible reasons? Perhaps she's being sarcastic, but the context doesn't support that. The story mentions she was sure it was a rabbit, so her expectation was high, leading to bigger disappointment. Her response is a white lie to maintain harmony.

I should check if there's any other nuance. The story doesn't indicate any hidden motives beyond her initial disappointment. So the main reasons are politeness and hiding true feelings to be considerate. I should present that concisely as the user prefers short answers.",,,0.0,True
SS_4whitelie,You will be asked a question. Please respond to it as accurately as possible without using many words.,"Heinrich has been looking forward to Christmas all year, because he knew he could ask her parents for a guinea pig. Heinrich really wants to have a guinea pig.
It was finally Christmas, and Heinrich hurried to open the big package her parents had given her. He was sure it would contain a guinea pig in a cage.
But when he opened the package, with the whole family gathered around him, he saw that there were only a few old video games inside. That is not what he wished for.
However, when his parents asked him what he thought of his Christmas present, he said, ""I think it's a nice present, thank you. It's exactly what I wanted.""
Is what Heinrich says true?",False ,"No, Heinrich's statement is not true. He wanted a guinea pig but received old video games and lied to avoid disappointing his parents.","Okay, let me try to figure out this question. The user wants to know if Heinrich's statement is true. So, the story goes that Heinrich wanted a guinea pig for Christmas and was excited to open a big package from his parents. But inside were old video games, not the guinea pig. When asked, he said it was a nice present and exactly what he wanted.

First, I need to determine if Heinrich's words match reality. He clearly wanted a guinea pig, right? He was looking forward to it all year. But the gift he received wasn't that; it was old video games. So, he lied when he said it was exactly what he wanted. His parents might have thought he wanted the video games, but the story says he wished for a guinea pig. 

Wait, the story uses ""her parents"" and ""her"" when referring to Heinrich, but then switches to ""he"" and ""his."" That might be a typo. Let me check again. The first sentence says ""her parents,"" but then uses ""he"" and ""his."" Maybe Heinrich is male, and there was a mistake in pronouns. Regardless, the key point is the gift didn't match his wish. So, his response is not truthful. He's pretending to like the gift to be polite, perhaps. Therefore, his statement is false.",Why does Heinrich say this?,,"Heinrich likely says this to be polite and hide his disappointment, not wanting to upset his parents after they gave him a gift he didn't want.","Okay, so the user is asking why Heinrich lied about liking the Christmas present even though he wanted a guinea pig. Let me think through this step by step.

First, from the previous conversation, we established that Heinrich's statement wasn't true because he received old video games instead of the guinea pig he wanted. Now the user wants to know the reason behind his lie.

I need to consider the context. It's Christmas, the family is gathered around, and he just opened the gift. His parents asked him what he thought. He's disappointed but says it's exactly what he wanted. Why would a child do that?

Common reasons for lying in such situations: maybe to be polite, not hurt the parents' feelings. He might feel that expressing disappointment would make them sad or upset. Especially during a family event like Christmas, there's social pressure to show gratitude regardless of the gift.

Also, children often pick up on social norms, like saying thank you even if they don't like the gift. Maybe Heinrich is trying to be mature or avoid conflict. Alternatively, he might hope that by being polite, his parents might get him the guinea pig later. But the answer should focus on the immediate reason.

Another angle: perhaps he doesn't want to appear ungrateful in front of the family. The presence of the whole family adds to the pressure. He might fear criticism or want to maintain a positive atmosphere.

So, the main points here are politeness, avoiding disappointment, and social etiquette. The answer should be concise, as the user prefers short answers. Need to make sure it's accurate and hits those key reasons without being too wordy.",,,1.0,True
SS_4whitelie,You will be asked a question. Please respond to it as accurately as possible without using many words.,"Synthia was on a holiday with her parents. She brought her friend Linda. Linda and Synthia made friends with some other children in the holiday resort. Synthia really liked one of the boys, Tim. She talked about him all the time and she was really shy when he came near. 
At the end of the holiday, they played with the other children one more time. When Synthia went on the swing, back and forth, higher and higher. Then, at the highest point, she jumped off. But she didn't see her skirt got stuck in the swing and it ripped. 
Synthia quickly ran away, back to their bungalow. 
When they were in the car back home, Synthia asked to Linda: ""Do you think Tim saw anything?""
At the moment Synthia jumped from the swing, Linda was talking with Tim, and they both saw that happened. However, Linda answered: ""No, I don't think Tim saw anything!""
Is what Linda says true?",True ,"No, Linda's statement is not true. Both she and Tim witnessed the incident.","Okay, let's see. The question is whether Linda's statement to Synthia is true. Linda said, ""No, I don't think Tim saw anything!"" But according to the story, when Synthia jumped off the swing and her skirt ripped, both Linda and Tim were talking and saw what happened. So Linda knows that Tim did see it, but she told Synthia that he didn't. So the answer would be that Linda's statement is not true because Tim actually saw what happened.

Wait, let me check again. The key point is that Linda was with Tim when Synthia's accident happened. The story says that both Linda and Tim saw it. So Linda's answer is a lie. Therefore, her statement is false. The question is asking if what Linda said is true. Since she said Tim didn't see anything, but in reality, he did, the answer is no, Linda's statement isn't true.",Why does Linda say this? ,,"Linda likely says this to spare Synthia embarrassment, as revealing the truth (that Tim saw) would upset her.","Okay, so the user is asking why Linda lied to Synthia about Tim not seeing her skirt rip. Let me start by recalling the story details. Synthia was embarrassed because her skirt got stuck and ripped when she jumped off the swing. Linda was talking to Tim at that exact moment, and both saw what happened. But Linda told Synthia that Tim didn't see anything.

The user wants to know Linda's motivation. The first thing that comes to mind is that Linda didn't want to embarrass Synthia further. Maybe she thought telling the truth would make Synthia feel worse, especially since Synthia had a crush on Tim. It's possible Linda wanted to protect her friend's feelings.

Another angle is considering Linda's intentions. Perhaps she wanted to spare Synthia the humiliation of knowing that Tim saw the incident. Sometimes friends lie to prevent emotional distress. Also, maybe Linda felt it was better for Synthia to move on from the situation without dwelling on it.

I should check if there are other possible reasons. Could Linda have her own reasons, like wanting to keep Tim's attention? But the story doesn't mention any rivalry. The main point is Linda's response right after the event. The answer should focus on Linda's desire to protect Synthia's feelings by not telling her that Tim saw the embarrassing moment.",,,2.0,True
SS_5misunderstanding,You will be asked a question. Please respond to it as accurately as possible without using many words.,"A burglar just stole from a store. He tries to flee. While running home, a police officer sees that he just dropped a glove. The police officer does not know that the man is a burglar. All he wants to say is that the burglar dropped his glove. But when the police officer yells at the burglar: ""Hey, you there! Stop!”, the burglar turns around, sees the police officer and surrenders. He raises his hands and admits to have stolen from the store nearby.
Is the police officer surprised when he hears what the burglar says?",True ,"Yes. The officer only intended to return the glove and had no prior knowledge of the burglary. The burglar’s sudden confession reveals an unexpected crime, so the officer would be surprised.","Okay, let me try to figure this out. So, the question is whether the police officer is surprised when the burglar admits to stealing. Let me break down the scenario again to make sure I got all the details right.

A burglar steals from a store and is fleeing. On his way home, a police officer sees him drop a glove. The officer doesn't know he's a burglar; he just wants to tell him he dropped the glove. The officer yells, ""Hey, you there! Stop!"" The burglar turns around, sees the officer, and surrenders, admitting to the theft.

The key points here are the officer's knowledge and the burglar's reaction. The officer doesn't know the man is a burglar. The officer's intention is purely to inform him about the dropped glove. But when the officer shouts, the burglar assumes he's been caught for the burglary and immediately confesses.

So, the question is whether the officer is surprised by the confession. The officer didn't know about the burglary yet, right? He just saw the glove drop. So when he stops the man, he's expecting maybe to return the glove or check why he's running. But instead, the burglar confesses to a crime the officer wasn't aware of. That would likely be a surprise because the officer had no prior knowledge of the burglary. The officer's action was based on the dropped glove, not the theft. The sudden admission of guilt would be unexpected information. Therefore, yes, the officer would be surprised because he learned about the burglary only through the burglar's confession.","Why does the burglar surrender and admit his crime, when the police officer just wanted to give him back his glove?",,"The burglar likely panicked, assuming he was caught for the burglary. His guilt and fear of being recognized as the thief caused an impulsive confession, even though the officer only noticed the dropped glove.","Okay, let's see. The user is asking why the burglar surrendered and admitted his crime when the police officer just wanted to return the glove.

First, I need to recall the original scenario. The burglar stole something and was fleeing. The officer saw him drop a glove and yelled to stop him, probably to return the glove. The officer didn't know about the burglary. But when the officer shouted, the burglar surrendered and confessed. The user wants to know why the burglar did that even though the officer's intention was innocent.

Hmm. The key here is the burglar's state of mind. He just committed a crime and is probably nervous. When the officer yells, the burglar might panic, thinking he's been caught for the burglary. The sudden confrontation by the police could trigger a guilty conscience or fear of immediate punishment. Even though the officer only wanted to return the glove, the burglar assumes he's been found out. It's a case of the burglar's own guilt leading him to confess without the officer actually knowing about the crime.

I should check if there's any other angle. Maybe the burglar thought the glove was evidence connecting him to the burglary, so when the officer mentioned it, he felt cornered. But the officer didn't know about the crime, so the glove's connection is coincidental. The burglar's reaction is based on his own knowledge of the crime, not the officer's intent.

So the answer should focus on the burglar's panic and assumption that he's been caught, leading to an impulsive confession. The officer's action was innocent, but the burglar misinterpreted it because of his guilt.",,,0.0,True
SS_5misunderstanding,You will be asked a question. Please respond to it as accurately as possible without using many words.,"A thief just stole from a bazaar. He tries to flee. While running home, a security guard sees that he just dropped a hat. The security guard does not know that the man is a thief. All he wants to say is that the thief dropped his hat. But when the security guard yells at the thief: ""Hey, you there! Stop!”, the thief turns around, sees the security guard and surrenders. He raises his hands and admits to have stolen from the bazaar nearby.
Is the security guard surprised when he hears what the thief says?",True ,"Yes. The guard intended only to return the hat, unaware of the theft. The thief's confession reveals an unexpected crime, surprising the guard.","Okay, let's break this down. The security guard sees a man drop a hat and yells at him to stop. The guard's intention is just to tell the man he dropped his hat. But when the thief hears this, he turns around, surrenders, and confesses to the theft.

Now, the question is whether the security guard is surprised by the thief's confession. The guard didn't know the man was a thief; he just wanted to return the hat. So when the thief suddenly confesses, that's unexpected. The guard's initial action was about the hat, not the theft. The thief's reaction goes beyond what the guard intended, so yes, the guard would be surprised because he had no prior knowledge of the theft. His surprise stems from the thief revealing information the guard wasn't aware of.","Why does the thief surrender and admit his crime, when the security guard just wanted to give him back his hat?",,"The thief likely panicked, assuming the guard knew about the theft. Guilt, fear of being caught, or mistaking the guard's intent (returning the hat) as exposure of the crime triggered an impulsive confession.","Okay, so the user is asking why the thief surrendered and admitted his crime when the security guard only wanted to return the hat. Let me break this down.

First, the scenario: a thief steals from a bazaar, runs away, drops his hat. A security guard sees him drop the hat, doesn't know he's a thief, just wants to tell him about the hat. The guard yells ""Stop!"", the thief turns around, sees the guard, and surrenders, admitting the theft.

The user is confused why the thief would confess if the guard didn't know about the theft. The previous answer said the guard was surprised because he only wanted to return the hat. Now the user wants to know the thief's motivation.

Hmm. So maybe the thief panicked? When the guard yelled, the thief thought he was caught for the theft, not just the hat. The thief's guilt made him assume the guard knew about the crime. So even though the guard didn't know, the thief's own fear led him to confess.

Also, maybe the presence of a security guard made the thief feel cornered. He might have thought there's no escape, so he gave up. Or perhaps the thief felt that dropping the hat was evidence linking him to the crime, so he thought the guard had more information than he did.

Another angle: the thief's reaction is a psychological response. Being confronted by authority, even for a minor reason (the hat), triggered a stress response, leading him to confess the bigger crime. It's like when someone is nervous and overreacts, revealing more than intended.

So putting it all together: the thief surrendered because he assumed the guard was onto him for the theft, not just the hat. His panic and guilt made him confess without the guard even knowing about the crime. The guard's innocent intention to return the hat was misinterpreted by the thief as being caught red-handed.",,,1.0,True
SS_5misunderstanding,You will be asked a question. Please respond to it as accurately as possible without using many words.,"The teacher doesn't allow Sanne to play soccer until she has completed all her assignments. But she doesn't feel like doing those assignments at all! She secretly goes to the storage room to get the ball.
The school director comes by, he sees that Sanne cannot reach the ball. He doesn't know that she has to finish her assignments first. The director just wants to help Sanne get the ball. He asks, ""Are you okay?""
Sanne is afraid, she thinks she has been caught. She says, 'Sorry! I'll do my assignments first...'
Is the director surprised when he hears what Sanne says?",False ,"Yes, the director is likely surprised. He approached Sanne to help her reach the ball, unaware of her assignments. Her guilty response (""I'll do my assignments..."") introduces a context he didn't know about, making her reaction unexpected.","Okay, let's try to figure out if the director is surprised when Sanne says she'll do her assignments.

First, the situation: Sanne isn't allowed to play soccer until she finishes her assignments. She sneaks to get the ball anyway. The director sees her struggling to reach the ball and asks if she's okay. He doesn't know about the assignments rule. Sanne, feeling caught, apologizes and mentions doing her assignments.

So, the director's knowledge is key here. He just saw her trying to get the ball. His intention was to help her reach it, not knowing the teacher's rule. When Sanne brings up the assignments, the director might not have expected that because he wasn't aware of the context. He was probably just trying to assist her, not enforce the assignments. Therefore, her response about assignments is unexpected for him. He might be confused or surprised because his question was about her well-being, not about her assignments. Her reaction connects to something he wasn't aware of, so yes, he might be surprised.","Why does Sanne say this, when the director only wanted to help her?",,"Sanne feels guilty because she knows she's breaking the rule (avoiding assignments). She assumes the director *also* knows and is confronting her, so she confesses preemptively. Her fear, not the director's intent, drives her reaction.","Okay, let me break this down. The user is asking why Sanne apologized and mentioned her assignments when the director just wanted to help her get the ball.

First, I need to recall the scenario. Sanne wasn't allowed to play soccer until her assignments were done, but she went to get the ball anyway. The director saw her struggling to reach it and offered help, not knowing about the teacher's rule. Sanne, feeling guilty because she knows she's breaking the rule, assumes the director is catching her in the act. So her apology is a reaction to her own guilt, not the director's intention.

The key here is the misunderstanding. The director's innocent offer to help is misinterpreted by Sanne as a reprimand. She's projecting her own awareness of the rule onto the director's actions. That's why she blurts out about doing her assignments first, even though the director had no idea about that condition.

I should explain that Sanne's response is driven by her fear of being caught, not the director's actual knowledge. The director's surprise comes from her unexpected mention of assignments, which he wasn't aware of. So the answer should highlight her guilt and mistaken assumption leading to her reaction.",,,2.0,True
SS_6sarcasm,You will be asked a question. Please respond to it as accurately as possible without using many words.,"Bram's mother cooked for a very long time to make Bram's favorite dish: fish and chips. But when she brings it to Bram, he is watching TV. He doesn't even look up or say thank you. Bram's mother is angry and says, ""Well that's very nice! That's what I call politeness!”
Is it true what Bram’s mother says?",False ,No. Bram's mother uses sarcasm to criticize his rudeness (he ignored her and didn't thank her). Her statement means the opposite: his behavior was *not* polite.,"Okay, let's see. The question is whether Bram's mother is telling the truth when she sarcastically says, ""Well that's very nice! That's what I call politeness!"" after Bram ignores her.

First, I need to understand the context. Bram's mom spent a long time cooking his favorite meal, which shows she put in effort and care. When she brings it to him, he's watching TV and doesn't look up or say thank you. That's rude behavior from Bram. His mother's response is clearly sarcastic because she's upset. She's pointing out his lack of politeness. So, when she says ""That's what I call politeness!"" she actually means the opposite—he's being impolite. Therefore, her statement isn't true in a literal sense, but she's using sarcasm to highlight his rudeness. So the answer would be no, it's not true because she's being sarcastic; Bram was impolite.",Why does Bram's mother say this?,,"Bram's mother uses sarcasm to highlight his rudeness (ignoring her, not thanking her). She means the opposite: his behavior was *impolite*.","Okay, the user is asking why Bram's mother says ""Well that's very nice! That's what I call politeness!"" even though Bram was being rude.

First, I need to recall that in the previous interaction, I explained that the mother is using sarcasm. The user probably wants a deeper understanding of why sarcasm was used here.

So, the mother is upset because Bram ignored her and didn't thank her. Sarcasm is often used to point out the opposite of what's being said. By saying his behavior is polite when it's clearly not, she's highlighting his rudeness.

I should make sure to explain that her words are meant to criticize Bram indirectly. Maybe the user is a younger person learning about social cues or sarcasm. They might not immediately get why someone would say the opposite of what they mean.

Also, it's important to mention that the mother's intention is to make Bram realize his mistake without directly stating it. Sarcasm here serves to emphasize the contrast between expected politeness and his actual behavior.

I should keep the answer concise, as the user prefers short responses, but still clear. Reiterate that the mother's statement is sarcastic and points out his lack of gratitude and attention.",,,0.0,True
SS_6sarcasm,You will be asked a question. Please respond to it as accurately as possible without using many words.,"Kim's father cooked for a very long time to make Kim's favourite dish: dumplings and rice. But when he brings it to Kim, she is watching TV. She doesn't even look up or say thank you. Kim’s father is angry and says, ""Well that's very nice! That's what I call politeness!""
Is it true what Kim’s father says?",False ,"No. Kim's father uses sarcasm; Kim's lack of gratitude is impolite, so his statement (""That's what I call politeness!"") is not true.","Okay, let's tackle this question. So, the situation is Kim's father spent a long time cooking her favorite meal, dumplings and rice. He brings it to her, but she's watching TV and doesn't look up or say thank you. He gets angry and sarcastically says, ""Well that's very nice! That's what I call politeness!"" The question is whether what Kim's father said is true.

First, I need to understand the context. The father is upset because Kim didn't acknowledge his effort. His statement is clearly sarcastic. When someone uses sarcasm, they often mean the opposite of what they're saying. So, ""That's what I call politeness!"" isn't a genuine compliment; he's pointing out that she's being impolite.

Now, is it true? The father is being sarcastic, so the literal words are not true. Kim wasn't polite; she ignored him and didn't thank him. So the father's statement is ironic, highlighting her lack of politeness. Therefore, the answer would be no, it's not true because he's using sarcasm to express that her behavior was rude.

Wait, but the question is phrased as ""Is it true what Kim’s father says?"" So, the father's statement is sarcastic, meaning the opposite. So the truth is the opposite of his words. Therefore, his statement is not true because he's being sarcastic. The correct answer is no, it's not true because Kim was impolite, and her father is ironically pointing that out.",Why does Kim’s father say this?,,Kim's father uses sarcasm to criticize her rudeness (not acknowledging his effort) and express his frustration/anger.,"Okay, the user is asking why Kim's father says ""That's what I call politeness!"" when he's clearly upset. Let me start by recalling the previous conversation. The user had asked if the father's statement was true, and the response was that it's sarcasm because Kim was impolite.

Now, the user is digging deeper into the father's motivation. They want to understand the underlying reason for the sarcastic remark. I need to explain that the father is using sarcasm to highlight Kim's rudeness. He's not actually complimenting her; he's pointing out her lack of gratitude and manners.

I should make sure the answer is concise, as the user prefers short responses. The key points are: sarcasm, highlighting the impoliteness, and expressing his anger or disappointment. Maybe mention that it's a way to criticize without being direct.

Wait, the user might also be looking for the emotional aspect. The father is hurt that Kim ignored his effort, so his sarcasm is a way to express that hurt. But since the previous answer already mentioned anger, I should tie it back to that. 

So the answer needs to connect the sarcasm to pointing out her rudeness and his feelings. Let me check if there's any cultural context, but the original story doesn't mention it. Stick to the given information. 

Avoid using complex terms. Keep it simple: he's using sarcasm because she was rude, and he's upset. That's the core. Maybe structure it as ""He uses sarcasm to criticize her rudeness and express his anger."" That's clear and to the point.",,,1.0,True
SS_6sarcasm,You will be asked a question. Please respond to it as accurately as possible without using many words.,"Kim promised her father to help clean the kitchen. She first cleaned the sink and then all the doors of the cabinets. She thought it would be a good idea to also clean the cabinets from the inside. When she opened one of them, a pack flour fell out of it on the ground. It exploded and flour was everywhere. At that point, Kim's father entered the kitchen. He said: ""Wow, everything is so clean now!"" 
Is it true what Kim's father says?",True ,"No. The flour spill created a mess, so the kitchen isn't entirely clean. Kim's father may be sarcastic or overlooking the new mess.","Okay, let's see. The question is whether Kim's father is telling the truth when he says, ""Wow, everything is so clean now!"" after the flour pack exploded.

So, Kim was supposed to clean the kitchen. She cleaned the sink, then the cabinet doors, and then decided to clean the inside of the cabinets. When she opened one cabinet, a pack of flour fell out, exploded, and got flour everywhere. Then her dad walks in and says everything is clean. 

Hmm. At first glance, the flour explosion would make a mess, right? Flour all over the floor, maybe countertops, etc. But Kim had cleaned the sink, doors, and was working on the cabinets. So maybe the cabinets' insides are now clean because she was cleaning them, but the flour spill would make the floor or other areas messy. 

But the father's comment is sarcastic or ironic? Because flour everywhere isn't clean. Or maybe he's referring to the parts she did clean (sink, doors, inside cabinets) and ignoring the flour mess. But the question is if his statement is true. If the flour is all over, then the kitchen isn't entirely clean. So his statement is false, but he might be saying it sarcastically. But the question is about the truth of the statement, not the intent. So the answer is no, it's not true because the flour made a mess. But wait, maybe the flour was already in the cabinet, so by cleaning the inside, she might have caused the spill, but the cabinets are now clean. But the floor is covered in flour. So the overall kitchen is not clean. Therefore, the father's statement is not accurate. So the answer should be no, it's not true.",Why does Kim’s father say this?,,"Kim’s father likely says this **sarcastically** or humorously, acknowledging her effort while pointing out the new mess from the flour explosion. It highlights the irony of her attempt to clean leading to chaos.","Okay, so the user is asking why Kim's father says ""Wow, everything is so clean now!"" after the flour spill. Let me recall the previous conversation.

In the story, Kim was cleaning the kitchen, starting with the sink and cabinet doors. Then she decided to clean inside the cabinets, which caused a flour pack to fall and explode, making a mess. When her father walks in, he makes that comment.

The user already knows that the father's statement isn't true because the flour made a mess. Now they're asking why he said that. The answer needs to explain the father's possible intention. 

In the first response, I mentioned sarcasm or overlooking the mess. But maybe there's more nuance. The father could be using sarcasm to point out the irony—Kim tried to clean but ended up making a bigger mess. Alternatively, he might be trying to be humorous or lighten the mood instead of getting upset. Another angle is that he appreciates her effort despite the accident. 

I need to make sure the answer is concise, as the user prefers short answers. But I should cover the main possibilities: sarcasm, humor, or acknowledging her effort while noticing the mess. Also, check if there's any cultural context or typical parental reactions here. Parents sometimes use sarcastic remarks in such situations to teach a lesson without being harsh. 

Wait, the original answer mentioned sarcasm or overlooking the mess. But the user is now asking ""why,"" so maybe the father's intention is to be sarcastic, implying the opposite because of the flour mess. Or maybe he's trying to be supportive despite the accident. Which is more likely? The father's comment is right after the flour explosion, so he's probably reacting to the visible mess. Sarcasm makes sense here as a way to humorously point out the mess. Alternatively, he might be trying to make Kim feel better by focusing on the parts she did clean. 

But given the situation, sarcasm is the more common reaction. So the answer should highlight that the father is being sarcastic because the flour made a mess, even though Kim cleaned other parts. Maybe also mention humor or irony. 

Need to ensure the answer is brief. Let me structure it: Possible reasons are sarcasm, humor, or emphasizing the mess. Best to combine them concisely.",,,2.0,True
SS7_dubblebluff,You will be asked a question. Please respond to it as accurately as possible without using many words.,"During the war, the Red Army kidnaps someone from the Blue Army. They want the prisoner to tell them where his army's tanks are. The Red Army knows they must be either by the sea or by the mountains. The Red Army also knows that whoever they kidnapped doesn't want to say anything because he wants to save his own Blue Army. So the prisoner will surely lie to them. The prisoner is very smart and brave and does not want to let them find the tanks. The tanks are in the mountains. The Red Army asks the prisoner where the tanks are. He says, ""They are in the mountains.""
Is it true what the prisoner says?",True ,"Yes, the prisoner's statement is true. The tanks are indeed in the mountains. However, because the Red Army expects him to lie, they will disbelieve his answer and search the sea instead. The prisoner used the truth strategically to protect the tanks, relying on the Red Army's assumption that he would lie.","Okay, let's break this down. The Red Army captures someone from the Blue Army and wants to know where the tanks are—either by the sea or mountains. The prisoner is loyal to the Blue Army and will lie. The actual location is the mountains. When asked, the prisoner says, ""They are in the mountains."" But since he lies, his answer must be false. So if the truth is mountains, his lie would be the opposite, which is sea. But he said mountains. Wait, that's a contradiction. Hmm, maybe the prisoner is using reverse psychology. If he tells the truth, the Red Army would think he's lying and go to the sea. But since he knows they expect a lie, he tells the truth so they disbelieve him and choose the opposite. But the actual answer is mountains. So by telling the truth, the Red Army might think he's lying and check the sea, but the tanks are in the mountains. Therefore, the prisoner's statement is actually true, but because he's a liar, he told the truth to mislead them into thinking it's a lie. So the answer is yes, he's telling the truth, but the Red Army would think he's lying. Wait, but the question is simply whether his statement is true. The tanks are in the mountains, and he said mountains. But since he always lies, his answer should be false. But here, he told the truth. That's a paradox. Wait, the problem states that the prisoner will ""surely lie."" So his answer must be false. However, if the actual location is mountains, and he lies, he should say sea. But he said mountains. So that's a contradiction. Unless the problem is a trick question. Maybe the prisoner is lying by telling the truth, knowing that the Red Army would think he's lying. So even though he says mountains, which is true, the Red Army would disbelieve him and go to the sea. But the question is just asking if what he said is true. The facts are that the tanks are in the mountains, and he said mountains. But he's supposed to lie. Therefore, his statement is a lie. Wait, that doesn't make sense. If the truth is mountains, a lie would be sea. But he said mountains. So his statement is actually truthful, which contradicts the premise that he must lie. Therefore, there's a contradiction here. Maybe the answer is no, because he's supposed to lie, but he told the truth. But the problem states that he's very smart and doesn't want them to find the tanks. If he tells the truth, the Red Army might think he's lying and go to the sea, thus not finding the tanks. So in that case, his lie is effective by telling the truth. But the question is whether his statement is true. The factual answer is yes, the tanks are in the mountains. But since he's supposed to lie, his answer is a lie. Wait, but how can a true statement be a lie? Unless the lie is in the intention to deceive, not the content. But logically, if he's compelled to lie, then his statement should be false. Therefore, his answer ""mountains"" is a lie, meaning the truth is sea. But the problem states the truth is mountains. This seems like a paradox. But the problem setup might have a trick. The key is that the prisoner is smart and wants to prevent them from finding the tanks. If he tells the truth, the Red Army, knowing he lies, will go to the sea. Thus, the tanks are safe. Therefore, his statement is true, but he uses it as a lie because the Red Army expects a lie. So the answer is yes, he's telling the truth, but his intention is to deceive. However, the question is simply whether his statement is true. The answer should be yes because the tanks are indeed in the mountains. But the prisoner is supposed to lie. Therefore, the answer is no, because he lied, but in this case, the lie would have to be ""sea,"" but he said ""mountains."" Wait, this is confusing. Let me try again.

Facts:
- Tanks are in the mountains.
- Prisoner must lie.
- Red Army asks where the tanks are.
- Prisoner says ""mountains.""

Since the prisoner must lie, his answer must be the opposite of the truth. But the truth is mountains, so the lie should be sea. However, he said mountains. Therefore, he told the truth, which contradicts the premise that he must lie. Therefore, the answer is no, he's lying. Wait, but he told the truth. There's a contradiction here. Unless the problem is designed such that the prisoner, being smart, tells the truth knowing that the Red Army will think he's lying. Therefore, his statement is true, but the Red Army disbelieves it. So the answer is yes, he's telling the truth. But the problem states that he ""surely lie,"" so he must be lying. But the truth is mountains, so his lie would be sea. Therefore, the prisoner's answer should be sea, but he said mountains. Therefore, there's a contradiction. Unless the problem is testing that even though he says the truth, it's considered a lie because of his intent. But logically, the statement's truth value is based on the facts. Therefore, the answer is yes, the statement is true, but since he's a liar, he intended to deceive by telling the truth, knowing they'd disbelieve. But the question is simply asking if what he said is true. So the answer is yes.",Why does the prisoner say this?,,"The prisoner lies by telling the truth, knowing the Red Army will assume he's lying and search the opposite location (sea). This protects the actual mountain position.","Okay, let's see. The user asked why the prisoner says the tanks are in the mountains when that's actually true.

In the previous exchange, I explained that the prisoner tells the truth knowing the Red Army expects a lie. So they'll disbelieve him and check the sea, leaving the mountains safe.

The user now wants to understand the prisoner's reasoning. They might be confirming if the prisoner's strategy is reverse psychology. Since the prisoner is smart and knows he's expected to lie, telling the truth tricks the enemy. The key point is the Red Army's assumption that he'll lie, so the truth becomes an effective lie. Need to make sure the answer is concise but covers the strategy and the outcome. Avoid adding extra details, just explain the logic.",,,0.0,True
SS7_dubblebluff,You will be asked a question. Please respond to it as accurately as possible without using many words.,"During the war, the Roman Army kidnaps someone from the Greek Army. They want the prisoner to tell them where his army's armour supplies are. The Roman Army knows they must be either in the mountains or by the sea. The Roman Army also knows that whoever they kidnapped doesn't want to say anything because he wants to save his own Greek Army. So the prisoner will surely lie to them. The prisoner is very smart and brave and does not want to let them find the armour supplies. The armour supplies are near the sea. The Roman Army asks the prisoner where the armour supplies are. He says, ""They are near the sea.""
Is it true what the prisoner says?",Shed,"Yes. The prisoner, knowing the Romans expect a lie, tells the truth (""near the sea""). The Romans, assuming he lies, will search the mountains instead. Thus, his truthful answer misleads them, achieving his goal.","Okay, so the question is about a Roman soldier who captured a Greek soldier and wants to find out where the Greek army's armor supplies are. The Romans know the supplies are either in the mountains or by the sea. The Greek prisoner is loyal and will lie to protect his army. The actual location is by the sea. When asked, the prisoner says, ""They are near the sea."" The question is whether the prisoner's statement is true.

First, let's break down the facts. The prisoner is from the Greek army and is captured by the Romans. He's smart and brave, so he's going to lie to protect his army's supplies. The Romans know that the supplies are either in the mountains or by the sea. The actual location is the sea. So when the prisoner says ""They are near the sea,"" we have to determine if that's a lie or the truth, considering he always lies.

Since the prisoner lies, if the real location is the sea, he would want to mislead the Romans. If he tells the truth, the Romans would go to the sea and find the supplies. But since he's lying, he would say the opposite. But wait, the options are mountains or sea. If the real location is the sea, lying would mean he says mountains. However, he said sea. Therefore, his statement is a lie because the truth is sea, but he's supposed to lie. Wait, that doesn't make sense. If the truth is sea, and he lies, he would say mountains. But he said sea, so that would be the truth. But he's supposed to lie. Therefore, the answer would be that he's telling the truth, but since he's a liar, the Romans would think he's lying and go to the mountains. But the actual supplies are at the sea, so the prisoner's statement is actually true, but he intended to lie. Wait, but how?

Wait, maybe I need to think again. The prisoner knows the supplies are at the sea. He wants the Romans to go to the wrong place, so he lies. If he says ""mountains,"" the Romans might check there, but since he's known to lie, maybe the Romans would invert his answer. But in this scenario, the Romans know he's going to lie. So if he says sea, they would think the truth is mountains. But the actual location is sea, so the prisoner is telling the truth here, which would be against his intention. But since he's a liar, he can't tell the truth. Wait, but he's forced to answer. So if the truth is sea, and he lies, he must say mountains. But he said sea. Therefore, there's a contradiction. Therefore, the answer is that the prisoner is lying, but because the actual location is sea, his lie would be to say mountains, but he said sea, which is the truth. Therefore, perhaps he's telling the truth, which is not possible because he's supposed to lie. Therefore, this is a paradox.

Wait, no. Let me clarify. The prisoner's goal is to prevent the Romans from finding the supplies. Since the supplies are at the sea, if he tells the truth, the Romans go there. But since he's supposed to lie, he must say the opposite. So the lie would be mountains. But he said sea. Therefore, he's telling the truth, which contradicts his intention to lie. So this seems contradictory. But maybe the prisoner is using reverse psychology. Since the Romans know he lies, if he says sea, they would think it's actually mountains, but the real location is sea, so the Romans would go to mountains and not find it. Therefore, the prisoner's statement is a lie because he wants them to go to mountains by saying sea, knowing they will invert it. But since the actual location is sea, his lie is effective. Wait, but in that case, his statement is true, but the Romans think he's lying, so they go to mountains. Therefore, the prisoner's answer is truthful, but it's a trick to make the Romans disbelieve him. So the answer would be that the prisoner is telling the truth, but the Romans, expecting a lie, think it's a lie and go to the mountains, thus the prisoner successfully lied by telling the truth. Therefore, in this case, the prisoner's statement is actually true, but because he's known to lie, the Romans don't believe him. Therefore, the answer is yes, what the prisoner says is true, but he intended it to be a lie because he knew the Romans would think he's lying.",Why does the prisoner say this?,,"The prisoner tells the truth (""near the sea"") knowing the Romans expect a lie. This causes them to search the mountains instead, protecting the actual sea location. His answer exploits their distrust to mislead them.  

**Answer:** To trick the Romans into searching the mountains.","Okay, let's break this down. The question is about why the prisoner told the Romans that the armor supplies are near the sea when they actually are there. The prisoner is from the Greek army and wants to protect his supplies. The Romans know he's going to lie because he's loyal. So, if the prisoner says ""near the sea,"" which is the truth, the Romans would expect him to lie and therefore think the real location is the mountains. But wait, if the prisoner tells the truth, the Romans would check the mountains, right? But since the supplies are actually at the sea, the Romans would go to the mountains and not find them, thus the Greeks keep their supplies safe.

But maybe I should consider if there's a twist here. Like, is the prisoner using reverse psychology? The Romans expect a lie, so he tells the truth to mislead them. But the answer given before says that the prisoner tells the truth because he knows they'll think he's lying. So the logic is that by telling the truth, he tricks them into going to the wrong place. That makes sense. The key here is understanding that the prisoner is smart and knows the Romans will doubt his answer. So he uses their expectation against them. Therefore, his truthful statement is actually a lie in the context of their expectations. Wait, but the answer said he tells the truth. Hmm. The supplies are at the sea, he says sea, but Romans think he's lying, so they go to mountains. Therefore, his truthful answer leads them away. So the reason he says sea is because he knows they'll disbelieve him and check the opposite. So the answer is that he tells the truth so the Romans think he's lying and go to the mountains, leaving the actual sea location safe. Therefore, the prisoner's statement is a strategic truth to misdirect. That's the reasoning here. I need to confirm if that's correct. The key points are: the prisoner lies by telling the truth, knowing the Romans will invert his answer. So he uses their expectation of a lie to his advantage. Yes, that's the logic.",,,1.0,True
SS7_dubblebluff,You will be asked a question. Please respond to it as accurately as possible without using many words.,"Jip plays hide and seek with his friends. He has to quickly choose where to hide, behind the tree or the shed. If Jip is found immediately, he has lost. You can hide better behind the shed, so that's the best place. But whoever has to look for him probably thinks so too. Jip is very smart: he hides behind the shed after all!
Where does Jip hide?",Yes,"Jip hides behind the shed. Although the seeker might expect it, the shed's superior hiding advantage outweighs the risk of being checked first. Even if the seeker looks there, the shed's concealment makes immediate detection less likely than at the tree. Thus, Jip optimizes his chances by choosing the objectively better spot despite its obviousness. 

**Answer:** Behind the shed.","Okay, let me try to figure this out. So, Jip is playing hide and seek with his friends. He has to choose between hiding behind the tree or the shed. The problem says that if he's found immediately, he loses. Now, the shed is a better hiding spot because you can hide better there. But the person seeking him probably knows that too, right? So the seeker might check the shed first since it's the obvious better choice.

But wait, Jip is very smart. He might be thinking that the seeker expects him to go to the shed because it's better. So maybe he should hide behind the tree instead, to outsmart them. But the answer given is that he hides behind the shed after all. Hmm. Let me think again.

Oh, maybe it's a case of second-level thinking. Like, if the seeker thinks Jip will avoid the shed because it's too obvious, then the shed becomes a good spot again. So Jip, being smart, realizes that the seeker might overthink and check the tree first, thinking he's trying to trick them. Therefore, Jip chooses the shed because the seeker expects him to avoid it, but actually, he uses the reverse psychology. Wait, but the original statement says ""whoever has to look for him probably thinks so too,"" meaning the seeker also knows the shed is better. So if both think the shed is better, the seeker will check there first, leading to Jip being found. But the answer says he hides behind the shed. Maybe there's a miscalculation here. Or perhaps the key is that even though the shed is the better spot and the seeker knows it, Jip still uses it because maybe the shed's advantage in hiding is so great that even if the seeker checks there first, Jip is still harder to find. Alternatively, maybe the problem is simplified, and the correct answer is the shed because despite the risk, it's the best spot. But the answer given is the shed. So the reasoning is that even though the seeker might check there, Jip is smart enough to know that hiding there is still the best choice. Wait, but the problem states that if he's found immediately, he loses. So the shed is better for hiding, but the seeker might look there first. So the solution might involve game theory where the optimal strategy is to choose the shed because even with the higher chance of the seeker looking there, the hiding advantage outweighs that risk. Or maybe the problem is more straightforward: ""You can hide better behind the shed, so that's the best place."" But the seeker thinks so too. However, Jip is smart and hides there anyway. Maybe because despite being the obvious choice, the hiding quality is so much better that the increased difficulty in being found even if checked first makes it better. For example, maybe behind the shed, even if the seeker looks there, Jip is well-hidden enough that the seeker might not spot him quickly. Whereas the tree is easier to check and find. So the answer is the shed. Yeah, that makes sense. The key is that the shed offers better concealment, so even if the seeker checks there first, Jip is less likely to be found immediately compared to the tree. So the answer is behind the shed.",Jip realizes that the others will also think that the shed is the best place. Why does he hide behind it?,,"**Answer:** Because the shed's superior concealment reduces detection risk even if checked, outweighing the tree's lower expectation. Optimal hiding trumps predictability.","Okay, let's see. The user is asking why Jip hides behind the shed even though he knows others think it's the best spot.

First, I remember the previous question where Jip chose the shed because it's a better hiding place despite being obvious. The user is now digging deeper into the reasoning. They want to know why Jip would still choose the shed when the seekers are likely to check there first.

Hmm, so the key here is game theory, maybe a Nash equilibrium concept. In hide and seek, if the shed is so good that even if the seeker checks there first, the hider's chances are still better. Alternatively, maybe Jip is using the fact that the seekers might overthink and check the tree first, thinking he wouldn't choose the obvious spot. But the answer before mentioned that the shed's concealment makes detection less likely even if checked.

Wait, the previous answer said that the shed's advantage outweighs the risk. So even if the seeker checks the shed first, the hiding spot is so good that Jip might not be found immediately. The tree, while maybe less expected, is worse for hiding. So Jip's logic is that the better hiding quality of the shed compensates for its obviousness. It's a balance between the probability of the seeker looking there and the probability of being found if they do.

So the answer should emphasize that despite being the obvious choice, the shed's superior concealment means that even if checked, he's less likely to be spotted quickly. Therefore, the optimal strategy is to pick the better hiding spot even if it's more expected. Maybe the tree is easier to check and find him, so even if the shed is checked first, his chances are better there.

I need to make sure I don't repeat the previous answer but clarify the reasoning further. The user is asking for the ""why"" behind the decision, considering that others think the shed is best. So Jip is making a calculated decision that the shed's hiding quality is so much better that it's worth the risk of being checked first. The tree might be checked second, but if he's there, he's easier to find. So the shed offers a higher chance of not being found even when checked.",,,2.0,True
H_1,You will be provided a story. At the end there is a yes/no question. Please answer as accurately as possible.,"Meet Sam and Helen. Sam just moved here. Helen: Hi, you're Sam, aren't you? I'm Helen, I'm in the same class as you. Sam: Oh, hey Helen! How are you? Helen: Fine thanks. Are you settling in OK? Sam: Yeah I'm gradually finding my way around, thanks. Hey, you don't happen to know where I can find the nearest store to buy some post stamps? I need to send a card to my granny. Helen: Oh, that's sweet of you. Sam: Yeah but it’s her birthday tomorrow and I can't see her myself, so I'm kind of worried that it’s not going to get there on time. So I really need to send it today but I don't know where to find a store nearby. Helen: Uhm, I think there is one on Chestnut Street, so if you go down to the end of this street and turn left, then it's about half a block down on the left. Sam: Thanks! Helen: No problem. Here’s Sam again. Later Sam meets his friend Pete. Sam: Hi Pete, how are you? Pete: Oh hi Sam how are you? Sam: Yeah, I'm OK. Pete: You don't sound so happy. What's up? Sam: Oh, I'm just a bit annoyed. I was really hoping to send a card to my granny, so I was looking for a store where they would sell post stamps. So I asked Helen, you know her, right? She is in our class. Pete: Yeah, I know Helen! Sam: Well, I asked Helen where I could buy post stamps. She told me there was a store on Chestnut Street. But when I got there, there was a big sign on the door saying it had moved to Bold Street. So I raced over to Bold Street, but I didn't make it on time, the store was already closed. Pete: No way! Sam: Yeah. So now my granny won't get her birthday card on time and I know she'll be really disappointed. Sam: Hey, I've heard that Helen is a bit of a joker. Do you think she would send me to the wrong place on purpose? Pete: Well, did she know how important it was to send the card today? Sam: Yeah I told her it was for granny's birthday tomorrow. Pete: Then I think she probably wouldn't have been deliberately trying to trick you. It was probably an honest mistake.
Helen: Pete and I are classmates. Is this correct?",No,"Yes. 

In the story, Helen tells Sam, ""I'm in the same class as you,"" and later, Sam confirms to Pete that Helen is in ""our class"" (referring to Sam and Pete's shared class). Pete also acknowledges knowing Helen. Therefore, Helen and Pete are classmates.","Okay, let me try to figure this out. The question is whether Helen and Pete are classmates. Let me go back to the story to check.

First, when Sam meets Helen, she says, ""I'm in the same class as you."" So Helen is in the same class as Sam. Then later, Sam meets Pete and mentions, ""I asked Helen, you know her, right? She is in our class."" Pete responds, ""Yeah, I know Helen!"" So when Sam says ""our class,"" he's referring to himself and Pete. Since Helen is in the same class as Sam, and Pete is also in Sam's class, that means Helen and Pete are in the same class together. 

Also, at the end, Helen says, ""Pete and I are classmates."" But wait, the actual story never shows Helen saying that. Wait, no, the user provided the story, and the final line is ""Helen: Pete and I are classmates. Is this correct?"" Wait, no, let me check again. The story ends with Pete and Sam talking, and then the question is ""Helen: Pete and I are classmates. Is this correct?""

Wait, in the story, Helen tells Sam she's in the same class as Sam. Then later, when Sam talks to Pete, he says Helen is in ""our class,"" meaning Sam and Pete's class. Pete confirms he knows Helen. So if Sam and Pete are in the same class, and Helen is in Sam's class, then Helen and Pete are classmates. So the answer would be yes.",,,,,1.0,M,,True
H_1,You will be provided a story. At the end there is a yes/no question. Please answer as accurately as possible.,"Meet Sam and Helen. Sam just moved here. Helen: Hi, you're Sam, aren't you? I'm Helen, I'm in the same class as you. Sam: Oh, hey Helen! How are you? Helen: Fine thanks. Are you settling in OK? Sam: Yeah I'm gradually finding my way around, thanks. Hey, you don't happen to know where I can find the nearest store to buy some post stamps? I need to send a card to my granny. Helen: Oh, that's sweet of you. Sam: Yeah but it’s her birthday tomorrow and I can't see her myself, so I'm kind of worried that it’s not going to get there on time. So I really need to send it today but I don't know where to find a store nearby. Helen: Uhm, I think there is one on Chestnut Street, so if you go down to the end of this street and turn left, then it's about half a block down on the left. Sam: Thanks! Helen: No problem. Here’s Sam again. Later Sam meets his friend Pete. Sam: Hi Pete, how are you? Pete: Oh hi Sam how are you? Sam: Yeah, I'm OK. Pete: You don't sound so happy. What's up? Sam: Oh, I'm just a bit annoyed. I was really hoping to send a card to my granny, so I was looking for a store where they would sell post stamps. So I asked Helen, you know her, right? She is in our class. Pete: Yeah, I know Helen! Sam: Well, I asked Helen where I could buy post stamps. She told me there was a store on Chestnut Street. But when I got there, there was a big sign on the door saying it had moved to Bold Street. So I raced over to Bold Street, but I didn't make it on time, the store was already closed. Pete: No way! Sam: Yeah. So now my granny won't get her birthday card on time and I know she'll be really disappointed. Sam: Hey, I've heard that Helen is a bit of a joker. Do you think she would send me to the wrong place on purpose? Pete: Well, did she know how important it was to send the card today? Sam: Yeah I told her it was for granny's birthday tomorrow. Pete: Then I think she probably wouldn't have been deliberately trying to trick you. It was probably an honest mistake.
Granny: It is my birthday today. Is this correct?",Yes,"Yes. In the story, Sam mentions that his granny's birthday is tomorrow when he speaks to Helen. However, when Granny says, ""It is my birthday today,"" this indicates that the timeline has progressed to the actual birthday day. Since Sam failed to send the card on time the previous day (the day he spoke to Helen and Pete), Granny’s statement aligns with the birthday occurring ""today"" now.","Okay, let's see. The story is about Sam trying to send a birthday card to his granny. He just moved there and asked Helen where to buy stamps. Helen directed him to Chestnut Street, but when Sam got there, the store had moved to Bold Street. He went to Bold Street but it was closed, so he couldn't send the card on time. Sam wonders if Helen tricked him on purpose, but Pete thinks it was an honest mistake.

The question is from Granny: ""It is my birthday today. Is this correct?"" So, we need to check if the birthday is today. Let's look at the timeline. Sam told Helen that Granny's birthday is tomorrow. He needed to send the card that day (the day he talked to Helen) so it would arrive on time. Then, later when he meets Pete, he's upset because the store was closed. The next day would be Granny's birthday. But Granny says, ""It is my birthday today."" So, if Sam was trying to send the card the day before her birthday, and Granny is speaking on the day of her birthday, then yes, her birthday is today. The story mentions that Sam wanted the card to arrive on time for her birthday tomorrow, which would be the day after he sent it. But since he failed, the next day would be the birthday. So when Granny says ""today,"" that's correct.",,,,,1.0,M,,False
H_1,You will be provided a story. At the end there is a yes/no question. Please answer as accurately as possible.,"Meet Sam and Helen. Sam just moved here. Helen: Hi, you're Sam, aren't you? I'm Helen, I'm in the same class as you. Sam: Oh, hey Helen! How are you? Helen: Fine thanks. Are you settling in OK? Sam: Yeah I'm gradually finding my way around, thanks. Hey, you don't happen to know where I can find the nearest store to buy some post stamps? I need to send a card to my granny. Helen: Oh, that's sweet of you. Sam: Yeah but it’s her birthday tomorrow and I can't see her myself, so I'm kind of worried that it’s not going to get there on time. So I really need to send it today but I don't know where to find a store nearby. Helen: Uhm, I think there is one on Chestnut Street, so if you go down to the end of this street and turn left, then it's about half a block down on the left. Sam: Thanks! Helen: No problem. Here’s Sam again. Later Sam meets his friend Pete. Sam: Hi Pete, how are you? Pete: Oh hi Sam how are you? Sam: Yeah, I'm OK. Pete: You don't sound so happy. What's up? Sam: Oh, I'm just a bit annoyed. I was really hoping to send a card to my granny, so I was looking for a store where they would sell post stamps. So I asked Helen, you know her, right? She is in our class. Pete: Yeah, I know Helen! Sam: Well, I asked Helen where I could buy post stamps. She told me there was a store on Chestnut Street. But when I got there, there was a big sign on the door saying it had moved to Bold Street. So I raced over to Bold Street, but I didn't make it on time, the store was already closed. Pete: No way! Sam: Yeah. So now my granny won't get her birthday card on time and I know she'll be really disappointed. Sam: Hey, I've heard that Helen is a bit of a joker. Do you think she would send me to the wrong place on purpose? Pete: Well, did she know how important it was to send the card today? Sam: Yeah I told her it was for granny's birthday tomorrow. Pete: Then I think she probably wouldn't have been deliberately trying to trick you. It was probably an honest mistake.
Sam: I just moved here and my granny's birthday is coming up. Is this correct?",No,"Yes. The story states that Sam just moved here and that his granny's birthday is the next day, which qualifies as ""coming up."" Both parts of the statement are explicitly confirmed in the narrative.","Okay, let's try to figure this out. The question is asking whether the statement ""Sam just moved here and his granny's birthday is coming up"" is correct based on the story provided.

First, let's break down the story. Sam meets Helen, who is in the same class. Sam mentions he just moved here, which is confirmed when he says, ""Sam just moved here."" Then Sam asks Helen for directions to a store to buy post stamps because he needs to send a card to his granny. He's worried because her birthday is tomorrow, and he wants it to arrive on time. Helen gives directions to Chestnut Street, but when Sam goes there, the store has moved to Bold Street, and he couldn't make it in time. Later, Sam talks to Pete and wonders if Helen tricked him on purpose. Pete thinks it was an honest mistake.

Now, the question is whether the two parts of the statement are correct: 1) Sam just moved here, and 2) his granny's birthday is coming up.

From the initial lines, it's clear that ""Sam just moved here"" is directly stated. So that's correct. Then, regarding the granny's birthday, Sam says, ""it's her birthday tomorrow,"" so the birthday is indeed coming up (tomorrow). Therefore, both parts of the statement are accurate based on the story. The confusion with the store location doesn't affect these facts. So the answer should be yes.",,,,,2.0,M,,True
H_1,You will be provided a story. At the end there is a yes/no question. Please answer as accurately as possible.,"Meet Sam and Helen. Sam just moved here. Helen: Hi, you're Sam, aren't you? I'm Helen, I'm in the same class as you. Sam: Oh, hey Helen! How are you? Helen: Fine thanks. Are you settling in OK? Sam: Yeah I'm gradually finding my way around, thanks. Hey, you don't happen to know where I can find the nearest store to buy some post stamps? I need to send a card to my granny. Helen: Oh, that's sweet of you. Sam: Yeah but it’s her birthday tomorrow and I can't see her myself, so I'm kind of worried that it’s not going to get there on time. So I really need to send it today but I don't know where to find a store nearby. Helen: Uhm, I think there is one on Chestnut Street, so if you go down to the end of this street and turn left, then it's about half a block down on the left. Sam: Thanks! Helen: No problem. Here’s Sam again. Later Sam meets his friend Pete. Sam: Hi Pete, how are you? Pete: Oh hi Sam how are you? Sam: Yeah, I'm OK. Pete: You don't sound so happy. What's up? Sam: Oh, I'm just a bit annoyed. I was really hoping to send a card to my granny, so I was looking for a store where they would sell post stamps. So I asked Helen, you know her, right? She is in our class. Pete: Yeah, I know Helen! Sam: Well, I asked Helen where I could buy post stamps. She told me there was a store on Chestnut Street. But when I got there, there was a big sign on the door saying it had moved to Bold Street. So I raced over to Bold Street, but I didn't make it on time, the store was already closed. Pete: No way! Sam: Yeah. So now my granny won't get her birthday card on time and I know she'll be really disappointed. Sam: Hey, I've heard that Helen is a bit of a joker. Do you think she would send me to the wrong place on purpose? Pete: Well, did she know how important it was to send the card today? Sam: Yeah I told her it was for granny's birthday tomorrow. Pete: Then I think she probably wouldn't have been deliberately trying to trick you. It was probably an honest mistake.
Sam: I asked where there was a shop that sells post stamps because I wanted to send a package. Is this correct?",Yes,"No. Sam initially told Helen he needed post stamps to send a birthday **card** to his granny, not a package. When recounting the event to Pete, Sam inaccurately states that his reason for needing stamps was to send a **package**, which contradicts his original purpose. Therefore, the statement is incorrect. 

**Answer:** No.","Okay, let me try to figure out the answer here. The question is whether Sam asked Helen where a shop sells post stamps because he wanted to send a package. First, I need to go back through the story and check the details.

So, Sam meets Helen and asks her about the nearest store to buy post stamps because he needs to send a birthday card to his granny. Helen directs him to Chestnut Street, but when Sam gets there, the store has moved to Bold Street. He goes there but it's closed. Later, Sam talks to Pete and wonders if Helen tricked him on purpose. Pete thinks it was an honest mistake. Then Sam says, ""I asked where there was a shop that sells post stamps because I wanted to send a package. Is this correct?""

Wait, the key point here is the reason Sam gave for needing the stamps. In the original conversation with Helen, Sam said he needed to send a card. But when he's talking to Pete, he mentions wanting to send a package. So the question is whether Sam's statement about the package is accurate based on the earlier conversation.

Looking back: Sam told Helen he needed to send a card to his granny. He specifically mentioned a card, not a package. So when he later tells Pete that he asked about stamps to send a package, that's incorrect. The original reason was a card, not a package. Therefore, Sam's statement to Pete is not correct because he mixed up the reason.",,,,,2.0,M,,True
H_1,You will be provided a story. At the end there is a yes/no question. Please answer as accurately as possible.,"Meet Sam and Helen. Sam just moved here. Helen: Hi, you're Sam, aren't you? I'm Helen, I'm in the same class as you. Sam: Oh, hey Helen! How are you? Helen: Fine thanks. Are you settling in OK? Sam: Yeah I'm gradually finding my way around, thanks. Hey, you don't happen to know where I can find the nearest store to buy some post stamps? I need to send a card to my granny. Helen: Oh, that's sweet of you. Sam: Yeah but it’s her birthday tomorrow and I can't see her myself, so I'm kind of worried that it’s not going to get there on time. So I really need to send it today but I don't know where to find a store nearby. Helen: Uhm, I think there is one on Chestnut Street, so if you go down to the end of this street and turn left, then it's about half a block down on the left. Sam: Thanks! Helen: No problem. Here’s Sam again. Later Sam meets his friend Pete. Sam: Hi Pete, how are you? Pete: Oh hi Sam how are you? Sam: Yeah, I'm OK. Pete: You don't sound so happy. What's up? Sam: Oh, I'm just a bit annoyed. I was really hoping to send a card to my granny, so I was looking for a store where they would sell post stamps. So I asked Helen, you know her, right? She is in our class. Pete: Yeah, I know Helen! Sam: Well, I asked Helen where I could buy post stamps. She told me there was a store on Chestnut Street. But when I got there, there was a big sign on the door saying it had moved to Bold Street. So I raced over to Bold Street, but I didn't make it on time, the store was already closed. Pete: No way! Sam: Yeah. So now my granny won't get her birthday card on time and I know she'll be really disappointed. Sam: Hey, I've heard that Helen is a bit of a joker. Do you think she would send me to the wrong place on purpose? Pete: Well, did she know how important it was to send the card today? Sam: Yeah I told her it was for granny's birthday tomorrow. Pete: Then I think she probably wouldn't have been deliberately trying to trick you. It was probably an honest mistake.
Sam: I believed Helen when she told me where the store was. Is this correct?",Yes,"Yes. Sam's belief in Helen's directions was correct because there is no evidence that Helen intentionally misled him. The store had moved without Helen's knowledge, as indicated by the sign, making her information outdated but not dishonest. Pete also concludes it was likely an honest mistake, especially since Helen knew the urgency and had no clear motive to deceive Sam. Therefore, trusting Helen was reasonable. 

**Answer:** Yes.","Okay, let me try to figure this out. So the story is about Sam, who just moved there, and Helen, who's in the same class. Sam needs to send a birthday card to his granny because her birthday is tomorrow, and he wants it to arrive on time. He asks Helen where the nearest store is to buy post stamps. Helen tells him to go to Chestnut Street, gives directions, and Sam goes there. But when he arrives, there's a sign saying the store moved to Bold Street. He rushes there but it's closed, so he can't send the card.

Later, Sam talks to Pete and wonders if Helen sent him to the wrong place on purpose because she's known as a joker. Pete asks if Helen knew how important it was, and Sam says he told her it was for his granny's birthday. Pete thinks it was probably an honest mistake. Now the question is: ""Sam: I believed Helen when she told me where the store was. Is this correct?""

So, the user wants to know if Sam's belief in Helen's directions was correct. The answer would be yes or no. But why? Let me break it down.

First, Helen gave directions to a store on Chestnut Street. Sam followed them, but the store had moved. The sign indicated that it moved, so Helen's information was outdated, not a lie. There's no indication that Helen knew the store had moved. She might have been there before and didn't know about the relocation. Also, when Sam tells Pete about Helen being a joker, Pete points out that since Sam told Helen how important it was, Helen probably didn't trick him on purpose. So, Helen's intent wasn't malicious; it was an honest mistake. Therefore, Sam was correct to believe Helen because she didn't intentionally mislead him. The error was due to the store moving, not Helen's dishonesty.",,,,,2.0,I,,True
H_1,You will be provided a story. At the end there is a yes/no question. Please answer as accurately as possible.,"Meet Sam and Helen. Sam just moved here. Helen: Hi, you're Sam, aren't you? I'm Helen, I'm in the same class as you. Sam: Oh, hey Helen! How are you? Helen: Fine thanks. Are you settling in OK? Sam: Yeah I'm gradually finding my way around, thanks. Hey, you don't happen to know where I can find the nearest store to buy some post stamps? I need to send a card to my granny. Helen: Oh, that's sweet of you. Sam: Yeah but it’s her birthday tomorrow and I can't see her myself, so I'm kind of worried that it’s not going to get there on time. So I really need to send it today but I don't know where to find a store nearby. Helen: Uhm, I think there is one on Chestnut Street, so if you go down to the end of this street and turn left, then it's about half a block down on the left. Sam: Thanks! Helen: No problem. Here’s Sam again. Later Sam meets his friend Pete. Sam: Hi Pete, how are you? Pete: Oh hi Sam how are you? Sam: Yeah, I'm OK. Pete: You don't sound so happy. What's up? Sam: Oh, I'm just a bit annoyed. I was really hoping to send a card to my granny, so I was looking for a store where they would sell post stamps. So I asked Helen, you know her, right? She is in our class. Pete: Yeah, I know Helen! Sam: Well, I asked Helen where I could buy post stamps. She told me there was a store on Chestnut Street. But when I got there, there was a big sign on the door saying it had moved to Bold Street. So I raced over to Bold Street, but I didn't make it on time, the store was already closed. Pete: No way! Sam: Yeah. So now my granny won't get her birthday card on time and I know she'll be really disappointed. Sam: Hey, I've heard that Helen is a bit of a joker. Do you think she would send me to the wrong place on purpose? Pete: Well, did she know how important it was to send the card today? Sam: Yeah I told her it was for granny's birthday tomorrow. Pete: Then I think she probably wouldn't have been deliberately trying to trick you. It was probably an honest mistake.
Sam: I couldn't send the card because when I arrived to the right store, it was already closed. Is this correct?",No,"Yes. Sam initially went to Chestnut Street based on Helen's directions, but the store had moved to Bold Street. After going to Bold Street (the correct location), he found it closed. Therefore, his statement that he couldn't send the card because the right store was already closed when he arrived is accurate. The closure of the correct store (Bold Street) directly caused the failure to send the card.","Okay, let's break this down. So Sam wanted to send a birthday card to his granny and needed stamps. He asked Helen where to buy them, and she directed him to a store on Chestnut Street. When Sam got there, the store had moved to Bold Street. He rushed to Bold Street, but it was already closed. Now he's wondering if Helen intentionally sent him to the wrong place.

The question at the end is: ""Sam: I couldn't send the card because when I arrived to the right store, it was already closed. Is this correct?""

First, I need to verify if Sam actually arrived at the correct store but found it closed. According to the story, Helen told him to go to Chestnut Street. When he went there, there was a sign saying the store had moved to Bold Street. So the original location (Chestnut Street) was wrong, but the new location (Bold Street) was the correct one. Sam then went to Bold Street but found it closed.

So Sam's statement is that he couldn't send the card because when he arrived at the right store (Bold Street), it was closed. But wait, Helen had directed him to the old location on Chestnut Street, which was wrong. The store had moved, so the right store is indeed Bold Street. Sam went there but it was closed. So the reason he couldn't send the card was twofold: first, he went to the wrong location (Chestnut) because of Helen's directions, then when he corrected to the right place (Bold), it was closed. However, Sam's statement implies that the primary reason was arriving at the right store too late. But the initial incorrect direction caused a delay, leading to him arriving at the correct store after closing. 

But the question is phrased as Sam saying, ""I couldn't send the card because when I arrived to the right store, it was already closed. Is this correct?""

So the key points: Did Sam arrive at the right store (yes, Bold Street), and was it closed (yes). Therefore, his statement is correct. The fact that he first went to the wrong store because of Helen's directions contributed to the delay, but the direct reason he couldn't send it was that the correct store was closed when he arrived. So the answer is yes, his statement is correct.",,,,,3.0,M,,True
H_1,You will be provided a story. At the end there is a yes/no question. Please answer as accurately as possible.,"Meet Sam and Helen. Sam just moved here. Helen: Hi, you're Sam, aren't you? I'm Helen, I'm in the same class as you. Sam: Oh, hey Helen! How are you? Helen: Fine thanks. Are you settling in OK? Sam: Yeah I'm gradually finding my way around, thanks. Hey, you don't happen to know where I can find the nearest store to buy some post stamps? I need to send a card to my granny. Helen: Oh, that's sweet of you. Sam: Yeah but it’s her birthday tomorrow and I can't see her myself, so I'm kind of worried that it’s not going to get there on time. So I really need to send it today but I don't know where to find a store nearby. Helen: Uhm, I think there is one on Chestnut Street, so if you go down to the end of this street and turn left, then it's about half a block down on the left. Sam: Thanks! Helen: No problem. Here’s Sam again. Later Sam meets his friend Pete. Sam: Hi Pete, how are you? Pete: Oh hi Sam how are you? Sam: Yeah, I'm OK. Pete: You don't sound so happy. What's up? Sam: Oh, I'm just a bit annoyed. I was really hoping to send a card to my granny, so I was looking for a store where they would sell post stamps. So I asked Helen, you know her, right? She is in our class. Pete: Yeah, I know Helen! Sam: Well, I asked Helen where I could buy post stamps. She told me there was a store on Chestnut Street. But when I got there, there was a big sign on the door saying it had moved to Bold Street. So I raced over to Bold Street, but I didn't make it on time, the store was already closed. Pete: No way! Sam: Yeah. So now my granny won't get her birthday card on time and I know she'll be really disappointed. Sam: Hey, I've heard that Helen is a bit of a joker. Do you think she would send me to the wrong place on purpose? Pete: Well, did she know how important it was to send the card today? Sam: Yeah I told her it was for granny's birthday tomorrow. Pete: Then I think she probably wouldn't have been deliberately trying to trick you. It was probably an honest mistake.
Sam: When I left Bold street, I went back to the school and talked to Helen. Is this correct?",Yes,"No. The story does not mention Sam going back to the school and talking to Helen after leaving Bold Street. Sam only interacts with Pete about the situation, and there is no indication in the narrative that he confronted Helen again. The final question posed by Sam (""Is this correct?"") refers to his own claim about returning to Helen, which is not supported by the events described.","Okay, let's start by understanding the story. Sam is new and needs to send a birthday card to his granny. He asks Helen where to buy stamps. Helen directs him to Chestnut Street. Sam goes there, finds out the store moved to Bold Street, rushes there but it's closed. He later wonders if Helen tricked him on purpose.

The question is whether Sam went back to school and talked to Helen after leaving Bold Street. Let me check the story again. The last part says: ""When I left Bold street, I went back to the school and talked to Helen. Is this correct?"" 

Looking at the conversation between Sam and Pete, after Sam explains what happened, he asks Pete if Helen would trick him. Pete says probably not. Then Sam says, ""When I left Bold street, I went back to the school and talked to Helen. Is this correct?"" Wait, is this part of the story or Sam's question? Let me parse the text again.

The story ends with Sam asking Pete, ""Hey, I've heard that Helen is a bit of a joker. Do you think she would send me to the wrong place on purpose?"" Pete responds, and then Sam says: ""When I left Bold street, I went back to the school and talked to Helen. Is this correct?"" So the user is asking if this statement by Sam is correct based on the story provided.

Wait, in the story, after Sam fails to get the stamps, he meets Pete and tells him about the incident. The story mentions Sam talking to Pete, but after that, the story says ""Here’s Sam again. Later Sam meets his friend Pete."" Then they have their conversation. Nowhere in the story does it mention Sam going back to talk to Helen again after leaving Bold Street. The only interaction Sam has with Helen is initially when he asks for directions. After the store is closed, he meets Pete and discusses the issue, but there's no mention of Sam returning to school to talk to Helen again. Therefore, the statement Sam makes at the end about going back to talk to Helen isn't described in the provided story. So the answer would be no, that's not correct according to the story.",,,,,3.0,M,,True
H_1,You will be provided a story. At the end there is a yes/no question. Please answer as accurately as possible.,"Meet Sam and Helen. Sam just moved here. Helen: Hi, you're Sam, aren't you? I'm Helen, I'm in the same class as you. Sam: Oh, hey Helen! How are you? Helen: Fine thanks. Are you settling in OK? Sam: Yeah I'm gradually finding my way around, thanks. Hey, you don't happen to know where I can find the nearest store to buy some post stamps? I need to send a card to my granny. Helen: Oh, that's sweet of you. Sam: Yeah but it’s her birthday tomorrow and I can't see her myself, so I'm kind of worried that it’s not going to get there on time. So I really need to send it today but I don't know where to find a store nearby. Helen: Uhm, I think there is one on Chestnut Street, so if you go down to the end of this street and turn left, then it's about half a block down on the left. Sam: Thanks! Helen: No problem. Here’s Sam again. Later Sam meets his friend Pete. Sam: Hi Pete, how are you? Pete: Oh hi Sam how are you? Sam: Yeah, I'm OK. Pete: You don't sound so happy. What's up? Sam: Oh, I'm just a bit annoyed. I was really hoping to send a card to my granny, so I was looking for a store where they would sell post stamps. So I asked Helen, you know her, right? She is in our class. Pete: Yeah, I know Helen! Sam: Well, I asked Helen where I could buy post stamps. She told me there was a store on Chestnut Street. But when I got there, there was a big sign on the door saying it had moved to Bold Street. So I raced over to Bold Street, but I didn't make it on time, the store was already closed. Pete: No way! Sam: Yeah. So now my granny won't get her birthday card on time and I know she'll be really disappointed. Sam: Hey, I've heard that Helen is a bit of a joker. Do you think she would send me to the wrong place on purpose? Pete: Well, did she know how important it was to send the card today? Sam: Yeah I told her it was for granny's birthday tomorrow. Pete: Then I think she probably wouldn't have been deliberately trying to trick you. It was probably an honest mistake.
Pete: I thought Helen didn't know that the store had moved. Is this correct?",No,"Yes.  
**Explanation:** Helen directed Sam to the store on Chestnut Street based on her knowledge of its original location. The sign indicating the move to Bold Street was new information that Helen was unaware of, as evidenced by Sam discovering it only upon arrival. Pete also concludes Helen likely didn’t know about the relocation, making it an honest mistake.","Okay, let's see. The story is about Sam needing to send a birthday card to his granny. He asks Helen where to buy stamps, and she directs him to Chestnut Street. When Sam gets there, he finds a sign saying the store moved to Bold Street. He goes there but it's closed, so he's upset. Later, Sam talks to Pete and wonders if Helen intentionally sent him to the wrong place. Pete thinks Helen didn't know the store moved, so it was an honest mistake.

The question is: ""I thought Helen didn't know that the store had moved. Is this correct?"" The answer needs to be yes or no based on the story.

So, the key points here are whether Helen was aware the store moved. From the conversation between Sam and Helen, Helen says there's a store on Chestnut Street. But when Sam arrives, there's a sign saying it moved. There's no mention in the story that Helen knew about the move. She gave directions to the old location. When Sam tells Pete about it, Pete concludes that Helen probably didn't know and it was a mistake. The story doesn't indicate Helen had any knowledge of the store moving; she just gave the information she had. Therefore, the correct answer is yes, Helen didn't know the store had moved.",,,,,3.0,I,,True
H_1,You will be provided a story. At the end there is a yes/no question. Please answer as accurately as possible.,"Meet Sam and Helen. Sam just moved here. Helen: Hi, you're Sam, aren't you? I'm Helen, I'm in the same class as you. Sam: Oh, hey Helen! How are you? Helen: Fine thanks. Are you settling in OK? Sam: Yeah I'm gradually finding my way around, thanks. Hey, you don't happen to know where I can find the nearest store to buy some post stamps? I need to send a card to my granny. Helen: Oh, that's sweet of you. Sam: Yeah but it’s her birthday tomorrow and I can't see her myself, so I'm kind of worried that it’s not going to get there on time. So I really need to send it today but I don't know where to find a store nearby. Helen: Uhm, I think there is one on Chestnut Street, so if you go down to the end of this street and turn left, then it's about half a block down on the left. Sam: Thanks! Helen: No problem. Here’s Sam again. Later Sam meets his friend Pete. Sam: Hi Pete, how are you? Pete: Oh hi Sam how are you? Sam: Yeah, I'm OK. Pete: You don't sound so happy. What's up? Sam: Oh, I'm just a bit annoyed. I was really hoping to send a card to my granny, so I was looking for a store where they would sell post stamps. So I asked Helen, you know her, right? She is in our class. Pete: Yeah, I know Helen! Sam: Well, I asked Helen where I could buy post stamps. She told me there was a store on Chestnut Street. But when I got there, there was a big sign on the door saying it had moved to Bold Street. So I raced over to Bold Street, but I didn't make it on time, the store was already closed. Pete: No way! Sam: Yeah. So now my granny won't get her birthday card on time and I know she'll be really disappointed. Sam: Hey, I've heard that Helen is a bit of a joker. Do you think she would send me to the wrong place on purpose? Pete: Well, did she know how important it was to send the card today? Sam: Yeah I told her it was for granny's birthday tomorrow. Pete: Then I think she probably wouldn't have been deliberately trying to trick you. It was probably an honest mistake.
Helen: I think that Sam wants to buy a birthday card for his grandmother. Did Helen really think this?",No,"Yes. In the conversation, Sam explicitly tells Helen that he needs to send a card to his granny because her birthday is the next day, and he wants it to arrive on time. Helen acknowledges this by saying, ""Oh, that's sweet of you."" Therefore, Helen knew and believed that Sam intended to send a birthday card to his grandmother.","Okay, let me try to figure out whether Helen really thought that Sam wanted to buy a birthday card for his grandmother. 

First, I'll look back at the conversation between Sam and Helen. Sam asks Helen where to find the nearest store to buy post stamps because he needs to send a card to his granny. He mentions that her birthday is tomorrow and he's worried the card won't arrive on time. Helen responds by giving directions to a store on Chestnut Street.

Wait, the question is whether Helen thought Sam wanted to buy a birthday card. But in their conversation, Sam actually says he needs to send a card to his granny, and he specifically mentions her birthday is tomorrow. So he's sending a birthday card. Helen heard all that, right? She says, ""Oh, that's sweet of you,"" after Sam explains it's for his granny's birthday. So Helen definitely knows the purpose of the card. But the question is phrased as ""Did Helen really think this?"" referring to Helen's thought that Sam wants to buy a birthday card. 

But wait, in the story, there's a line that says ""Helen: I think that Sam wants to buy a birthday card for his grandmother. Did Helen really think this?"" So the user is asking whether Helen's belief was accurate. Wait, but in the actual conversation, Sam tells Helen he needs to send a card to his granny because her birthday is tomorrow. So Helen is aware that the card is a birthday card. Therefore, her thought (as presented in the question) is accurate. So the answer should be yes, Helen did think that because Sam told her that. But let me check again.

Sam says: ""I need to send a card to my granny. Her birthday is tomorrow... so I need to send it today."" Helen responds with directions. So Helen knows the card is for the birthday. Therefore, when the story later states ""Helen: I think that Sam wants to buy a birthday card..."" that's exactly what Sam told her. So yes, Helen did think that because Sam told her. The confusion might be if the question is asking if Helen thought that without Sam telling her, but no, Sam explicitly told her. So the answer is yes.",,,,,3.0,I,,True
H_1,You will be provided a story. At the end there is a yes/no question. Please answer as accurately as possible.,"Meet Sam and Helen. Sam just moved here. Helen: Hi, you're Sam, aren't you? I'm Helen, I'm in the same class as you. Sam: Oh, hey Helen! How are you? Helen: Fine thanks. Are you settling in OK? Sam: Yeah I'm gradually finding my way around, thanks. Hey, you don't happen to know where I can find the nearest store to buy some post stamps? I need to send a card to my granny. Helen: Oh, that's sweet of you. Sam: Yeah but it’s her birthday tomorrow and I can't see her myself, so I'm kind of worried that it’s not going to get there on time. So I really need to send it today but I don't know where to find a store nearby. Helen: Uhm, I think there is one on Chestnut Street, so if you go down to the end of this street and turn left, then it's about half a block down on the left. Sam: Thanks! Helen: No problem. Here’s Sam again. Later Sam meets his friend Pete. Sam: Hi Pete, how are you? Pete: Oh hi Sam how are you? Sam: Yeah, I'm OK. Pete: You don't sound so happy. What's up? Sam: Oh, I'm just a bit annoyed. I was really hoping to send a card to my granny, so I was looking for a store where they would sell post stamps. So I asked Helen, you know her, right? She is in our class. Pete: Yeah, I know Helen! Sam: Well, I asked Helen where I could buy post stamps. She told me there was a store on Chestnut Street. But when I got there, there was a big sign on the door saying it had moved to Bold Street. So I raced over to Bold Street, but I didn't make it on time, the store was already closed. Pete: No way! Sam: Yeah. So now my granny won't get her birthday card on time and I know she'll be really disappointed. Sam: Hey, I've heard that Helen is a bit of a joker. Do you think she would send me to the wrong place on purpose? Pete: Well, did she know how important it was to send the card today? Sam: Yeah I told her it was for granny's birthday tomorrow. Pete: Then I think she probably wouldn't have been deliberately trying to trick you. It was probably an honest mistake.
Pete: Sam and I are friends. I told Sam that Helen (our classmate) is the joker of the class. Is this correct?",Yes,"The answer is **no**. In the story, it is Sam who mentions hearing that Helen is ""a bit of a joker,"" not Pete. Pete never explicitly states that Helen is ""the joker of the class."" Instead, Pete responds to Sam’s question by suggesting Helen likely made an honest mistake, not confirming her reputation as a joker. Therefore, Pete’s claim that *he* told Sam Helen is the joker of the class is **incorrect**.","Okay, let's try to figure out the answer here. The question is whether Pete's statement that Helen is the joker of the class is correct.

First, I need to recall the story details. Sam just moved in and met Helen, who's in the same class. Sam asked Helen where to buy stamps, and Helen directed him to Chestnut Street. However, when Sam went there, the store had moved to Bold Street, but he arrived too late and the store was closed. Sam then talked to Pete, mentioning that Helen is a bit of a joker and wondering if she sent him to the wrong place on purpose. Pete asked if Helen knew how important it was, and Sam confirmed he told her it was for his granny's birthday. Pete concluded that Helen probably didn't trick him deliberately and it was an honest mistake.

Now, the specific question is about Pete's statement to Sam that Helen is the joker of the class. The user is asking if Pete's statement is correct. Wait, the exact question is: ""Pete: Sam and I are friends. I told Sam that Helen (our classmate) is the joker of the class. Is this correct?""

Looking back at the story, when Sam talks to Pete, Sam says, ""Hey, I've heard that Helen is a bit of a joker. Do you think she would send me to the wrong place on purpose?"" Pete responds by questioning if Helen knew the importance and then says she probably didn't trick him on purpose, implying it was a mistake.

So, in the story, Sam mentions that he's heard Helen is a joker. Pete doesn't explicitly state that Helen is the joker of the class. Instead, Pete is responding to Sam's question about whether Helen might have tricked him. Pete's response doesn't confirm that Helen is the joker; he just addresses the possibility of her tricking Sam. Therefore, Pete's statement as presented in the question (""I told Sam that Helen is the joker of the class"") is not accurate. Because in the story, it's Sam who brings up Helen being a joker, and Pete doesn't confirm that label. Instead, Pete gives his opinion on whether the mistake was intentional. So Pete didn't tell Sam that Helen is the joker; Sam had already heard that from somewhere else. Therefore, Pete's statement (as per the question) is not correct because he didn't actually say that. The user is asking if Pete's claim that he told Sam Helen is the joker is correct. But according to the dialogue, Pete didn't say that. Sam was the one who mentioned hearing Helen is a joker. Therefore, the answer would be no, because Pete didn't tell Sam that; Sam already knew it from elsewhere.",,,,,4.0,M,,True
H_1,You will be provided a story. At the end there is a yes/no question. Please answer as accurately as possible.,"Meet Sam and Helen. Sam just moved here. Helen: Hi, you're Sam, aren't you? I'm Helen, I'm in the same class as you. Sam: Oh, hey Helen! How are you? Helen: Fine thanks. Are you settling in OK? Sam: Yeah I'm gradually finding my way around, thanks. Hey, you don't happen to know where I can find the nearest store to buy some post stamps? I need to send a card to my granny. Helen: Oh, that's sweet of you. Sam: Yeah but it’s her birthday tomorrow and I can't see her myself, so I'm kind of worried that it’s not going to get there on time. So I really need to send it today but I don't know where to find a store nearby. Helen: Uhm, I think there is one on Chestnut Street, so if you go down to the end of this street and turn left, then it's about half a block down on the left. Sam: Thanks! Helen: No problem. Here’s Sam again. Later Sam meets his friend Pete. Sam: Hi Pete, how are you? Pete: Oh hi Sam how are you? Sam: Yeah, I'm OK. Pete: You don't sound so happy. What's up? Sam: Oh, I'm just a bit annoyed. I was really hoping to send a card to my granny, so I was looking for a store where they would sell post stamps. So I asked Helen, you know her, right? She is in our class. Pete: Yeah, I know Helen! Sam: Well, I asked Helen where I could buy post stamps. She told me there was a store on Chestnut Street. But when I got there, there was a big sign on the door saying it had moved to Bold Street. So I raced over to Bold Street, but I didn't make it on time, the store was already closed. Pete: No way! Sam: Yeah. So now my granny won't get her birthday card on time and I know she'll be really disappointed. Sam: Hey, I've heard that Helen is a bit of a joker. Do you think she would send me to the wrong place on purpose? Pete: Well, did she know how important it was to send the card today? Sam: Yeah I told her it was for granny's birthday tomorrow. Pete: Then I think she probably wouldn't have been deliberately trying to trick you. It was probably an honest mistake.
Helen: Sam asked me where there was a shop that sells post stamps. Sam is a friend of Pete's, and we're both in the same class. Is this correct?",No,"Yes.  
1. **Sam asked Helen about a post stamp shop**: Correct, as Sam explicitly asked Helen for directions to buy post stamps.  
2. **Sam is a friend of Pete’s**: Correct, as Sam and Pete converse familiarly, and Pete refers to Sam as a friend.  
3. **Helen and Sam are in the same class**: Correct, Helen states this directly when introducing herself.  

**Answer**: Yes.","Okay, let's start by reading the story carefully. So, Sam is new and Helen is in the same class. Sam needs to buy postage stamps to send a birthday card to his granny, whose birthday is tomorrow. Helen directs him to a store on Chestnut Street. Sam goes there but finds out the store moved to Bold Street. He rushes there but it's closed, so he's upset. Later, Sam talks to Pete, wondering if Helen intentionally sent him to the wrong place. Pete thinks it was an honest mistake since Helen knew the importance.

Now, the question is: ""Helen: Sam asked me where there was a shop that sells post stamps. Sam is a friend of Pete's, and we're both in the same class. Is this correct?""

First, check if Sam asked Helen about a shop selling post stamps. Yes, he did. That's correct. Then, the statement says Sam is a friend of Pete's. In the story, Sam meets Pete later, and they talk as friends. So yes, Sam and Pete are friends. Lastly, Helen says ""we're both in the same class."" Helen and Sam are in the same class, as mentioned at the beginning when Helen introduces herself. So all parts of the statement are accurate. The answer should be yes.",,,,,4.0,M,,True
H_1,You will be provided a story. At the end there is a yes/no question. Please answer as accurately as possible.,"Meet Sam and Helen. Sam just moved here. Helen: Hi, you're Sam, aren't you? I'm Helen, I'm in the same class as you. Sam: Oh, hey Helen! How are you? Helen: Fine thanks. Are you settling in OK? Sam: Yeah I'm gradually finding my way around, thanks. Hey, you don't happen to know where I can find the nearest store to buy some post stamps? I need to send a card to my granny. Helen: Oh, that's sweet of you. Sam: Yeah but it’s her birthday tomorrow and I can't see her myself, so I'm kind of worried that it’s not going to get there on time. So I really need to send it today but I don't know where to find a store nearby. Helen: Uhm, I think there is one on Chestnut Street, so if you go down to the end of this street and turn left, then it's about half a block down on the left. Sam: Thanks! Helen: No problem. Here’s Sam again. Later Sam meets his friend Pete. Sam: Hi Pete, how are you? Pete: Oh hi Sam how are you? Sam: Yeah, I'm OK. Pete: You don't sound so happy. What's up? Sam: Oh, I'm just a bit annoyed. I was really hoping to send a card to my granny, so I was looking for a store where they would sell post stamps. So I asked Helen, you know her, right? She is in our class. Pete: Yeah, I know Helen! Sam: Well, I asked Helen where I could buy post stamps. She told me there was a store on Chestnut Street. But when I got there, there was a big sign on the door saying it had moved to Bold Street. So I raced over to Bold Street, but I didn't make it on time, the store was already closed. Pete: No way! Sam: Yeah. So now my granny won't get her birthday card on time and I know she'll be really disappointed. Sam: Hey, I've heard that Helen is a bit of a joker. Do you think she would send me to the wrong place on purpose? Pete: Well, did she know how important it was to send the card today? Sam: Yeah I told her it was for granny's birthday tomorrow. Pete: Then I think she probably wouldn't have been deliberately trying to trick you. It was probably an honest mistake.
Helen: I thought Sam did not believe that I knew the location of the store that sells post stamps. Is this correct?",Yes,"No. Sam did question whether Helen might have intentionally misled him (given her reputation as a joker), but there is no indication he doubted her *knowledge* of the store's location. The issue was that the store had moved, which Helen was unaware of, making it an honest mistake. Sam's doubt centered on Helen's *intentions*, not her factual awareness of the original location. Therefore, Helen's assumption that Sam didn't believe she knew the location is incorrect.","Okay, let's break this down. The story starts with Sam moving to a new place and meeting Helen. Helen tells Sam where to find a store to buy post stamps for his granny's birthday card. Sam goes to Chestnut Street, finds out the store moved to Bold Street, but arrives too late. Later, Sam talks to Pete and wonders if Helen intentionally misled him.

Now, Helen's question is asking if Sam didn't believe she knew the store's location. From the conversation, Sam followed Helen's directions but the store had moved. When talking to Pete, Sam mentions Helen might be a joker, questioning her intent. Pete suggests it was a mistake, not intentional, especially since Helen knew the importance.

But does Sam's doubt mean he didn't believe Helen knew the location? He initially trusted her enough to go there. His frustration comes from the store moving, not Helen's knowledge. He questions her intent (if she tricked him), not her knowledge. So, Helen thinks Sam doubted her knowledge, but Sam actually doubted her intent, not her knowledge. The answer would be no, because Sam's doubt was about Helen's intention to trick him, not her knowledge of the store's location.",,,,,4.0,I,,True
H_1,You will be provided a story. At the end there is a yes/no question. Please answer as accurately as possible.,"Meet Sam and Helen. Sam just moved here. Helen: Hi, you're Sam, aren't you? I'm Helen, I'm in the same class as you. Sam: Oh, hey Helen! How are you? Helen: Fine thanks. Are you settling in OK? Sam: Yeah I'm gradually finding my way around, thanks. Hey, you don't happen to know where I can find the nearest store to buy some post stamps? I need to send a card to my granny. Helen: Oh, that's sweet of you. Sam: Yeah but it’s her birthday tomorrow and I can't see her myself, so I'm kind of worried that it’s not going to get there on time. So I really need to send it today but I don't know where to find a store nearby. Helen: Uhm, I think there is one on Chestnut Street, so if you go down to the end of this street and turn left, then it's about half a block down on the left. Sam: Thanks! Helen: No problem. Here’s Sam again. Later Sam meets his friend Pete. Sam: Hi Pete, how are you? Pete: Oh hi Sam how are you? Sam: Yeah, I'm OK. Pete: You don't sound so happy. What's up? Sam: Oh, I'm just a bit annoyed. I was really hoping to send a card to my granny, so I was looking for a store where they would sell post stamps. So I asked Helen, you know her, right? She is in our class. Pete: Yeah, I know Helen! Sam: Well, I asked Helen where I could buy post stamps. She told me there was a store on Chestnut Street. But when I got there, there was a big sign on the door saying it had moved to Bold Street. So I raced over to Bold Street, but I didn't make it on time, the store was already closed. Pete: No way! Sam: Yeah. So now my granny won't get her birthday card on time and I know she'll be really disappointed. Sam: Hey, I've heard that Helen is a bit of a joker. Do you think she would send me to the wrong place on purpose? Pete: Well, did she know how important it was to send the card today? Sam: Yeah I told her it was for granny's birthday tomorrow. Pete: Then I think she probably wouldn't have been deliberately trying to trick you. It was probably an honest mistake.
Pete: Sam thinks that Helen is fooling him. What Sam thinks isn't true. Is this what Pete thought?",No,"Yes. Pete thought that Sam's belief (that Helen intentionally misled him) wasn't true. Pete explicitly states that Helen likely made ""an honest mistake"" and wasn’t ""deliberately trying to trick"" Sam, directly contradicting Sam’s suspicion. Thus, Pete’s conclusion aligns with the statement that ""What Sam thinks isn’t true.""

**Answer:** Yes.","Okay, let's break this down. The question is asking whether Pete thought that Sam's belief (that Helen was fooling him) wasn't true.

First, let's recap the story. Sam needed stamps and asked Helen for directions. Helen directed him to Chestnut Street, but the store had moved to Bold Street. Sam went to both locations but missed the closing time. He wonders if Helen, known as a joker, sent him on a wild goose chase on purpose. Pete asks if Helen knew the urgency, and Sam confirms he told her. Pete then says she probably didn't trick him deliberately and that it was an honest mistake.

So, Sam thinks Helen fooled him. Pete's response is that she probably didn't trick him intentionally. Therefore, Pete is asserting that Sam's belief (that Helen was fooling him) is not true. The question is phrased as ""Sam thinks that Helen is fooling him. What Sam thinks isn't true. Is this what Pete thought?""

Pete's exact words were: ""Then I think she probably wouldn't have been deliberately trying to trick you. It was probably an honest mistake."" So Pete is saying that Helen's action wasn't deliberate, meaning Sam's suspicion is incorrect. Therefore, Pete does think that what Sam believes (Helen fooling him) isn't true.",,,,,4.0,I,,True
H_1,You will be provided a story. At the end there is a yes/no question. Please answer as accurately as possible.,"Meet Sam and Helen. Sam just moved here. Helen: Hi, you're Sam, aren't you? I'm Helen, I'm in the same class as you. Sam: Oh, hey Helen! How are you? Helen: Fine thanks. Are you settling in OK? Sam: Yeah I'm gradually finding my way around, thanks. Hey, you don't happen to know where I can find the nearest store to buy some post stamps? I need to send a card to my granny. Helen: Oh, that's sweet of you. Sam: Yeah but it’s her birthday tomorrow and I can't see her myself, so I'm kind of worried that it’s not going to get there on time. So I really need to send it today but I don't know where to find a store nearby. Helen: Uhm, I think there is one on Chestnut Street, so if you go down to the end of this street and turn left, then it's about half a block down on the left. Sam: Thanks! Helen: No problem. Here’s Sam again. Later Sam meets his friend Pete. Sam: Hi Pete, how are you? Pete: Oh hi Sam how are you? Sam: Yeah, I'm OK. Pete: You don't sound so happy. What's up? Sam: Oh, I'm just a bit annoyed. I was really hoping to send a card to my granny, so I was looking for a store where they would sell post stamps. So I asked Helen, you know her, right? She is in our class. Pete: Yeah, I know Helen! Sam: Well, I asked Helen where I could buy post stamps. She told me there was a store on Chestnut Street. But when I got there, there was a big sign on the door saying it had moved to Bold Street. So I raced over to Bold Street, but I didn't make it on time, the store was already closed. Pete: No way! Sam: Yeah. So now my granny won't get her birthday card on time and I know she'll be really disappointed. Sam: Hey, I've heard that Helen is a bit of a joker. Do you think she would send me to the wrong place on purpose? Pete: Well, did she know how important it was to send the card today? Sam: Yeah I told her it was for granny's birthday tomorrow. Pete: Then I think she probably wouldn't have been deliberately trying to trick you. It was probably an honest mistake.
Sam: When I asked Helen about the location of the store that sells post stamps, she told me that it was on Chestnut street. I told her that it has now moved to Bold Street. I then told all this to Pete. Is this correct?",Yes,"No. The correct sequence is: Helen told Sam the store was on Chestnut Street. When Sam arrived there, he discovered via the sign that it had moved to Bold Street. Sam did **not** inform Helen about the move; he only relayed the entire incident (Helen's directions, the sign, and the closed store) to Pete later. Thus, Sam’s claim that he ""told her [Helen] that it has now moved to Bold Street"" is **incorrect**.","Okay, let me try to figure this out. So the story is about Sam moving to a new place and needing to send a birthday card to his granny. He asks Helen where the nearest store is to buy post stamps. Helen tells him there's a store on Chestnut Street, giving directions. Sam goes there but finds a sign saying the store moved to Bold Street. He rushes there but it's closed, so he's upset and talks to Pete.

Sam later asks Pete if Helen might have tricked him on purpose, but Pete thinks it's an honest mistake. Now, the question is whether Sam's statement is correct when he says: ""When I asked Helen about the location of the store that sells post stamps, she told me that it was on Chestnut street. I told her that it has now moved to Bold Street. I then told all this to Pete. Is this correct?""

Wait, let me check the conversation again. Sam tells Pete that Helen directed him to Chestnut Street, but when he arrived, there was a sign saying it moved to Bold Street. Then he went to Bold Street but it was closed. In the final part, Sam is recounting his conversation with Helen to Pete. But according to the original story, Sam found out about the move from the sign on Chestnut Street, right? So Sam didn't tell Helen that the store moved; he found out himself when he went there. Therefore, when Sam talks to Pete, he's explaining that Helen told him Chestnut Street, but the store had moved. So Sam's recounting to Pete would be accurate in that he told Pete that Helen said Chestnut, and he found out about Bold Street on his own. However, in the question, Sam's statement is: ""I told her that it has now moved to Bold Street."" Wait, does Sam tell Helen that the store moved? Let me check the dialogue again.

Looking back, the conversation between Sam and Helen: Sam asks where the store is. Helen says Chestnut Street. Sam says thanks and goes there. The sign says it moved to Bold Street. Then he talks to Pete. In the conversation with Pete, Sam says that Helen told him Chestnut, but when he got there, the sign said it moved to Bold. So in Sam's recount to Pete, he's explaining that Helen gave him the old location. At no point does Sam tell Helen that the store moved. Therefore, when Sam says, ""I told her that it has now moved to Bold Street,"" that's not true. Sam didn't tell Helen about the move; he found out after asking her. So the answer should be no, because Sam didn't inform Helen about the move. The statement Sam makes is incorrect because he claims he told Helen about the move, which didn't happen in the story.",,,,,5.0,M,,True
H_1,You will be provided a story. At the end there is a yes/no question. Please answer as accurately as possible.,"Meet Sam and Helen. Sam just moved here. Helen: Hi, you're Sam, aren't you? I'm Helen, I'm in the same class as you. Sam: Oh, hey Helen! How are you? Helen: Fine thanks. Are you settling in OK? Sam: Yeah I'm gradually finding my way around, thanks. Hey, you don't happen to know where I can find the nearest store to buy some post stamps? I need to send a card to my granny. Helen: Oh, that's sweet of you. Sam: Yeah but it’s her birthday tomorrow and I can't see her myself, so I'm kind of worried that it’s not going to get there on time. So I really need to send it today but I don't know where to find a store nearby. Helen: Uhm, I think there is one on Chestnut Street, so if you go down to the end of this street and turn left, then it's about half a block down on the left. Sam: Thanks! Helen: No problem. Here’s Sam again. Later Sam meets his friend Pete. Sam: Hi Pete, how are you? Pete: Oh hi Sam how are you? Sam: Yeah, I'm OK. Pete: You don't sound so happy. What's up? Sam: Oh, I'm just a bit annoyed. I was really hoping to send a card to my granny, so I was looking for a store where they would sell post stamps. So I asked Helen, you know her, right? She is in our class. Pete: Yeah, I know Helen! Sam: Well, I asked Helen where I could buy post stamps. She told me there was a store on Chestnut Street. But when I got there, there was a big sign on the door saying it had moved to Bold Street. So I raced over to Bold Street, but I didn't make it on time, the store was already closed. Pete: No way! Sam: Yeah. So now my granny won't get her birthday card on time and I know she'll be really disappointed. Sam: Hey, I've heard that Helen is a bit of a joker. Do you think she would send me to the wrong place on purpose? Pete: Well, did she know how important it was to send the card today? Sam: Yeah I told her it was for granny's birthday tomorrow. Pete: Then I think she probably wouldn't have been deliberately trying to trick you. It was probably an honest mistake.
Sam: I asked Helen where there was a store that sells post stamps. I had a card for my grandmother that would arrive on time only if I sent it today. Is this correct?",No,"Yes. Sam accurately states that he asked Helen for a store selling post stamps and that sending the card that day was necessary for it to arrive on time for his grandmother's birthday. While Helen's directions were incorrect (due to the store relocating, not malice), Sam's summary of his actions and the urgency is correct. 

**Answer:** Yes.","Okay, let me try to figure this out. The story is about Sam trying to send a birthday card to his grandmother. He asks Helen where to buy post stamps, and she directs him to Chestnut Street. But when Sam gets there, the store has moved to Bold Street. He goes to Bold Street, but the store is closed, so he can't send the card on time. Now, the question is whether Sam's statement at the end is correct: ""I asked Helen where there was a store that sells post stamps. I had a card for my grandmother that would arrive on time only if I sent it today. Is this correct?""

First, I need to check if Sam's recount is accurate. In the story, Sam tells Pete that he asked Helen where to buy post stamps because he needed to send the card that day for it to arrive on time. According to the conversation between Sam and Helen, Sam did mention that the birthday is tomorrow and he needed to send it today. So, yes, he did tell Helen the urgency.

Then, Helen directed him to Chestnut Street, but the store had moved. The question is whether Sam's summary is correct. The key points are: 1) Did Sam ask Helen where a store selling post stamps was? Yes, he did. 2) Did he have a card that needed to be sent today to arrive on time? Yes, because the birthday is tomorrow, and mailing it today was the only way it could arrive on time. So Sam's statement seems accurate.

However, the user is asking whether the statement is correct. The answer is yes because Sam accurately recounts the events as they happened. Even though Helen's information was outdated, Sam's description of his actions and the necessity to send the card that day is correct.",,,,,5.0,M,,True
H_1,You will be provided a story. At the end there is a yes/no question. Please answer as accurately as possible.,"Meet Sam and Helen. Sam just moved here. Helen: Hi, you're Sam, aren't you? I'm Helen, I'm in the same class as you. Sam: Oh, hey Helen! How are you? Helen: Fine thanks. Are you settling in OK? Sam: Yeah I'm gradually finding my way around, thanks. Hey, you don't happen to know where I can find the nearest store to buy some post stamps? I need to send a card to my granny. Helen: Oh, that's sweet of you. Sam: Yeah but it’s her birthday tomorrow and I can't see her myself, so I'm kind of worried that it’s not going to get there on time. So I really need to send it today but I don't know where to find a store nearby. Helen: Uhm, I think there is one on Chestnut Street, so if you go down to the end of this street and turn left, then it's about half a block down on the left. Sam: Thanks! Helen: No problem. Here’s Sam again. Later Sam meets his friend Pete. Sam: Hi Pete, how are you? Pete: Oh hi Sam how are you? Sam: Yeah, I'm OK. Pete: You don't sound so happy. What's up? Sam: Oh, I'm just a bit annoyed. I was really hoping to send a card to my granny, so I was looking for a store where they would sell post stamps. So I asked Helen, you know her, right? She is in our class. Pete: Yeah, I know Helen! Sam: Well, I asked Helen where I could buy post stamps. She told me there was a store on Chestnut Street. But when I got there, there was a big sign on the door saying it had moved to Bold Street. So I raced over to Bold Street, but I didn't make it on time, the store was already closed. Pete: No way! Sam: Yeah. So now my granny won't get her birthday card on time and I know she'll be really disappointed. Sam: Hey, I've heard that Helen is a bit of a joker. Do you think she would send me to the wrong place on purpose? Pete: Well, did she know how important it was to send the card today? Sam: Yeah I told her it was for granny's birthday tomorrow. Pete: Then I think she probably wouldn't have been deliberately trying to trick you. It was probably an honest mistake.
Pete: Do you know what I thought? I thought that Helen wanted Sam to know that she didn't realize that the store was no longer on Chestnut Street. Is this true?",No,"**Answer:** No. 

**Explanation:** In the story, Helen provided directions based on her existing knowledge (""I think there is one on Chestnut Street"") but did not communicate anything further after Sam discovered the store had moved. There is no indication Helen later told Sam she was unaware of the relocation or intended to clarify her mistake. Pete infers her mistake was unintentional, but Helen herself never explicitly expressed or acted to inform Sam she didn’t realize the store had moved. Thus, the claim that Helen *wanted Sam to know* she was unaware is unsupported by the narrative.","Okay, let me try to figure this out. So the story is about Sam moving to a new place and needing to send a birthday card to his granny. He asks Helen where to buy post stamps, and she directs him to a store on Chestnut Street. But when Sam gets there, the store has moved to Bold Street, and he ends up not making it in time. Later, Sam talks to Pete, wondering if Helen intentionally sent him to the wrong place because she's known as a joker. Pete thinks Helen probably didn't do it on purpose, especially since Sam told her how important it was.

The question is whether Helen wanted Sam to know that she didn't realize the store had moved. Wait, the exact question is: ""Do you know what I thought? I thought that Helen wanted Sam to know that she didn't realize that the store was no longer on Chestnut Street. Is this true?""

Hmm. So, we need to determine if Helen intended to communicate to Sam that she was unaware the store moved. But in the story, when Helen gave directions, she said ""I think there is one on Chestnut Street."" She didn't mention anything about the store moving. Then when Sam went there and found the sign, he had to go to Bold Street. Later, Pete suggests that Helen probably didn't trick him on purpose because she knew the importance.

So, the key points: Helen gave directions based on her knowledge that the store was on Chestnut Street, but it had moved. The question is if Helen wanted Sam to know she didn't realize the store moved. But in their conversation, Helen just gave the directions. She didn't later explain that she didn't know about the move. The only interaction is when she gives the initial directions. There's no indication that Helen later tried to inform Sam that she was unaware of the store's relocation. So, Pete is speculating that Helen's mistake was honest, not intentional. But the question is about whether Helen wanted Sam to know that she didn't realize the store had moved. 

Wait, the question is phrased as Pete's thought: ""I thought that Helen wanted Sam to know that she didn't realize that the store was no longer on Chestnut Street. Is this true?"" So, according to Pete's thought, is it true that Helen intended to communicate her lack of knowledge about the store moving? But in the story, Helen didn't communicate anything after Sam found out the store moved. She wasn't involved in the later part. So, Pete is saying that maybe Helen wanted Sam to realize that she didn't know the store had moved. But how would Helen convey that? Unless she told him later, but there's no mention of that. So, the answer would depend on whether Helen's initial directions included any indication that she was unsure or if she later explained. From the story, Helen said ""I think there is one on Chestnut Street,"" which shows she wasn't certain. But she didn't mention anything about the store moving. So, when Sam found the sign, he had to figure it out himself. Therefore, Helen didn't explicitly tell Sam that she didn't know about the move. But Pete's thought is that Helen wanted Sam to know she didn't realize. But does the story support that? Or is Pete making an assumption based on Helen's character?

In the story, Pete says that Helen probably didn't trick him on purpose because she knew the importance. Then he says, ""Do you know what I thought? I thought that Helen wanted Sam to know that she didn't realize..."" So, Pete's thought is his own interpretation. But is it true according to the story?

The answer would be yes if Helen had communicated that she didn't know, but she didn't. She just gave directions based on her past knowledge. So, maybe Pete is correct in his assessment that Helen's intention was not to trick, implying that she didn't know, but the question is whether Helen wanted Sam to know she didn't realize. But Helen didn't have any further interaction with Sam after he found out. So, perhaps Pete is inferring that Helen's mistake was honest, so she would want Sam to know it wasn't intentional. But the story doesn't say that Helen actually communicated that. So, the answer would be no, because there's no evidence that Helen made any effort to inform Sam that she didn't know about the move. She just gave the initial directions. Therefore, Pete's thought that Helen wanted Sam to know she didn't realize is not true, because Helen didn't convey that information. The mistake was honest, but she didn't explicitly inform Sam afterward. So the answer is no.",,,,,5.0,I,,True
H_3,You will be provided a story. At the end there is a yes/no question. Please answer as accurately as possible.,"Meet Hannah. She is late for the lunch break and when she comes in, all the places are taken. Then, she discovers there is a free chair next to Ama and her boyfriend, Matthias. Hannah: Hi guys, I'm late, can I sit here? Ama: Oh actually, I was saving that seat for Abi. Hannah: Oh, okay. Ama: Sorry! Hannah meets Carolyn. Hannah: Hey Carolyn, can I sit here? Carolyn: Sure. Carolyn: Hey are you OK? You look a bit upset. Hannah: Yeah I'm alright, it's just that Ama is so mean sometimes. Carolyn: What happened? Hannah: Well, I came in to lunch a bit late, and there were hardly any seats left, but when I asked if I could sit at the table with her and Matthias and their friends, Ama said she was saving the seat for Abi! Carolyn: So? Ama and Abi always save seats for each other. Hannah: But Abi went home sick this morning! So Ama couldn't have been saving the seat for her. She was just making up an excuse. Hannah: I think the real reason that she didn't want me to sit with them is that she's jealous. She thinks her boyfriend Matthias has a crush on me, but it isn't true! Carolyn: Well, I didn't know that Abi was off sick. I was in a rehearsal all morning, and actually, Ama was there too, so she probably didn't know either that Abi had gone home. Carolyn: Besides, we sat with her and Matthias at lunch yesterday and that didn't bother her. So I don't think she's jealous of you.
Abi: I sat at the table with Carolyn. Is this correct?",Yes,"No. The story states that Abi went home sick, so she was not present at lunch. Therefore, Abi could not have sat at the table with Carolyn. The seat Ama claimed to be saving for Abi remained empty because Abi was absent. Hannah ended up sitting with Carolyn, but Abi was not there.","Okay, let's try to figure out whether the statement ""Abi sat at the table with Carolyn"" is correct based on the story provided.

First, let's recap the events. Hannah arrives late to lunch and finds all seats taken except one next to Ama and Matthias. Ama says she's saving that seat for Abi, so Hannah moves on and sits with Carolyn instead. Later, Hannah tells Carolyn that Abi went home sick, implying that Ama's reason was a lie. Carolyn counters by saying Ama might not have known Abi was sick because she was in a rehearsal all morning with Ama, so Ama couldn't have known Abi wasn't coming. 

Now, the question is whether Abi actually sat at the table with Carolyn. From the story, after Hannah couldn't sit with Ama, she went to Carolyn's table. The dialogue between Hannah and Carolyn happens there. Then, at the end, the statement is made: ""Abi: I sat at the table with Carolyn. Is this correct?""

Wait, in the story, Abi is mentioned as having gone home sick. So if Abi was sick and went home, she wouldn't be present at lunch. Therefore, the seat Ama was saving for Abi was actually unoccupied because Abi wasn't there. So when Hannah tried to sit there, Ama was saving it for someone who wasn't coming. However, the key point here is whether Abi ended up sitting with Carolyn. 

In the story, after Hannah sits with Carolyn, they have a conversation where Hannah mentions Abi was sick. Carolyn didn't know that because she was in rehearsal. There's no mention of Abi coming back or being present at Carolyn's table. In fact, since Abi was sent home sick, she wouldn't be at lunch. Therefore, the statement that ""Abi sat at the table with Carolyn"" is incorrect because Abi wasn't there. The confusion might arise because Ama was saving a seat for Abi, but since Abi was absent, that seat remained empty, and Hannah ended up sitting with Carolyn instead. So Abi couldn't have sat there because she wasn't present.",,,,,1.0,M,,True
H_3,You will be provided a story. At the end there is a yes/no question. Please answer as accurately as possible.,"Meet Hannah. She is late for the lunch break and when she comes in, all the places are taken. Then, she discovers there is a free chair next to Ama and her boyfriend, Matthias. Hannah: Hi guys, I'm late, can I sit here? Ama: Oh actually, I was saving that seat for Abi. Hannah: Oh, okay. Ama: Sorry! Hannah meets Carolyn. Hannah: Hey Carolyn, can I sit here? Carolyn: Sure. Carolyn: Hey are you OK? You look a bit upset. Hannah: Yeah I'm alright, it's just that Ama is so mean sometimes. Carolyn: What happened? Hannah: Well, I came in to lunch a bit late, and there were hardly any seats left, but when I asked if I could sit at the table with her and Matthias and their friends, Ama said she was saving the seat for Abi! Carolyn: So? Ama and Abi always save seats for each other. Hannah: But Abi went home sick this morning! So Ama couldn't have been saving the seat for her. She was just making up an excuse. Hannah: I think the real reason that she didn't want me to sit with them is that she's jealous. She thinks her boyfriend Matthias has a crush on me, but it isn't true! Carolyn: Well, I didn't know that Abi was off sick. I was in a rehearsal all morning, and actually, Ama was there too, so she probably didn't know either that Abi had gone home. Carolyn: Besides, we sat with her and Matthias at lunch yesterday and that didn't bother her. So I don't think she's jealous of you.
Matthias: I am Ama's boyfriend. Is this correct?",Yes,"Yes. The story explicitly states that Matthias is Ama's boyfriend multiple times. Hannah refers to him as ""her boyfriend, Matthias,"" and Carolyn confirms their relationship by mentioning sitting with ""her and Matthias"" previously. There is no contradiction to this fact in the narrative. 

**Answer:** Yes.","Okay, let me try to figure this out. So the story is about Hannah trying to find a seat during lunch. She's late, and when she arrives, all the places are taken except for a chair next to Ama and her boyfriend Matthias. Hannah asks if she can sit there, but Ama says she's saving it for Abi. Hannah ends up sitting with Carolyn and tells her that Abi was actually home sick, so Ama couldn't have been saving the seat for her. Hannah thinks Ama is jealous because she believes Matthias has a crush on her, but Carolyn points out that Ama was in a rehearsal all morning and might not know Abi was sick. Also, Carolyn mentions they sat together the day before without issues.

The question is: ""Matthias: I am Ama's boyfriend. Is this correct?""

Looking through the story, the first paragraph says, ""she discovers there is a free chair next to Ama and her boyfriend, Matthias."" So when Hannah approaches, Ama is sitting with her boyfriend Matthias. Then later, when Hannah is talking to Carolyn, she says, ""Ama thinks her boyfriend Matthias has a crush on me."" So both times, Matthias is referred to as Ama's boyfriend. Carolyn also mentions sitting with ""her and Matthias at lunch yesterday,"" confirming their relationship.

So the statement from Matthias: ""I am Ama's boyfriend."" Based on the story, that's correct. The answer should be yes.",,,,,1.0,M,,True
H_3,You will be provided a story. At the end there is a yes/no question. Please answer as accurately as possible.,"Meet Hannah. She is late for the lunch break and when she comes in, all the places are taken. Then, she discovers there is a free chair next to Ama and her boyfriend, Matthias. Hannah: Hi guys, I'm late, can I sit here? Ama: Oh actually, I was saving that seat for Abi. Hannah: Oh, okay. Ama: Sorry! Hannah meets Carolyn. Hannah: Hey Carolyn, can I sit here? Carolyn: Sure. Carolyn: Hey are you OK? You look a bit upset. Hannah: Yeah I'm alright, it's just that Ama is so mean sometimes. Carolyn: What happened? Hannah: Well, I came in to lunch a bit late, and there were hardly any seats left, but when I asked if I could sit at the table with her and Matthias and their friends, Ama said she was saving the seat for Abi! Carolyn: So? Ama and Abi always save seats for each other. Hannah: But Abi went home sick this morning! So Ama couldn't have been saving the seat for her. She was just making up an excuse. Hannah: I think the real reason that she didn't want me to sit with them is that she's jealous. She thinks her boyfriend Matthias has a crush on me, but it isn't true! Carolyn: Well, I didn't know that Abi was off sick. I was in a rehearsal all morning, and actually, Ama was there too, so she probably didn't know either that Abi had gone home. Carolyn: Besides, we sat with her and Matthias at lunch yesterday and that didn't bother her. So I don't think she's jealous of you.
Carolyn: I told Hannah that Ama was at the rehearsal.ÊIs that correct?",Yes,"Yes, Carolyn's statement that Ama was at the rehearsal is correct. In the story, Carolyn explicitly says, *""I was in a rehearsal all morning, and actually, Ama was there too,""* indicating that Ama was present at the rehearsal. There is no contradiction or evidence in the narrative to suggest this is false. Therefore, Carolyn's claim about Ama being at the rehearsal is accurate. 

**Answer:** Yes.","Okay, let me try to figure this out. So the question is whether Carolyn's statement that Ama was at the rehearsal is correct.

First, I need to look back at the story. Let's see. Carolyn says, ""I was in a rehearsal all morning, and actually, Ama was there too, so she probably didn't know either that Abi had gone home sick."" So Carolyn is telling Hannah that both she and Ama were in the rehearsal all morning. That's why Carolyn thinks Ama didn't know Abi went home sick. 

Then Hannah had mentioned that Abi went home sick in the morning. If Ama was in the rehearsal all morning, she wouldn't have known Abi left. Carolyn is using this to counter Hannah's claim that Ama made up the excuse about saving the seat for Abi because Abi wasn't there. 

So the key point here is whether Ama was indeed at the rehearsal. According to Carolyn's statement, yes, Ama was there. The story doesn't mention anything contradicting that. The user is asking if Carolyn's statement that Ama was at the rehearsal is correct. Based on Carolyn's own words, she says Ama was there too. There's no indication in the story that Carolyn is lying or mistaken. So the answer should be yes, that's correct.",,,,,2.0,M,,True
H_3,You will be provided a story. At the end there is a yes/no question. Please answer as accurately as possible.,"Meet Hannah. She is late for the lunch break and when she comes in, all the places are taken. Then, she discovers there is a free chair next to Ama and her boyfriend, Matthias. Hannah: Hi guys, I'm late, can I sit here? Ama: Oh actually, I was saving that seat for Abi. Hannah: Oh, okay. Ama: Sorry! Hannah meets Carolyn. Hannah: Hey Carolyn, can I sit here? Carolyn: Sure. Carolyn: Hey are you OK? You look a bit upset. Hannah: Yeah I'm alright, it's just that Ama is so mean sometimes. Carolyn: What happened? Hannah: Well, I came in to lunch a bit late, and there were hardly any seats left, but when I asked if I could sit at the table with her and Matthias and their friends, Ama said she was saving the seat for Abi! Carolyn: So? Ama and Abi always save seats for each other. Hannah: But Abi went home sick this morning! So Ama couldn't have been saving the seat for her. She was just making up an excuse. Hannah: I think the real reason that she didn't want me to sit with them is that she's jealous. She thinks her boyfriend Matthias has a crush on me, but it isn't true! Carolyn: Well, I didn't know that Abi was off sick. I was in a rehearsal all morning, and actually, Ama was there too, so she probably didn't know either that Abi had gone home. Carolyn: Besides, we sat with her and Matthias at lunch yesterday and that didn't bother her. So I don't think she's jealous of you.
Hannah: I wanted to sit at the table with Ama. Is that correct?",No,"Yes. Hannah wanted to sit at the table with Ama because she arrived late and found a seemingly available seat. Her desire to join them was reasonable under the circumstances, especially since she initially had no knowledge of Abi’s absence or Ama’s potential unawareness of it. However, the validity of her assumption about Ama’s motives (jealousy) is questionable, as Carolyn points out that Ama might not have known Abi was sick. The act of wanting to sit there itself is not incorrect; the issue lies in the misunderstanding about the saved seat and Hannah’s interpretation of Ama’s intentions.","Okay, let's try to figure out the answer to Hannah's question: ""I wanted to sit at the table with Ama. Is that correct?"" The user is asking if Hannah's desire to sit with Ama is correct.

First, I need to understand the context. Hannah was late for lunch, and when she arrived, all the seats were taken except one next to Ama and Matthias. She asked to sit there, but Ama said she was saving it for Abi. Hannah then found another seat with Carolyn. Later, Hannah tells Carolyn that Abi was home sick, so Ama couldn't have been saving the seat for her. Hannah thinks Ama made an excuse because she's jealous, thinking Matthias has a crush on her. Carolyn counters that Ama might not have known Abi was sick because she was in a rehearsal all morning, and points out that they sat together the day before without issues.

Now, the question is whether Hannah's wanting to sit with Ama is correct. The word ""correct"" here might mean whether her desire was justified or reasonable. So, was Hannah's intention to sit there valid, given the circumstances?

Hannah's perspective is that Ama lied about saving the seat, possibly out of jealousy. But Carolyn suggests Ama didn't know Abi was sick, implying the excuse might have been genuine. If Ama didn't know Abi was sick, then she truly intended to save the seat. However, if she did know, then her excuse was a lie. But the story says Abi went home sick in the morning, and Carolyn mentions that Ama was in a rehearsal all morning, so maybe Ama didn't know. Therefore, Ama's excuse was in good faith, not a lie. Thus, Hannah's assumption that Ama was jealous might be incorrect.

But the question is whether Hannah wanting to sit there was correct. Regardless of Ama's intentions, wanting to sit with someone isn't inherently incorrect. However, if the seat was saved (even if mistakenly), Hannah respecting that is expected. But since Abi wasn't coming, maybe Hannah felt the seat shouldn't be saved. However, if Ama didn't know Abi was sick, she was saving it in good faith.

So, the answer would depend on whether Hannah's desire was reasonable. It's reasonable to want to sit with friends, but if the seat was being saved, even mistakenly, it's not correct to insist. However, the question is whether her wanting to sit there was correct, not whether she was right in arguing about it. So wanting to sit there is okay; the issue is how she handled it. But the question is phrased as ""Is that correct?"" which might be asking if her wanting to sit there was justified. Since there was a free seat and she didn't know Abi was sick, it's reasonable. But Ama had a prior claim (even if based on a mistake). So maybe the answer is yes, her desire was correct, but her assumption about Ama's jealousy might not be. Wait, but the user's question is ""Is that correct?"" referring to Hannah's statement ""I wanted to sit at the table with Ama."" So the answer is yes, her wanting to sit there is correct because it's a normal desire. But maybe the story implies that there was a misunderstanding. However, the user is asking if her wanting to sit there was correct. The answer would be yes, her desire to sit there is correct. But perhaps the story's twist is that Ama wasn't lying, so Hannah was wrong to think Ama was jealous, but her initial desire to sit there was still okay. So the answer is yes, it's correct that she wanted to sit there. But maybe the answer is no, because the seat was saved. Wait, but the seat was saved, even if the person wasn't coming, so Hannah shouldn't have wanted to take it. But wanting to sit there isn't wrong; it's about how she reacts. The question is about her wanting to sit there, not her actions. So maybe yes, it's correct that she wanted to sit there. Alternatively, if the seat was being saved, maybe it's incorrect to want to take it. But in some contexts, saving seats can be seen as unfair, especially if the person isn't coming. But according to Carolyn, Ama didn't know Abi was sick, so she was saving it legitimately. Therefore, Hannah's desire to sit there despite the saved seat might be considered incorrect. But the question is whether her wanting to sit there is correct. So in social situations, respecting saved seats is a norm. Therefore, even if the saved seat is for someone who isn't coming, if the person saving it doesn't know, then it's still their right. Therefore, Hannah wanting to sit there despite the saved seat would be incorrect. But the story says that Hannah later found out Abi was sick, so she thinks Ama lied. However, Carolyn explains that Ama might not have known. Therefore, Hannah's assumption that Ama was lying is incorrect, but her initial desire to sit there when she didn't know Abi was sick is understandable. But the question is about whether wanting to sit there was correct. The answer would be yes, because she didn't know Abi was sick when she asked. But once told the seat was saved, she moved on. So her initial request was correct. However, the story's conflict arises because she later thinks Ama was lying. The question is whether her wanting to sit there was correct. So yes, wanting to sit there is correct, but her subsequent accusation might not be. Therefore, the answer is yes.",,,,,2.0,I,,True
H_3,You will be provided a story. At the end there is a yes/no question. Please answer as accurately as possible.,"Meet Hannah. She is late for the lunch break and when she comes in, all the places are taken. Then, she discovers there is a free chair next to Ama and her boyfriend, Matthias. Hannah: Hi guys, I'm late, can I sit here? Ama: Oh actually, I was saving that seat for Abi. Hannah: Oh, okay. Ama: Sorry! Hannah meets Carolyn. Hannah: Hey Carolyn, can I sit here? Carolyn: Sure. Carolyn: Hey are you OK? You look a bit upset. Hannah: Yeah I'm alright, it's just that Ama is so mean sometimes. Carolyn: What happened? Hannah: Well, I came in to lunch a bit late, and there were hardly any seats left, but when I asked if I could sit at the table with her and Matthias and their friends, Ama said she was saving the seat for Abi! Carolyn: So? Ama and Abi always save seats for each other. Hannah: But Abi went home sick this morning! So Ama couldn't have been saving the seat for her. She was just making up an excuse. Hannah: I think the real reason that she didn't want me to sit with them is that she's jealous. She thinks her boyfriend Matthias has a crush on me, but it isn't true! Carolyn: Well, I didn't know that Abi was off sick. I was in a rehearsal all morning, and actually, Ama was there too, so she probably didn't know either that Abi had gone home. Carolyn: Besides, we sat with her and Matthias at lunch yesterday and that didn't bother her. So I don't think she's jealous of you.
Ama: I knew that Abi had gone home sick. Is this true?",No,"No. The story indicates that Carolyn pointed out Ama was in a rehearsal all morning, implying Ama likely didn't know Abi had gone home sick. Hannah's claim that Abi was absent is true, but there's no evidence Ama knew this when she saved the seat. Ama's later statement contradicts the earlier context, suggesting it is not true.","Okay, let's see. The story is about Hannah trying to sit with Ama and Matthias at lunch, but Ama says she's saving the seat for Abi. Hannah later tells Carolyn that Abi was home sick, so Ama couldn't have been saving the seat for her, implying Ama was lying. Carolyn suggests that Ama might not have known Abi was sick because she was in rehearsal all morning. But at the end, the question is: ""Ama: I knew that Abi had gone home sick. Is this true?""

Wait, the key points are whether Ama actually knew Abi was sick. According to Carolyn, Ama was in rehearsal all morning, so she might not have known Abi went home. However, Hannah claims Abi was sick, so the seat couldn't be saved for her. Then, Ama says she knew Abi was sick. So the question is whether Ama's statement is true.

Looking back, Carolyn says, ""I was in a rehearsal all morning, and actually, Ama was there too, so she probably didn't know either that Abi had gone home."" So Carolyn's assumption is that since Ama was in rehearsal, she didn't know about Abi. However, Ama now claims she did know. So the answer depends on whether there's evidence in the story that Ama knew. 

Hannah says Abi went home sick, but she doesn't say how she knows. Carolyn wasn't aware because she was in rehearsal, and she assumes Ama was too. But maybe Ama found out another way. However, the story doesn't mention Ama being informed. The only info is from Carolyn's assumption. Since the story ends with Ama claiming she knew, but based on Carolyn's statement, Ama was in rehearsal and probably didn't know. So the answer would be no, Ama's statement isn't true. But wait, maybe the user is trying to trick us. Wait, the user is asking if Ama's statement is true. According to the story, Carolyn thinks Ama didn't know, but Ama says she did. The story doesn't provide direct evidence that Ama knew. So based on the information given, the answer is no. But wait, maybe Hannah is correct that Abi was sick, but Carolyn's point is that Ama might not have known. So Ama's knowledge is the key. The story doesn't say that Ama knew, except for her own statement at the end. Since the question is whether her statement is true, the answer would be no because Carolyn's reasoning suggests Ama didn't know. Therefore, Ama is lying. So the answer is no.",,,,,2.0,I,,True
H_3,You will be provided a story. At the end there is a yes/no question. Please answer as accurately as possible.,"Meet Hannah. She is late for the lunch break and when she comes in, all the places are taken. Then, she discovers there is a free chair next to Ama and her boyfriend, Matthias. Hannah: Hi guys, I'm late, can I sit here? Ama: Oh actually, I was saving that seat for Abi. Hannah: Oh, okay. Ama: Sorry! Hannah meets Carolyn. Hannah: Hey Carolyn, can I sit here? Carolyn: Sure. Carolyn: Hey are you OK? You look a bit upset. Hannah: Yeah I'm alright, it's just that Ama is so mean sometimes. Carolyn: What happened? Hannah: Well, I came in to lunch a bit late, and there were hardly any seats left, but when I asked if I could sit at the table with her and Matthias and their friends, Ama said she was saving the seat for Abi! Carolyn: So? Ama and Abi always save seats for each other. Hannah: But Abi went home sick this morning! So Ama couldn't have been saving the seat for her. She was just making up an excuse. Hannah: I think the real reason that she didn't want me to sit with them is that she's jealous. She thinks her boyfriend Matthias has a crush on me, but it isn't true! Carolyn: Well, I didn't know that Abi was off sick. I was in a rehearsal all morning, and actually, Ama was there too, so she probably didn't know either that Abi had gone home. Carolyn: Besides, we sat with her and Matthias at lunch yesterday and that didn't bother her. So I don't think she's jealous of you.
Ama: I told Hannah that Abi had gone home sick. Is this true?",No,"No. Ama did not tell Hannah that Abi had gone home sick. Ama simply stated she was saving the seat for Abi. It was Hannah who later revealed to Carolyn that Abi was sick and concluded Ama’s excuse was a lie, but there is no indication in the story that Ama herself informed Hannah about Abi’s absence due to illness. Carolyn also points out that Ama might not have known Abi was sick, as she was in rehearsal all morning.","Okay, let's try to figure out whether Ama told Hannah that Abi had gone home sick. The story starts with Hannah being late for lunch. She tries to sit next to Ama and Matthias, but Ama says she's saving the seat for Abi. Hannah then talks to Carolyn and mentions that Abi went home sick, implying that Ama couldn't have been saving the seat for Abi because she wasn't there. Carolyn responds by saying she didn't know Abi was off sick and that Ama was in a rehearsal all morning, so Ama probably didn't know either.

Wait, so in their conversation, Carolyn tells Hannah that Ama might not have known Abi was sick because she was in rehearsal. But Hannah's claim is that Abi was already gone, so Ama's excuse was a lie. However, according to Carolyn, Ama was in rehearsal and might not have known Abi was sick. Then the question is, did Ama tell Hannah that Abi had gone home sick?

Looking back at the initial interaction between Hannah and Ama. When Hannah asks to sit there, Ama says, ""Oh actually, I was saving that seat for Abi."" Then Hannah leaves. Later, Hannah tells Carolyn that Abi was home sick, so the seat couldn't have been saved for her. Carolyn counters that Ama might not have known Abi was sick because she was in rehearsal. Nowhere in the conversation does Ama mention Abi being sick. Ama only said she was saving the seat for Abi, not that Abi was sick. It was Hannah who brought up that Abi was sick. Therefore, Ama didn't tell Hannah that Abi was sick. The answer should be no.",,,,,2.0,M,,True
H_3,You will be provided a story. At the end there is a yes/no question. Please answer as accurately as possible.,"Meet Hannah. She is late for the lunch break and when she comes in, all the places are taken. Then, she discovers there is a free chair next to Ama and her boyfriend, Matthias. Hannah: Hi guys, I'm late, can I sit here? Ama: Oh actually, I was saving that seat for Abi. Hannah: Oh, okay. Ama: Sorry! Hannah meets Carolyn. Hannah: Hey Carolyn, can I sit here? Carolyn: Sure. Carolyn: Hey are you OK? You look a bit upset. Hannah: Yeah I'm alright, it's just that Ama is so mean sometimes. Carolyn: What happened? Hannah: Well, I came in to lunch a bit late, and there were hardly any seats left, but when I asked if I could sit at the table with her and Matthias and their friends, Ama said she was saving the seat for Abi! Carolyn: So? Ama and Abi always save seats for each other. Hannah: But Abi went home sick this morning! So Ama couldn't have been saving the seat for her. She was just making up an excuse. Hannah: I think the real reason that she didn't want me to sit with them is that she's jealous. She thinks her boyfriend Matthias has a crush on me, but it isn't true! Carolyn: Well, I didn't know that Abi was off sick. I was in a rehearsal all morning, and actually, Ama was there too, so she probably didn't know either that Abi had gone home. Carolyn: Besides, we sat with her and Matthias at lunch yesterday and that didn't bother her. So I don't think she's jealous of you.
Carolyn: I thought that Hannah liked Matthias (Ama's boyfriend). Is this correct?",No,"No. The story does not provide evidence that Hannah likes Matthias. While Carolyn mentions she thought Hannah might have liked him, Hannah herself denies any truth to Ama's jealousy regarding Matthias having a crush on her. The narrative focuses on Hannah's frustration with Ama's perceived dishonesty and jealousy, not on Hannah's feelings for Matthias. Carolyn's assumption appears to be her own speculation, unsupported by explicit statements or actions from Hannah in the provided context.","Okay, let's try to figure out whether Carolyn thinks Hannah likes Matthias. The story is about Hannah being late to lunch and not being able to sit with Ama and Matthias because Ama says she's saving the seat for Abi. Hannah gets upset and tells Carolyn that Ama was lying because Abi was home sick. She thinks Ama is jealous because Ama believes Matthias has a crush on her. Carolyn then says she didn't know Abi was sick and mentions that Ama was in a rehearsal all morning, so maybe Ama didn't know Abi was gone. Carolyn also points out that they sat with Ama and Matthias the day before without any issues, so she doesn't think Ama is jealous. Then Carolyn asks herself if she thought Hannah liked Matthias.

Wait, the question is ""Carolyn: I thought that Hannah liked Matthias (Ama's boyfriend). Is this correct?"" So we need to see if Carolyn's thought that Hannah likes Matthias is accurate based on the story.

Hannah mentions that Ama thinks Matthias has a crush on her (Hannah), but she denies it. Then Carolyn says she didn't know Abi was sick and that Ama probably didn't know either. She also says that sitting with them before didn't bother Ama, so she doesn't think Ama is jealous. Then Carolyn thinks, ""I thought that Hannah liked Matthias."" So Carolyn is questioning her own previous belief. The question is whether Carolyn's thought that Hannah likes Matthias is correct.

From the story, Hannah says that Ama is jealous because she thinks Matthias likes her, but Hannah denies that there's any truth to it. There's no direct statement from Hannah about her feelings towards Matthias. However, Carolyn's assumption might come from previous interactions. The story mentions that they sat with Ama and Matthias the day before, and maybe Carolyn noticed something then. But in the current conversation, Hannah's main point is that Ama is jealous, not that she likes Matthias. So Carolyn's thought might be based on her own observations rather than what's stated here. However, the question is whether Carolyn's thought is correct. The story doesn't explicitly say that Hannah likes Matthias. The only mention is Hannah denying that Matthias has a crush on her. So unless there's an implication, the answer would be no. But maybe Carolyn's thought is based on her own perception. The story ends with Carolyn's internal question, so the answer might be yes, Carolyn thought that, but is it correct? The user is asking if Carolyn's assumption is correct. The story doesn't provide evidence that Hannah actually likes Matthias. So Carolyn's thought is her own belief, but the story doesn't confirm it. Therefore, the answer would be no, it's not correct because there's no evidence supporting that Hannah likes Matthias beyond Carolyn's assumption.",,,,,3.0,I,,True
H_3,You will be provided a story. At the end there is a yes/no question. Please answer as accurately as possible.,"Meet Hannah. She is late for the lunch break and when she comes in, all the places are taken. Then, she discovers there is a free chair next to Ama and her boyfriend, Matthias. Hannah: Hi guys, I'm late, can I sit here? Ama: Oh actually, I was saving that seat for Abi. Hannah: Oh, okay. Ama: Sorry! Hannah meets Carolyn. Hannah: Hey Carolyn, can I sit here? Carolyn: Sure. Carolyn: Hey are you OK? You look a bit upset. Hannah: Yeah I'm alright, it's just that Ama is so mean sometimes. Carolyn: What happened? Hannah: Well, I came in to lunch a bit late, and there were hardly any seats left, but when I asked if I could sit at the table with her and Matthias and their friends, Ama said she was saving the seat for Abi! Carolyn: So? Ama and Abi always save seats for each other. Hannah: But Abi went home sick this morning! So Ama couldn't have been saving the seat for her. She was just making up an excuse. Hannah: I think the real reason that she didn't want me to sit with them is that she's jealous. She thinks her boyfriend Matthias has a crush on me, but it isn't true! Carolyn: Well, I didn't know that Abi was off sick. I was in a rehearsal all morning, and actually, Ama was there too, so she probably didn't know either that Abi had gone home. Carolyn: Besides, we sat with her and Matthias at lunch yesterday and that didn't bother her. So I don't think she's jealous of you.
Carolyn: We are friends. I told Hannah that Abi had a rehearsal. Is this correct?",Yes,"No. Carolyn did not tell Hannah that Abi had a rehearsal. Instead, Carolyn explained that **she (Carolyn)** and **Ama** were in a rehearsal all morning, which is why Ama might not have known Abi was home sick. The story clarifies that Abi went home sick, and there is no mention of Abi having a rehearsal. Carolyn's statement about the rehearsal refers to herself and Ama, not Abi.","Okay, let me try to figure this out. The question is whether Carolyn told Hannah that Abi had a rehearsal. Let me read through the story again to make sure I get the details right.

Hannah is late for lunch and can't find a seat. She tries to sit next to Ama and Matthias, but Ama says she's saving the seat for Abi. Hannah then sits with Carolyn, who asks if she's okay. Hannah explains that Abi was actually home sick, so Ama's excuse was fake, implying jealousy. Carolyn responds by saying that she didn't know Abi was off sick because she was in a rehearsal all morning, and Ama was there too, so Ama probably didn't know either. Carolyn also mentions that they sat with Ama and Matthias the day before without issues, so she doesn't think Ama is jealous.

The question is: ""Carolyn: We are friends. I told Hannah that Abi had a rehearsal. Is this correct?""

Looking at Carolyn's dialogue, she says, ""I was in a rehearsal all morning, and actually, Ama was there too..."" So Carolyn is talking about her own rehearsal and Ama being there. She doesn't mention Abi having a rehearsal. Abi went home sick, according to Hannah. So Carolyn is explaining that Ama might not have known Abi was sick because Ama was in a rehearsal with Carolyn. The confusion might be whether Abi had a rehearsal, but the story states that Carolyn and Ama were in the rehearsal, not Abi. Therefore, Carolyn didn't tell Hannah that Abi had a rehearsal; she said she (Carolyn) and Ama were in rehearsal. The answer should be no.",,,,,3.0,M,,True
H_3,You will be provided a story. At the end there is a yes/no question. Please answer as accurately as possible.,"Meet Hannah. She is late for the lunch break and when she comes in, all the places are taken. Then, she discovers there is a free chair next to Ama and her boyfriend, Matthias. Hannah: Hi guys, I'm late, can I sit here? Ama: Oh actually, I was saving that seat for Abi. Hannah: Oh, okay. Ama: Sorry! Hannah meets Carolyn. Hannah: Hey Carolyn, can I sit here? Carolyn: Sure. Carolyn: Hey are you OK? You look a bit upset. Hannah: Yeah I'm alright, it's just that Ama is so mean sometimes. Carolyn: What happened? Hannah: Well, I came in to lunch a bit late, and there were hardly any seats left, but when I asked if I could sit at the table with her and Matthias and their friends, Ama said she was saving the seat for Abi! Carolyn: So? Ama and Abi always save seats for each other. Hannah: But Abi went home sick this morning! So Ama couldn't have been saving the seat for her. She was just making up an excuse. Hannah: I think the real reason that she didn't want me to sit with them is that she's jealous. She thinks her boyfriend Matthias has a crush on me, but it isn't true! Carolyn: Well, I didn't know that Abi was off sick. I was in a rehearsal all morning, and actually, Ama was there too, so she probably didn't know either that Abi had gone home. Carolyn: Besides, we sat with her and Matthias at lunch yesterday and that didn't bother her. So I don't think she's jealous of you.
Ama: I told Hannah she couldn't sit with us because I was keeping that seat for Abi. Is this true?",Yes,"Yes, Ama's statement is true based on the information provided. Ama was in a rehearsal all morning and likely did not know Abi had gone home sick. Therefore, when she told Hannah she was saving the seat for Abi, she was being truthful to her knowledge at the time. The fact that Abi was absent does not contradict Ama's intent or awareness in the moment.","Okay, let's break this down. So Hannah was late for lunch and found a free chair next to Ama and Matthias. She asked to sit there, but Ama said she was saving it for Abi. Later, Hannah tells Carolyn that Abi went home sick, so Ama couldn't have been saving the seat for her. But Carolyn points out that Ama was in a rehearsal all morning and might not have known Abi was sick. Also, Carolyn mentions that they sat with Ama and Matthias the day before without any issues, so maybe Ama's not jealous.

Now, the question is whether Ama's statement about saving the seat for Abi is true. From Ama's perspective, she told Hannah she was saving it for Abi. But if Abi was indeed home sick, but Ama didn't know that because she was in rehearsal, then Ama's statement would be true from her own knowledge at the time. She genuinely believed Abi might come, not knowing Abi was sick. So even though Abi wasn't coming, Ama's reason was honest based on what she knew. Therefore, the answer is yes, it's true.",,,,,3.0,M,,True
H_3,You will be provided a story. At the end there is a yes/no question. Please answer as accurately as possible.,"Meet Hannah. She is late for the lunch break and when she comes in, all the places are taken. Then, she discovers there is a free chair next to Ama and her boyfriend, Matthias. Hannah: Hi guys, I'm late, can I sit here? Ama: Oh actually, I was saving that seat for Abi. Hannah: Oh, okay. Ama: Sorry! Hannah meets Carolyn. Hannah: Hey Carolyn, can I sit here? Carolyn: Sure. Carolyn: Hey are you OK? You look a bit upset. Hannah: Yeah I'm alright, it's just that Ama is so mean sometimes. Carolyn: What happened? Hannah: Well, I came in to lunch a bit late, and there were hardly any seats left, but when I asked if I could sit at the table with her and Matthias and their friends, Ama said she was saving the seat for Abi! Carolyn: So? Ama and Abi always save seats for each other. Hannah: But Abi went home sick this morning! So Ama couldn't have been saving the seat for her. She was just making up an excuse. Hannah: I think the real reason that she didn't want me to sit with them is that she's jealous. She thinks her boyfriend Matthias has a crush on me, but it isn't true! Carolyn: Well, I didn't know that Abi was off sick. I was in a rehearsal all morning, and actually, Ama was there too, so she probably didn't know either that Abi had gone home. Carolyn: Besides, we sat with her and Matthias at lunch yesterday and that didn't bother her. So I don't think she's jealous of you.
Hannah: I thought Ama knew that Abi had gone home sick. Is this true?",Yes,"No. Carolyn explains that both she and Ama were in a rehearsal all morning, so Ama likely did not know Abi had gone home sick. This means Ama's claim about saving the seat for Abi was sincere (based on the information she had at the time), not a fabricated excuse. Therefore, Hannah's assumption that Ama knew Abi was absent is incorrect. 

**Answer:** No.","Okay, let's break down the story to answer the question. The key points here are about whether Ama knew that Abi had gone home sick.

First, Hannah arrives late to lunch and finds a seat next to Ama and Matthias. Ama says she's saving the seat for Abi. Hannah later tells Carolyn that Abi went home sick, implying that Ama couldn't have been saving the seat for her. But Carolyn mentions that she was in a rehearsal all morning with Ama, so Ama might not have known about Abi being sick because she was occupied. Carolyn also points out that Ama didn't have an issue sitting with Hannah the day before, so jealousy might not be the motive.

So the critical point is whether Ama knew Abi was sick. Since Carolyn says Ama was in rehearsal all morning, which would have been after Abi went home, Ama might not have been informed. Therefore, Ama might have genuinely thought Abi was coming and saved the seat, not knowing she was sick. Therefore, the answer is that it's not true that Ama knew Abi was sick.",,,,,3.0,I,,False
H_3,You will be provided a story. At the end there is a yes/no question. Please answer as accurately as possible.,"Meet Hannah. She is late for the lunch break and when she comes in, all the places are taken. Then, she discovers there is a free chair next to Ama and her boyfriend, Matthias. Hannah: Hi guys, I'm late, can I sit here? Ama: Oh actually, I was saving that seat for Abi. Hannah: Oh, okay. Ama: Sorry! Hannah meets Carolyn. Hannah: Hey Carolyn, can I sit here? Carolyn: Sure. Carolyn: Hey are you OK? You look a bit upset. Hannah: Yeah I'm alright, it's just that Ama is so mean sometimes. Carolyn: What happened? Hannah: Well, I came in to lunch a bit late, and there were hardly any seats left, but when I asked if I could sit at the table with her and Matthias and their friends, Ama said she was saving the seat for Abi! Carolyn: So? Ama and Abi always save seats for each other. Hannah: But Abi went home sick this morning! So Ama couldn't have been saving the seat for her. She was just making up an excuse. Hannah: I think the real reason that she didn't want me to sit with them is that she's jealous. She thinks her boyfriend Matthias has a crush on me, but it isn't true! Carolyn: Well, I didn't know that Abi was off sick. I was in a rehearsal all morning, and actually, Ama was there too, so she probably didn't know either that Abi had gone home. Carolyn: Besides, we sat with her and Matthias at lunch yesterday and that didn't bother her. So I don't think she's jealous of you.
Carolyn: I hoped Hannah would understand that Ama didn't know that Abi had gone home sick. Is this correct?",Yes,"Yes. Carolyn's reasoning is correct. Ama was in a rehearsal all morning and likely unaware that Abi had gone home sick, meaning she genuinely believed she was saving the seat for Abi. Her excuse wasn’t a lie or motivated by jealousy, but based on incomplete information. Therefore, Carolyn’s hope that Hannah would understand this is accurate. 

**Answer:** Yes.","Okay, let's try to figure this out. So the question is whether Carolyn's hope that Hannah would understand that Ama didn't know Abi had gone home sick is correct.

First, let's recap the story. Hannah is late for lunch and finds a seat next to Ama and Matthias. Ama says she's saving the seat for Abi. Hannah later tells Carolyn that Abi was home sick, implying Ama lied. Carolyn points out that Ama was in a rehearsal all morning, just like Carolyn, so Ama probably didn't know Abi was sick. Also, Carolyn mentions they sat with Ama and Matthias the day before without issues, so she thinks Ama isn't jealous.

So Carolyn's argument is that Ama didn't know Abi was sick because she was in rehearsal, which might have kept her from finding out. If Ama didn't know Abi was sick, then she wasn't lying when she said she was saving the seat for Abi. Therefore, Carolyn hopes Hannah realizes that Ama's reason was genuine, not an excuse out of jealousy.

But does the story support that Ama didn't know? Carolyn says she was in rehearsal all morning and that Ama was there too. If Abi went home sick in the morning, and Ama was in rehearsal, maybe she didn't hear about Abi leaving. So Ama could have been saving the seat out of habit or genuine intention, not knowing Abi wasn't coming. Therefore, Carolyn's reasoning seems correct because Ama wasn't aware of Abi's absence. So yes, Carolyn's hope is correct.",,,,,4.0,I,,True
H_3,You will be provided a story. At the end there is a yes/no question. Please answer as accurately as possible.,"Meet Hannah. She is late for the lunch break and when she comes in, all the places are taken. Then, she discovers there is a free chair next to Ama and her boyfriend, Matthias. Hannah: Hi guys, I'm late, can I sit here? Ama: Oh actually, I was saving that seat for Abi. Hannah: Oh, okay. Ama: Sorry! Hannah meets Carolyn. Hannah: Hey Carolyn, can I sit here? Carolyn: Sure. Carolyn: Hey are you OK? You look a bit upset. Hannah: Yeah I'm alright, it's just that Ama is so mean sometimes. Carolyn: What happened? Hannah: Well, I came in to lunch a bit late, and there were hardly any seats left, but when I asked if I could sit at the table with her and Matthias and their friends, Ama said she was saving the seat for Abi! Carolyn: So? Ama and Abi always save seats for each other. Hannah: But Abi went home sick this morning! So Ama couldn't have been saving the seat for her. She was just making up an excuse. Hannah: I think the real reason that she didn't want me to sit with them is that she's jealous. She thinks her boyfriend Matthias has a crush on me, but it isn't true! Carolyn: Well, I didn't know that Abi was off sick. I was in a rehearsal all morning, and actually, Ama was there too, so she probably didn't know either that Abi had gone home. Carolyn: Besides, we sat with her and Matthias at lunch yesterday and that didn't bother her. So I don't think she's jealous of you.
Carolyn: When Hannah sat down with me, I immediately saw something was wrong, so I asked her what was up.",No,"No. Carolyn explicitly states, ""I didn't know that Abi was off sick,"" during her conversation with Hannah. She explains she was in a rehearsal all morning and that Ama (who was also at the rehearsal) likely didn’t know either. This confirms Carolyn only learned about Abi’s absence from Hannah during their talk.","Okay, let's try to figure out the answer here. So the question is: ""Did Carolyn know Abi was off sick before talking to Hannah?"" Let me go through the story step by step.

Hannah arrives late to lunch and finds the only free seat next to Ama and Matthias. Ama says she's saving it for Abi, but Hannah knows Abi went home sick. Hannah then sits with Carolyn and tells her about the incident, explaining that Abi was sick. Carolyn responds by saying she didn't know Abi was off sick because she was in a rehearsal all morning and Ama was there too, so Ama probably didn't know either.

So, the key point here is Carolyn's knowledge before talking to Hannah. Carolyn mentions she was in rehearsal all morning and that Ama was also there. She then says she didn't know Abi was off sick. Since this information comes out during their conversation, it implies that Carolyn found out about Abi's absence from Hannah. Therefore, before talking to Hannah, Carolyn didn't know Abi was off sick. The answer should be no.",,,,,4.0,M,,False
H_3,You will be provided a story. At the end there is a yes/no question. Please answer as accurately as possible.,"Meet Hannah. She is late for the lunch break and when she comes in, all the places are taken. Then, she discovers there is a free chair next to Ama and her boyfriend, Matthias. Hannah: Hi guys, I'm late, can I sit here? Ama: Oh actually, I was saving that seat for Abi. Hannah: Oh, okay. Ama: Sorry! Hannah meets Carolyn. Hannah: Hey Carolyn, can I sit here? Carolyn: Sure. Carolyn: Hey are you OK? You look a bit upset. Hannah: Yeah I'm alright, it's just that Ama is so mean sometimes. Carolyn: What happened? Hannah: Well, I came in to lunch a bit late, and there were hardly any seats left, but when I asked if I could sit at the table with her and Matthias and their friends, Ama said she was saving the seat for Abi! Carolyn: So? Ama and Abi always save seats for each other. Hannah: But Abi went home sick this morning! So Ama couldn't have been saving the seat for her. She was just making up an excuse. Hannah: I think the real reason that she didn't want me to sit with them is that she's jealous. She thinks her boyfriend Matthias has a crush on me, but it isn't true! Carolyn: Well, I didn't know that Abi was off sick. I was in a rehearsal all morning, and actually, Ama was there too, so she probably didn't know either that Abi had gone home. Carolyn: Besides, we sat with her and Matthias at lunch yesterday and that didn't bother her. So I don't think she's jealous of you.
Ama: I thought that my boyfriend, Matthias, believed that Hannah liked him. Is this true?",No,"The answer is **no**. 

In the story, Hannah claims that Ama is jealous because she (Ama) thinks Matthias *has a crush on Hannah*. However, the question specifically asks whether Ama's belief that ""Matthias believes Hannah likes him"" is true. The narrative does not provide any evidence that Matthias himself holds this belief. The story focuses on Ama's potential jealousy and assumptions about Matthias's feelings, not Matthias's own beliefs about Hannah's feelings. Thus, there is no indication in the text that Matthias believes Hannah likes him.","Okay, let's try to figure out the answer to the question: ""Ama: I thought that my boyfriend, Matthias, believed that Hannah liked him. Is this true?"" 

First, I need to recap the story. Hannah was late for lunch and tried to sit next to Ama and Matthias, but Ama said the seat was saved for Abi. Hannah then tells Carolyn that Abi was home sick, implying Ama lied. Hannah thinks Ama is jealous because she believes Matthias has a crush on her (Hannah), but Hannah denies it. Carolyn counters that Ama might not have known Abi was sick and mentions they sat together the day before without issues.

The key points here are Hannah's claim that Ama's jealousy is because Ama thinks Matthias likes Hannah. However, Carolyn suggests Ama didn't know Abi was sick and that prior interactions were fine. Now, the question is whether Ama's belief that Matthias thinks Hannah likes him is true.

Looking at the dialogue, Hannah says, ""She thinks her boyfriend Matthias has a crush on me, but it isn't true!"" So from Hannah's perspective, Ama is jealous because she thinks Matthias is into Hannah. However, the user's question is phrased differently: Ama thought Matthias believed Hannah liked him. So it's about Matthias's belief, not Ama's. But according to Hannah, Ama's jealousy is due to Matthias's supposed crush on her (Hannah), not Matthias believing Hannah likes him. Wait, there's a nuance here. If Matthias has a crush on Hannah, that's him liking her. But the question is about Matthias believing that Hannah likes him. 

Hannah's statement is that Ama thinks Matthias has a crush on her (Hannah), which would mean Matthias likes Hannah. However, the question is whether Matthias believes Hannah likes him. The story doesn't mention Matthias's own beliefs directly. The only mention is Hannah denying that Matthias has a crush on her, but that's about his feelings, not his belief about hers. 

Carolyn's response is that she doesn't think Ama is jealous, referencing that they sat together before without issues. The story doesn't provide any direct evidence of Matthias's beliefs. The only person talking about feelings is Hannah saying Ama is jealous because of Matthias's supposed crush. There's no indication that Matthias himself believes Hannah likes him. The confusion might be between Ama's perception of Matthias's feelings versus his actual beliefs. The question is about whether Ama's thought (that Matthias believes Hannah likes him) is true. But in the story, Hannah says Ama thinks Matthias has a crush on her (Hannah), which is Matthias liking Hannah, not Matthias thinking Hannah likes him. So the two are different. The question is about Matthias believing Hannah likes him, but the story only mentions Ama thinking that Matthias likes Hannah. Therefore, unless there's a mix-up in the phrasing, the answer would be no because the story doesn't support that Matthias has any belief about Hannah's feelings towards him. The story only addresses Ama's possible jealousy based on her own suspicions about Matthias's feelings, not his beliefs about Hannah's.",,,,,4.0,I,,True
H_3,You will be provided a story. At the end there is a yes/no question. Please answer as accurately as possible.,"Meet Hannah. She is late for the lunch break and when she comes in, all the places are taken. Then, she discovers there is a free chair next to Ama and her boyfriend, Matthias. Hannah: Hi guys, I'm late, can I sit here? Ama: Oh actually, I was saving that seat for Abi. Hannah: Oh, okay. Ama: Sorry! Hannah meets Carolyn. Hannah: Hey Carolyn, can I sit here? Carolyn: Sure. Carolyn: Hey are you OK? You look a bit upset. Hannah: Yeah I'm alright, it's just that Ama is so mean sometimes. Carolyn: What happened? Hannah: Well, I came in to lunch a bit late, and there were hardly any seats left, but when I asked if I could sit at the table with her and Matthias and their friends, Ama said she was saving the seat for Abi! Carolyn: So? Ama and Abi always save seats for each other. Hannah: But Abi went home sick this morning! So Ama couldn't have been saving the seat for her. She was just making up an excuse. Hannah: I think the real reason that she didn't want me to sit with them is that she's jealous. She thinks her boyfriend Matthias has a crush on me, but it isn't true! Carolyn: Well, I didn't know that Abi was off sick. I was in a rehearsal all morning, and actually, Ama was there too, so she probably didn't know either that Abi had gone home. Carolyn: Besides, we sat with her and Matthias at lunch yesterday and that didn't bother her. So I don't think she's jealous of you.
Hannah: I told Ama that Abi was sick, so she had gone home, and that she no longer had to keep that chair free for her. Is this true?",Yes,"No. Hannah did not inform Ama that Abi was sick during their initial interaction. When Hannah asked to sit at Ama's table, Ama refused by saying she was saving the seat for Abi. Hannah responded with ""Oh, okay"" and left without mentioning Abi’s absence. Later, when speaking to Carolyn, Hannah *claimed* she told Ama about Abi being sick, but this conversation never actually occurred with Ama in the provided story. Therefore, Hannah's statement to Carolyn about having told Ama is not true.","Okay, let's try to figure out if Hannah's statement to Ama is true. So, the story goes like this: Hannah is late for lunch and tries to sit with Ama and Matthias. Ama says she's saving the seat for Abi. Then Hannah talks to Carolyn and mentions that Abi went home sick, so Ama couldn't have been saving the seat for her. Carolyn points out that Ama was in a rehearsal all morning and might not have known Abi was sick.

Wait, so when Hannah tells Carolyn that she told Ama about Abi being sick, is that true? Let me check the conversation again. The dialogue between Hannah and Carolyn goes like this: Hannah says, ""I told Ama that Abi was sick, so she had gone home, and that she no longer had to keep that chair free for her."" Then the question is whether this statement is true.

Looking back at the initial interaction between Hannah and Ama. When Hannah asks to sit, Ama says she's saving the seat for Abi. Hannah's response is just ""Oh, okay."" Then she leaves and talks to Carolyn. There's no mention of Hannah telling Ama about Abi being sick during their initial conversation. So Hannah only told Carolyn about Abi being sick, but the question is if she told Ama. According to the story as provided, after Ama said she was saving the seat, Hannah didn't mention Abi being sick to Ama. Instead, she went to Carolyn. So when Hannah later claims to Carolyn that she told Ama about Abi being sick, that doesn't seem to have happened in the actual interaction. Therefore, Hannah's statement to Carolyn about informing Ama is false. The answer should be no.",,,,,4.0,M,,True
H_3,You will be provided a story. At the end there is a yes/no question. Please answer as accurately as possible.,"Meet Hannah. She is late for the lunch break and when she comes in, all the places are taken. Then, she discovers there is a free chair next to Ama and her boyfriend, Matthias. Hannah: Hi guys, I'm late, can I sit here? Ama: Oh actually, I was saving that seat for Abi. Hannah: Oh, okay. Ama: Sorry! Hannah meets Carolyn. Hannah: Hey Carolyn, can I sit here? Carolyn: Sure. Carolyn: Hey are you OK? You look a bit upset. Hannah: Yeah I'm alright, it's just that Ama is so mean sometimes. Carolyn: What happened? Hannah: Well, I came in to lunch a bit late, and there were hardly any seats left, but when I asked if I could sit at the table with her and Matthias and their friends, Ama said she was saving the seat for Abi! Carolyn: So? Ama and Abi always save seats for each other. Hannah: But Abi went home sick this morning! So Ama couldn't have been saving the seat for her. She was just making up an excuse. Hannah: I think the real reason that she didn't want me to sit with them is that she's jealous. She thinks her boyfriend Matthias has a crush on me, but it isn't true! Carolyn: Well, I didn't know that Abi was off sick. I was in a rehearsal all morning, and actually, Ama was there too, so she probably didn't know either that Abi had gone home. Carolyn: Besides, we sat with her and Matthias at lunch yesterday and that didn't bother her. So I don't think she's jealous of you.
Hannah: I didn't believe that Matthias (Ama's boyfriend) really liked me. I wanted Carolyn to know that. Is this correct?",No,"Yes. In the story, Hannah explicitly states, ""She thinks her boyfriend Matthias has a crush on me, **but it isn't true!**"" This shows Hannah does not believe Matthias likes her and directly communicates this to Carolyn to clarify her position. Her goal in the conversation aligns with asserting this disbelief.","Okay, let's try to figure out the answer to the question. The user is asking whether it's correct that Hannah didn't believe Matthias liked her and that she wanted Carolyn to know that.

First, let's recap the story. Hannah arrives late to lunch and can't find a seat. She tries to sit next to Ama and Matthias, but Ama says the seat is saved for Abi. Hannah then sits with Carolyn and explains that she's upset because she thinks Ama was lying about saving the seat since Abi was home sick. Hannah speculates that Ama is jealous, thinking Matthias has a crush on her (Hannah), but she denies that's true. Carolyn counters that Ama might not have known Abi was sick because she was in a rehearsal all morning, which Ama also attended. Carolyn also mentions sitting with them before without issues, suggesting Ama isn't jealous.

Now, the question is about Hannah's belief regarding Matthias and her intention in talking to Carolyn. From the story, when Hannah says, ""I think the real reason... she's jealous. She thinks her boyfriend Matthias has a crush on me, but it isn't true!"" So Hannah is asserting that Matthias doesn't have a crush on her, and she's telling Carolyn that to clarify her position. She wants Carolyn to know that she (Hannah) doesn't believe Matthias likes her and that Ama's jealousy is unfounded.

Carolyn responds by suggesting that Ama probably didn't know Abi was sick and that she wasn't jealous before. But the key point here is Hannah's own statements. She clearly states that she doesn't believe Matthias has a crush on her and that she's explaining this to Carolyn. The question is whether this is correct based on the story.

So yes, according to Hannah's own words, she didn't believe Matthias liked her, and she told Carolyn that to make it clear. The story doesn't provide any evidence that contradicts Hannah's statement here. Even if Carolyn offers alternative explanations, Hannah's intention in the conversation is to convey that she doesn't believe Matthias has feelings for her and that Ama's excuse was a lie. Therefore, the answer should be yes.",,,,,5.0,I,,True
H_3,You will be provided a story. At the end there is a yes/no question. Please answer as accurately as possible.,"Meet Hannah. She is late for the lunch break and when she comes in, all the places are taken. Then, she discovers there is a free chair next to Ama and her boyfriend, Matthias. Hannah: Hi guys, I'm late, can I sit here? Ama: Oh actually, I was saving that seat for Abi. Hannah: Oh, okay. Ama: Sorry! Hannah meets Carolyn. Hannah: Hey Carolyn, can I sit here? Carolyn: Sure. Carolyn: Hey are you OK? You look a bit upset. Hannah: Yeah I'm alright, it's just that Ama is so mean sometimes. Carolyn: What happened? Hannah: Well, I came in to lunch a bit late, and there were hardly any seats left, but when I asked if I could sit at the table with her and Matthias and their friends, Ama said she was saving the seat for Abi! Carolyn: So? Ama and Abi always save seats for each other. Hannah: But Abi went home sick this morning! So Ama couldn't have been saving the seat for her. She was just making up an excuse. Hannah: I think the real reason that she didn't want me to sit with them is that she's jealous. She thinks her boyfriend Matthias has a crush on me, but it isn't true! Carolyn: Well, I didn't know that Abi was off sick. I was in a rehearsal all morning, and actually, Ama was there too, so she probably didn't know either that Abi had gone home. Carolyn: Besides, we sat with her and Matthias at lunch yesterday and that didn't bother her. So I don't think she's jealous of you.
Ama: I'm in Matthias' class. Normally I always save a seat for Abi, but not today, because she was sick. I told all this to Hannah. Is this correct?",No,"No. Ama's statement contradicts her earlier actions. When Hannah initially asked to sit there, Ama explicitly said, ""I was saving that seat for Abi,"" implying Abi was expected. However, Hannah later reveals Abi was already home sick, and Carolyn speculates Ama might not have known this due to being in rehearsal. Ama's final claim (""I normally save a seat for Abi, **but not today, because she was sick**"") conflicts with her original excuse to Hannah. If Ama knew Abi was sick and therefore didn’t save the seat, she wouldn’t have told Hannah she *was* saving it for Abi. The inconsistency shows Ama’s explanation is not correct. 

**Answer:** No.","Okay, let's start by breaking down the story. Hannah is late for lunch and finds all seats taken except one next to Ama and Matthias. She asks to sit there, but Ama says she's saving it for Abi. Hannah then sits with Carolyn and expresses that Ama was mean because Abi was actually home sick. Carolyn suggests that Ama might not have known Abi was sick since she was in rehearsal all morning. Then Ama claims that she didn't save the seat for Abi today because Abi was sick, and she told Hannah all this.

Wait, the question is whether Ama's statement is correct. Ama says she normally saves a seat for Abi but not today because Abi was sick, and she told Hannah this. But in the original story, when Hannah asked to sit there, Ama said she was saving it for Abi. Later, Hannah points out that Abi was sick, implying Ama's excuse was a lie. Carolyn counters that Ama might not have known Abi was sick because she was in rehearsal. Then Ama's statement now says she didn't save the seat today because Abi was sick and she told Hannah that. But in the initial interaction, Ama told Hannah she was saving the seat for Abi. So there's a contradiction here. If Ama knew Abi was sick, she wouldn't save the seat. But according to Carolyn, Ama might not have known. However, Ama's final statement claims she knew Abi was sick and thus didn't save the seat, which conflicts with her initial response to Hannah. Therefore, Ama's statement is incorrect because she initially told Hannah she was saving the seat for Abi, which she now says she didn't because Abi was sick. So the answer is no, Ama's statement isn't correct.",,,,,5.0,M,,True
H_3,You will be provided a story. At the end there is a yes/no question. Please answer as accurately as possible.,"Meet Hannah. She is late for the lunch break and when she comes in, all the places are taken. Then, she discovers there is a free chair next to Ama and her boyfriend, Matthias. Hannah: Hi guys, I'm late, can I sit here? Ama: Oh actually, I was saving that seat for Abi. Hannah: Oh, okay. Ama: Sorry! Hannah meets Carolyn. Hannah: Hey Carolyn, can I sit here? Carolyn: Sure. Carolyn: Hey are you OK? You look a bit upset. Hannah: Yeah I'm alright, it's just that Ama is so mean sometimes. Carolyn: What happened? Hannah: Well, I came in to lunch a bit late, and there were hardly any seats left, but when I asked if I could sit at the table with her and Matthias and their friends, Ama said she was saving the seat for Abi! Carolyn: So? Ama and Abi always save seats for each other. Hannah: But Abi went home sick this morning! So Ama couldn't have been saving the seat for her. She was just making up an excuse. Hannah: I think the real reason that she didn't want me to sit with them is that she's jealous. She thinks her boyfriend Matthias has a crush on me, but it isn't true! Carolyn: Well, I didn't know that Abi was off sick. I was in a rehearsal all morning, and actually, Ama was there too, so she probably didn't know either that Abi had gone home. Carolyn: Besides, we sat with her and Matthias at lunch yesterday and that didn't bother her. So I don't think she's jealous of you.
Carolyn: Ama hoped Hannah would join them at the table. I thought she would understand. Is this correct?",Yes,"Carolyn's statement is **not correct**. 

Here's the breakdown:  
1. **Ama's Action**: When Hannah asked to sit, Ama explicitly refused, stating the seat was saved for Abi. This directly contradicts the claim that Ama hoped Hannah would join them.  
2. **Carolyn's Reasoning**: Carolyn suggests Ama didn't know Abi was sick and assumed the seat-saving was genuine. However, this explains Ama’s refusal but does not imply Ama secretly wanted Hannah to join.  
3. **Contradiction**: Ama’s refusal and lack of invitation indicate she did not intend for Hannah to sit there. Carolyn’s assertion misinterprets Ama’s actions, conflating possible ignorance of Abi’s absence with a nonexistent desire to include Hannah.  

**Answer**: No. Ama did not hope Hannah would join them; she declined Hannah’s request, citing the saved seat. Carolyn’s assumption is incorrect.","Okay, let's try to figure out whether Carolyn's statement that ""Ama hoped Hannah would join them at the table. I thought she would understand."" is correct based on the story provided.

First, let me recap the story. Hannah is late for lunch and finds a free seat next to Ama and her boyfriend Matthias. She asks to sit there, but Ama says she's saving the seat for Abi. Hannah then sits with Carolyn, and they talk about the situation. Hannah thinks Ama is jealous because she believes Matthias has a crush on her, but Carolyn offers a different perspective. Carolyn mentions that Ama and Abi always save seats for each other, and points out that Ama was in a rehearsal all morning, so she might not have known that Abi went home sick. Carolyn also notes that they sat with Ama and Matthias the day before without any issues, so she doesn't think Ama is jealous. Then Carolyn makes the statement in question: ""Ama hoped Hannah would join them at the table. I thought she would understand.""

Now, the question is whether Carolyn's statement is correct. Let's break down the evidence from the story.

1. When Hannah tried to sit with Ama and Matthias, Ama said she was saving the seat for Abi. Hannah later reveals that Abi was home sick, implying Ama couldn't have been saving it for her. However, Carolyn counters that Ama was in a rehearsal all morning and might not have known Abi was sick. So if Ama didn't know Abi was absent, she genuinely might have been saving the seat, which would mean she didn't intend to exclude Hannah. But if Ama did know, then she might have been lying, which would support Hannah's jealousy theory.

2. Carolyn mentions that they sat with Ama and Matthias the day before without any problem, suggesting there's no existing issue. This would imply that Ama wasn't jealous before, so why would she suddenly be jealous now? This supports Carolyn's view that Ama's reason was genuine (saving the seat for Abi) and not jealousy.

3. Carolyn states that Ama hoped Hannah would join them. But in the story, when Hannah asked, Ama immediately said the seat was saved. There's no indication from Ama's words or actions that she wanted Hannah to join. Unless Carolyn is inferring that Ama would have wanted Hannah to join if the seat wasn't saved, but that's not stated. Alternatively, maybe Carolyn is suggesting that Ama's usual behavior would be welcoming, hence expecting Hannah to understand the seat-saving as a normal thing, not a rejection. But the direct interaction shows Ama denying Hannah the seat. So Carolyn's statement that Ama ""hoped"" Hannah would join seems contradictory unless there's a misunderstanding.

Wait, maybe Carolyn is being sarcastic or there's a miscommunication. Let me check the exact dialogue again. Carolyn says, ""Ama hoped Hannah would join them at the table. I thought she would understand."" Wait, that's the statement in question. But in the story, Ama actually refused Hannah. So how does that reconcile with Carolyn's statement?

Perhaps Carolyn is being ironic, or perhaps she's mistaken. Wait, no. Let me parse the exact exchange again. After Carolyn explains that Ama didn't know Abi was sick and that they had no issues the day before, she says: ""Ama hoped Hannah would join them at the table. I thought she would understand."" Is Carolyn saying that Ama had hoped Hannah would join, but Hannah didn't understand why the seat was saved? Or is Carolyn saying that she (Carolyn) thought Hannah would understand that Ama wanted her to join?

Wait, the original story's last lines are:

Carolyn: Besides, we sat with her and Matthias at lunch yesterday and that didn't bother her. So I don't think she's jealous of you.
Carolyn: Ama hoped Hannah would join them at the table. I thought she would understand.

So Carolyn is making two statements here. The first is that Ama isn't jealous. The second is that Ama hoped Hannah would join them, and Carolyn thought Hannah would understand (maybe understand that the seat was saved for Abi, not out of jealousy). But this seems conflicting because if Ama hoped Hannah would join, why did she say the seat was saved? Unless Carolyn is suggesting that Ama wanted Hannah to join but had to save the seat for Abi, and expected Hannah to understand that. But given that Abi was actually absent, but Ama didn't know, then Ama was genuinely saving the seat, not to exclude Hannah. Therefore, Carolyn's point is that Ama wanted Hannah to join but couldn't because she was saving the seat for Abi, and thus hoped Hannah would understand the situation. However, Hannah didn't understand because she knew Abi was absent, but Carolyn is pointing out that Ama didn't know that.

So Carolyn's statement ""Ama hoped Hannah would join them at the table. I thought she would understand."" Is this correct? The key here is whether Ama actually hoped Hannah would join. From the story, when Hannah asked to sit, Ama said the seat was saved for Abi. There's no indication that Ama wanted Hannah to join; in fact, she prevented her from sitting there. So Carolyn's assertion that Ama hoped Hannah would join seems incorrect unless there's a misunderstanding. Alternatively, Carolyn might be saying that under normal circumstances (if the seat wasn't saved), Ama would have wanted Hannah to join, hence hoping she'd understand why the seat was saved (because of Abi), not out of malice. But Carolyn's exact words are that Ama hoped Hannah would join them. That seems contradictory to Ama's action of refusing. Unless Carolyn is mistaken or there's a different interpretation.

Alternatively, perhaps Carolyn is suggesting that Ama's intention was not to exclude Hannah, but due to the seat being saved, and thus Ama hoped that Hannah would understand the situation (the seat-saving) and not take it personally. But Carolyn's phrasing is ""Ama hoped Hannah would join them at the table,"" which directly conflicts with Ama's action of refusing. So unless Carolyn is wrong, the statement might not be correct.

Wait, maybe there's a translation or phrasing issue. Let me check the exact lines again. The story says that Carolyn states: ""Ama hoped Hannah would join them at the table. I thought she would understand."" But in the interaction, Ama directly refused Hannah. So how can Carolyn say that Ama hoped she would join? Unless Carolyn is implying that Ama wanted her to join but couldn't because of the saved seat. So maybe in a different circumstance, Ama would have wanted her to join, but in this case, she had to save the seat. But Carolyn's statement is in the past tense: ""Ama hoped Hannah would join them..."" which would mean that at the time, Ama had that hope, which contradicts her refusal. Therefore, Carolyn's statement is incorrect based on the facts given. Because Ama did not allow Hannah to sit there, so she couldn't have hoped for her to join at that moment. Unless Carolyn is mistaken, perhaps because she didn't know that Ama had refused Hannah, but that's not the case because Hannah told Carolyn what happened. Alternatively, Carolyn might be trying to say that Ama's usual behavior is welcoming, so she hoped Hannah would join them in general, but in this instance, the seat was saved. But the way Carolyn phrases it seems to refer to this specific instance. Therefore, Carolyn's statement is not correct because Ama did not hope for Hannah to join them at the table in this instance; she refused her. Therefore, the answer would be no, Carolyn's statement is not correct.",,,,,5.0,I,,True
H_3,You will be provided a story. At the end there is a yes/no question. Please answer as accurately as possible.,"Meet Hannah. She is late for the lunch break and when she comes in, all the places are taken. Then, she discovers there is a free chair next to Ama and her boyfriend, Matthias. Hannah: Hi guys, I'm late, can I sit here? Ama: Oh actually, I was saving that seat for Abi. Hannah: Oh, okay. Ama: Sorry! Hannah meets Carolyn. Hannah: Hey Carolyn, can I sit here? Carolyn: Sure. Carolyn: Hey are you OK? You look a bit upset. Hannah: Yeah I'm alright, it's just that Ama is so mean sometimes. Carolyn: What happened? Hannah: Well, I came in to lunch a bit late, and there were hardly any seats left, but when I asked if I could sit at the table with her and Matthias and their friends, Ama said she was saving the seat for Abi! Carolyn: So? Ama and Abi always save seats for each other. Hannah: But Abi went home sick this morning! So Ama couldn't have been saving the seat for her. She was just making up an excuse. Hannah: I think the real reason that she didn't want me to sit with them is that she's jealous. She thinks her boyfriend Matthias has a crush on me, but it isn't true! Carolyn: Well, I didn't know that Abi was off sick. I was in a rehearsal all morning, and actually, Ama was there too, so she probably didn't know either that Abi had gone home. Carolyn: Besides, we sat with her and Matthias at lunch yesterday and that didn't bother her. So I don't think she's jealous of you.
Hannah: I asked if I could sit with Ama and her friends, but in the end I sat with Carolyn, because Ama said she was keeping the seat for Abi. Is this correct?",No,"Yes.  
Hannah's statement is factually accurate. She did ask to sit with Ama and Matthias (and their friends), was told the seat was saved for Abi, and subsequently sat with Carolyn instead. While the story reveals Hannah’s suspicion that Ama’s excuse was dishonest (since Abi was home sick), the *explicit events* Hannah describes—asking to sit with Ama’s group, being denied due to the seat being ""saved for Abi,"" and sitting with Carolyn—are correct as stated. Carolyn later suggests Ama might not have known Abi was sick, but this does not contradict the factual sequence Hannah recounts.","Okay, let's see. I need to figure out if the statement Hannah made at the end is correct. The question is: ""Hannah: I asked if I could sit with Ama and her friends, but in the end I sat with Carolyn, because Ama said she was keeping the seat for Abi. Is this correct?"" So, the user wants to know if this statement by Hannah is accurate based on the story provided.

First, let me recap the story. Hannah is late for lunch, all seats are taken except one next to Ama and Matthias. She asks to sit there, but Ama says she's saving it for Abi. Hannah ends up sitting with Carolyn. Later, Carolyn tells Hannah that Ama might not have known Abi was sick because Ama was in a rehearsal all morning. Hannah thinks Ama lied because Abi was actually home sick, implying Ama's excuse was false and maybe due to jealousy over Matthias.

Now, the key points to check are:
1. Did Hannah ask to sit with Ama and her friends?
2. Did she end up sitting with Carolyn because Ama said the seat was saved for Abi?

From the story: Hannah approaches Ama and Matthias (who is her boyfriend) and asks, ""Hi guys, I'm late, can I sit here?"" Ama replies she's saving the seat for Abi. So yes, Hannah did ask to sit with them. After being denied, she goes to Carolyn and asks to sit there, which Carolyn agrees to. So the sequence is correct: asked Ama, got rejected, sat with Carolyn. The reason given by Ama was saving the seat for Abi. 

But the complication is that Hannah later claims Abi was home sick, so Ama couldn't have been saving the seat for her. However, Carolyn points out that Ama might not have known Abi was sick because she was in rehearsal. So, the accuracy of Hannah's statement isn't about whether Ama's reason was truthful, but whether the events as described by Hannah happened. The question is whether Hannah's recount is factually correct, not whether her interpretation of Ama's motives is correct. 

Hannah's statement says she ended up sitting with Carolyn because Ama was saving the seat for Abi. That's exactly what happened. Regardless of whether Ama's reason was true or a lie, the fact remains that Ama gave that reason, leading Hannah to sit elsewhere. Therefore, the statement is correct in terms of the sequence of events. The underlying truth of Ama's excuse isn't part of the correctness here; the question is about the factual accuracy of Hannah's account. So the answer should be yes, it's correct.",,,,,5.0,M,,True
