Unnamed: 0,Q,CA,A,R
1A.1,"There is a shoe box, inside of it there are kids’ toys. The box is made out of see-through cardboard, so you can see what is inside. Yet, there is ""nike shoes"" printed on the label. Jake finds the shoe box, which he had never seen before. He reads the label. Jake is a shoe enthusiast, he is delighted to find it. True/False?",FALSE,"False. Although Jake is a shoe enthusiast and reads the label that says ""nike shoes,"" the box is made of see-through cardboard, allowing him to see that it contains kids' toys instead of shoes. Since Jake can see the actual contents, he would not be delighted upon finding the box because it does not contain the shoes he expects. His delight is based on the expectation of shoes, which is contradicted by the visible toys.","First, the scenario: There's a shoe box made of see-through cardboard, so you can see what's inside. Inside, there are kids' toys. But the label says ""nike shoes."" Jake finds this box, which he has never seen before. He reads the label. Jake is a shoe enthusiast, so he's delighted to find it.

The question is whether it's true or false that Jake is delighted.

Jake is a shoe enthusiast, so he loves shoes. He sees a box that says ""nike shoes"" on the label. Since he's enthusiastic about shoes, he would be excited to find what he thinks are Nike shoes. However, the box is see-through, so he can see inside that there are kids' toys, not shoes.

The key point is that he reads the label, but he can also see inside because the cardboard is see-through. So, even though the label says ""nike shoes,"" he can see that the contents are actually toys.

As a shoe enthusiast, if he sees that the box contains toys and not shoes, he might not be delighted because he wants shoes, not toys. But the question says he reads the label, and it doesn't explicitly say that he looks inside or notices the toys.

The box is made of see-through cardboard, so theoretically, he should be able to see what's inside as soon as he sees the box. But the question emphasizes that he reads the label. It might imply that he focuses on the label and might not immediately register the contents, or perhaps he does.

The question is about his delight based on reading the label. Since he is a shoe enthusiast, reading ""nike shoes"" on the label would make him delighted, regardless of what's inside, because he hasn't opened it yet or maybe he doesn't pay attention to the contents.

But the cardboard is see-through, so if he looks at the box, he should see the toys. However, the sequence might be that he finds the box, reads the label first, and gets delighted before noticing the contents.

The question says: ""He reads the label. Jake is a shoe enthusiast, he is delighted to find it."" It doesn't say that he sees the contents before reading the label or after.

Given that the box is see-through, it's possible that he sees the contents simultaneously, but since he reads the label and is delighted, it might be that his delight is based on the label alone.

But as a rational person, if he sees toys inside, he might not be delighted because he knows there are no shoes. However, the question is about his immediate reaction upon reading the label.

The question is from a logical perspective, probably testing whether we consider the transparency or the label.

I recall that in philosophy or logic, there might be a similar puzzle about belief and perception.

Perhaps Jake is delighted because he believes there are shoes inside based on the label, even though he can see the toys. But that seems irrational, but people can be irrational.

The question doesn't specify that he notices the toys. It only says he reads the label.

Since the cardboard is see-through, we must assume that he can see the contents unless otherwise stated. But the act of reading the label might draw his attention away from the contents.

The question says: ""you can see what is inside"" meaning that generally, one can see inside, but it doesn't say that Jake actually looks inside or notices.

When Jake finds the box, he might first see the label or first see the contents. The question says he reads the label, which implies that he is looking at the label, so perhaps he is not focusing on the contents at that moment.

But as a shoe enthusiast, he might be eager to see the shoes, so he might look inside immediately, but the delight might come from reading the label.

The question is: ""he is delighted to find it."" The ""it"" probably refers to the box or the shoes he expects.

Let's think about what ""find it"" means. He finds the box, and upon reading the label, he is delighted because he thinks he found Nike shoes.

But if he can see the toys, he should know that there are no shoes, so he shouldn't be delighted.

However, the question might be testing whether we go by the label or by the actual content.

Perhaps in terms of belief, Jake believes the label and is delighted, even if he sees the toys, but that would be delusional.

I think the reasonable answer is that since the box is see-through, he can see the toys, so he knows there are no shoes, so he is not delighted. Therefore, false.

But let's see the question: ""Jake is a shoe enthusiast, he is delighted to find it."" The ""it"" might be the box with the label, but since he loves shoes, the label alone might delight him, but that seems shallow.

Another thought: as a shoe enthusiast, he might be delighted to have a Nike shoe box, even if it contains toys, because he might collect boxes or something. But the question says he is delighted to find it, implying he thinks there are shoes.

The question doesn't say he opens the box; it just says he finds it and reads the label.

So, upon reading the label, he might assume there are shoes inside without looking, but since the box is see-through, he would have to intentionally ignore the contents to not see them.

But in a logical puzzle, we should consider the information available.

I remember a similar puzzle where a person sees a box labeled ""cookies"" but sees rocks inside, and whether they believe there are cookies.

Typically, if they see the rocks, they know there are no cookies, so they are not happy.

Similarly here, Jake can see the toys, so he knows there are no shoes, so he should not be delighted.

Therefore, it should be false that he is delighted.

But let's see the answer expected.

The question is true/false, so I need to choose.

Perhaps the delight is from the anticipation based on the label, before realizing the content.

But since the box is see-through, realization is immediate.

The question says ""he reads the label"" which might imply that he is focusing on the label, and since he is a shoe enthusiast, he gets excited by the word ""Nike shoes"" and might overlook the contents initially.

But that seems like a stretch.

In many logic puzzles, the label is taken at face value for belief, but here perception contradicts the label.

Let's think about Jake's mental state.

Jake finds the box. He had never seen it before. He reads the label. The label says ""nike shoes"". Since he is a shoe enthusiast, he is delighted because he expects shoes.

But at the same time, he can see through the box that there are toys inside. So, after reading the label, he might see the toys and then be disappointed, but the question is about whether he is delighted upon reading the label.

The question says: ""He reads the label. Jake is a shoe enthusiast, he is delighted to find it.""

The delight might be instantaneous upon reading the label, before processing the contents.

However, since the contents are visible, it's likely that he sees the contents at the same time as reading the label, so he would know immediately that there are no shoes.

But perhaps in terms of attention, reading the label might capture his attention, so he might not notice the contents right away.

This is ambiguous.

I think for the purpose of this puzzle, we should assume that Jake is rational and would notice the contents since the box is see-through, so he would not be delighted because he sees toys, not shoes.

Therefore, it is false that he is delighted.

Let's see if there is a standard answer.

Another idea: the box is made of see-through cardboard, so you can see what is inside, but the label is on the outside, so when he reads the label, he might not be looking at the contents if he is focused on the label.

But when he finds the box, he likely sees the whole box, so he would see the contents peripherally or directly.

I think it's reasonable to assume that he sees the contents upon finding the box, so before reading the label, he might already see toys, so when he reads the label, he might be confused but not delighted because he knows there are toys.

So, false.

Perhaps the delight is from the box itself, but he is a shoe enthusiast, not a box enthusiast.

The question says ""he is delighted to find it"" where ""it"" refers to the box, but because he thinks it contains shoes.

But since he can see it doesn't, he shouldn't be delighted.

I think I'm overcomplicating it.

Let's look for clues in the question.

""The box is made out of see-through cardboard, so you can see what is inside."" This is stated, so we know that Jake can see the toys inside.

""Jake finds the shoe box, which he had never seen before. He reads the label.""

So, he finds the box, and upon finding it, he can see inside, so he knows there are toys. Then he reads the label, which says ""nike shoes"", but since he already knows there are toys, he might think the label is wrong or something, so he wouldn't be delighted.

Therefore, he is not delighted, so the statement is false.

So, answer should be false."
1A.2,"There is a shoe box, inside of it there are kids‘ toys. The box is made out of see-through cardboard, so you can see what is inside. Yet, there is ""nike shoes"" printed on the label. Jake finds the shoe box, which he had never seen before. He reads the label. He believes that the box contains ...",Kids toys,"Based on the scenario, Jake can see through the see-through cardboard box and observe the kids' toys inside. Despite the label reading ""Nike shoes,"" Jake's direct visual perception of the contents would override the textual information on the label. Therefore, Jake believes that the box contains kids' toys.","First, the scenario: There's a shoe box made of see-through cardboard, so you can see the kids' toys inside. But the label says ""Nike shoes."" Jake finds this box, which he's never seen before, and he reads the label. The question is about what Jake believes is in the box.

Since the box is see-through, Jake can see inside that there are kids' toys. However, he reads the label that says ""Nike shoes."" The key point is what he believes based on the information he has.

Jake has two sources of information: visual and textual. He sees the toys inside because the cardboard is transparent, but he also reads the label that claims there are shoes.

In terms of belief, people often trust their eyes more than labels, especially if the label might be misleading or if the box is reused. But the problem is that he had never seen the box before, so he has no prior knowledge about it.

The question is incomplete; it says ""He believes that the box contains ..."" and I need to fill in the blank. But based on the context, I should infer what Jake would believe.

Logically, if Jake sees the toys inside through the transparent box, he should believe that there are toys in the box, regardless of the label. The label might be wrong or outdated.

But the label says ""Nike shoes,"" which might be a brand of shoes, so it could be that the box originally contained shoes but now contains toys, and the label wasn't changed.

Since Jake can see inside, he should trust his vision. Therefore, he should believe that the box contains kids' toys.

The problem might be testing understanding of belief formation or perhaps a philosophical point about perception vs. testimony.

In epistemology, perception is often considered more reliable than testimony, especially direct perception.

So, Jake would believe what he sees, not what the label says.

Therefore, Jake believes that the box contains kids' toys.

The answer should be ""kids' toys"" or something similar.

The question is phrased to be answered, so I think I need to state it clearly."
1B.1,"Jake is on the road, he wants to find his way to Leiden but doesn't know the directions. He sees a sign that points out that Amsterdam is to the right and Leiden is to the left. Jake does not know how to read. Jake is now relieved. True/False? ",FALSE,"Jake cannot read the sign, so he does not know that Leiden is indicated to the left. Therefore, he gains no useful information about the direction to Leiden from the sign. Since he remains unaware of the correct direction, there is no reason for him to be relieved. Thus, the statement that Jake is now relieved is false.

**False**","First, the sign says that Amsterdam is to the right and Leiden is to the left. Jake doesn't know how to read, so he can't understand what the sign says. But the question is that Jake is now relieved. Relieved means he feels better because he thinks he knows the way.

Jake wants to go to Leiden. Since he can't read, he might misinterpret the sign. The sign has words, but he can't read them, so he might just see the arrows or something. But the sign points out directions: right for Amsterdam, left for Leiden.

If Jake can't read, he doesn't know which arrow points to which city. So, he might guess or be confused. But the problem says he is relieved, which implies that he thinks he has figured out the way.

Perhaps Jake assumes that the sign is correct for him. But since he can't read, he might not know which direction is for Leiden.

Let me think about the scenario. Jake is on the road and sees a sign. The sign has two arrows: one pointing left with the word ""Leiden"" and one pointing right with the word ""Amsterdam"". But Jake can't read the words, so he only sees the arrows pointing left and right.

He wants to go to Leiden. How does he know which arrow corresponds to Leiden? He doesn't, because he can't read.

But the problem says he is relieved. Why would he be relieved? Maybe because he sees that there are directions, so he knows that the sign indicates the way to some places, but since he can't read, he might think that the sign confirms that Leiden is one of the destinations, but he doesn't know which way.

That doesn't make sense. Perhaps Jake is relieved because he thinks that the sign will help him, but without reading, it doesn't.

Maybe Jake knows that Leiden is a city and Amsterdam is another, but since he can't read, he can't tell which is which.

But let's read the problem again: ""Jake is now relieved."" It implies that after seeing the sign, he feels relieved.

Why would he be relieved? Only if he believes he knows the way to Leiden.

But since he can't read, he doesn't know which direction is Leiden.

Unless he makes an assumption. For example, if he knows that Amsterdam is in one direction and Leiden in another, but he doesn't know which is which, so he might still be confused.

The sign points left for Leiden and right for Amsterdam. If Jake can't read, he might choose left or right randomly, but that wouldn't necessarily make him relieved because he might be wrong.

The problem doesn't say that he decides to go a certain way; it just says he is relieved. So, perhaps the mere presence of the sign relieves him because it confirms that he is on a road that leads to Leiden, even if he doesn't know the direction yet.

But that seems weak. Let's think differently.

Perhaps Jake interprets the sign based on his own knowledge or expectation. But the problem doesn't provide any information about what Jake knows.

Another thought: Jake might be relieved because the sign has the word ""Leiden"" on it, and even though he can't read, he might recognize the shape of the word or something. But the problem says he does not know how to read, so he probably doesn't recognize words.

The problem says ""Jake does not know how to read,"" which means he is illiterate, so he can't read any words.

So, he sees the sign with words and arrows, but he doesn't understand the words.

So, how can he be relieved?

Perhaps he is relieved because he sees that there is a sign, and he assumes that signs always point to places, so he might ask someone or something, but the problem doesn't say that.

The problem is straightforward: he sees the sign, and he is relieved.

But why? 

Let's consider the logic. The sign points out that Amsterdam is to the right and Leiden is to the left. Jake wants to go to Leiden. If he could read, he would know to go left, and he would be relieved. But since he can't read, he doesn't know that.

However, maybe Jake thinks that the sign is indicating directions based on his current position, but he doesn't know which city is which.

I recall a similar puzzle or joke. Sometimes, people who can't read might assume that the sign is pointing to the place they want to go based on the arrow direction or something.

But let's think about Jake's perspective. He wants to go to Leiden. He sees a sign with two arrows. One points left, one points right. He doesn't know which arrow is for Leiden.

But perhaps he is relieved because he now knows that Leiden is listed on the sign, so it must be nearby or accessible. But since he can't read, he doesn't know that Leiden is on the sign. He sees the words but doesn't know what they say.

So, that doesn't work.

Another idea: maybe Jake is not alone, or he thinks that he can ask someone, but the problem doesn't mention anyone else.

The problem only says he sees a sign and is relieved.

Perhaps Jake misunderstands the sign. For example, if he thinks that the sign is pointing to the direction based on the way he is facing, but that doesn't help.

Let's read the problem carefully: ""Jake is on the road, he wants to find his way to Leiden but doesn't know the directions. He sees a sign that points out that Amsterdam is to the right and Leiden is to the left.""

Now, ""Jake does not know how to read."" So, when he sees the sign, he sees the physical sign with arrows and words, but he can't read the words.

So, he sees that there is a sign with two arrows: one pointing left and one pointing right. He doesn't know which arrow corresponds to which city.

But he wants to go to Leiden. How does he know which way to go? He doesn't.

So, why would he be relieved? He shouldn't be relieved because he still doesn't know the direction to Leiden.

Unless he assumes that the left arrow is for Leiden because he wants to go to Leiden and left might be intuitively correct or something. But that doesn't make sense.

Perhaps in some cultures, left is associated with certain things, but no.

I remember a famous logic puzzle where a person who can't read sees a sign and is relieved because he knows that one of the directions is correct, but he doesn't know which, but that doesn't cause relief.

Another thought: maybe Jake is relieved because the sign confirms that he is on the right road? But how? He can't read, so he doesn't know that Leiden is on the sign.

Let's consider that Jake might recognize the word ""Leiden"" even though he can't read. But if he can't read, he might not recognize any words. However, sometimes people who can't read might recognize familiar words like their city name. But the problem says ""does not know how to read,"" which typically means he cannot read words, but he might recognize the shape of his city's name if he has seen it before.

But the problem doesn't say that he recognizes the word. It says he doesn't know how to read, so probably he doesn't recognize the word.

But let's assume that he might recognize the word ""Leiden"" because it's his destination. But the problem doesn't specify that he is familiar with the word visually.

The problem says he wants to go to Leiden, so he might know the name orally, but not visually.

So, when he sees the sign, he sees the word ""Leiden"" but doesn't know that it says Leiden because he can't read.

So, he doesn't know that Leiden is on the sign.

Therefore, he should not be relieved.

But the problem says he is relieved. So, there must be a reason.

Perhaps Jake is relieved because he sees that there is a sign, and he believes that signs always point to important places, so he thinks that Leiden must be one of them, but he still doesn't know which way, so he might not be fully relieved.

That seems inconsistent.

Let's think about the fact that the sign points left for Leiden and right for Amsterdam. Jake wants to go to Leiden. If he could read, he would go left and be relieved. But since he can't read, he might go right or left, but why relieved?

I recall a similar puzzle where a man who can't read sees a sign and is happy because he knows that the sign is there, so he can ask someone else later, but again, the problem doesn't say that.

Perhaps for Jake, the mere presence of a sign means that he is on a major road, and thus he will eventually find someone to ask, but that seems stretched.

Another idea: maybe Jake thinks that the sign is pointing to the direction based on the way the sign is oriented, but that doesn't help.

Let's consider the possibility that Jake is not from the area, so he doesn't know which city is where, but he wants Leiden.

But still.

Perhaps Jake is relieved because he sees that the sign has two arrows, so he knows that both Amsterdam and Leiden are accessible from here, but since he can't read, he doesn't know that Amsterdam and Leiden are on the sign. He sees words but doesn't know what they say.

So, he doesn't know that the sign mentions Leiden.

Therefore, he should not be relieved.

But the problem says he is relieved, so there must be a trick.

Let's read the problem once more: ""Jake is on the road, he wants to find his way to Leiden but doesn't know the directions. He sees a sign that points out that Amsterdam is to the right and Leiden is to the left. Jake does not know how to read. Jake is now relieved.""

Perhaps the key is that Jake does not know how to read, but he might think that the sign is for something else, but no.

Maybe Jake is relieved because he misunderstands the sign. For example, if he thinks that the sign is pointing to the cities based on his perspective, but he doesn't know which city is which, so he might think that Leiden is to the right because he wants it to be, but that doesn't cause relief.

I found a similar puzzle online or in memory. Sometimes, if a person can't read, they might assume that the sign is pointing to the direction they want to go if they are optimistic, but that's not logical.

Another thought: perhaps Jake is relieved because he knows that if Leiden is to the left, then he should go left, but since he can't read, he doesn't know that Leiden is to the left.

Let's think about the sign itself. The sign says ""Amsterdam →"" and ""Leiden ←"" or something. But Jake can't read the words, so he only sees arrows.

But he wants to go to Leiden, so he needs to know which arrow is for Leiden.

But he doesn't know.

Unless the sign has symbols or something, but the problem doesn't say that.

Perhaps in some countries, signs have colors or patterns that indicate cities, but again, not mentioned.

I think I need to consider that Jake might have prior knowledge. But the problem doesn't say that.

Let's consider the possibility that Jake knows that Amsterdam is in one direction and Leiden in another, but he doesn't know which is which. When he sees the sign, he can see that there are two directions, so he knows that Leiden is one of them, but he still doesn't know which way, so why relieved?

That doesn't make sense.

Perhaps Jake is relieved because he now knows that he has to choose between left and right, and he might guess, but that doesn't cause relief; it might cause anxiety.

The problem says he is relieved, so he must feel that he has found the way.

Perhaps for Jake, the sign confirms that he is on the road to Leiden because Leiden is listed, but since he can't read, he doesn't know it is listed.

I recall a joke: a man who can't read sees a sign with two arrows, and he is relieved because he knows that one of the arrows points to his destination, so he knows he is close, but he doesn't know which arrow, so he is not sure, but he is relieved that he is on the right track.

But that might be it.

But let's see the sign: it points to Amsterdam and Leiden. So, if Jake wants to go to Leiden, and he sees that the sign has two cities, he might assume that Leiden is one of them, but since he can't read, he doesn't know that the sign says Leiden and Amsterdam.

So, how does he know that Leiden is on the sign? He doesn't.

Unless he can infer from the context. But the problem doesn't provide context.

Perhaps Jake sees the sign and recognizes that it is a direction sign, so he knows that it points to some cities, and since he is looking for Leiden, he hopes that Leiden is there, but he doesn't know, so he might not be relieved.

I think I have a breakthrough. Maybe Jake is relieved because he thinks that the sign is pointing to the direction based on the way he is facing, and he wants to go to Leiden, so he assumes that the left arrow is for Leiden because left is often associated with less common things or something, but that's silly.

Another idea: perhaps Jake knows that Amsterdam is a large city, and Leiden is a smaller city, and he might assume that the right arrow points to the large city and left to the small city, but he doesn't know which is which from the sign since he can't read, so he might assume that Leiden is to the left because it is smaller, but that requires him to know that Amsterdam is large and Leiden is small, which might not be true for him.

The problem doesn't say that Jake knows about Amsterdam or Leiden.

Let's assume that Jake knows that Amsterdam is the capital or a major city, so he might expect that it would be signed, but he wants Leiden, so if he sees a sign with two cities, he might guess that the major city is to the right and the minor to the left, so he goes left for Leiden. But since he can't read, he doesn't know which city is which on the sign, so he doesn't know that Amsterdam is major and Leiden is minor from the sign alone.

So, he might not know.

But if he knows that Amsterdam is major, then when he sees the sign, he might see the word ""Amsterdam"" but since he can't read, he doesn't know that it says Amsterdam. So, he doesn't know that one of the words is Amsterdam.

So, he can't make that inference.

Therefore, I think there is a mistake in my reasoning.

Perhaps the answer is false because Jake cannot read, so he cannot be relieved because he doesn't know the direction to Leiden.

But the problem says he is relieved, so we need to determine if that is true or false based on logic.

Let's look for similar puzzles online since this might be a known puzzle.

After thinking, I remember that in some puzzles, the person is relieved because they know that the sign is there, so they can ask the next person they meet, but again, not stated.

Perhaps for Jake, the sign indicates that there are cities nearby, so he won't be lost forever, but he still doesn't know how to get to Leiden.

But he wants specifically Leiden, so that might not relieve him.

Let's consider that Jake might have been worried that he was on the wrong road altogether, but seeing a sign confirms that he is on a road that leads to some cities, so he might find his way eventually, so he is relieved.

But that seems general.

The problem is from a logic perspective, so there must be a specific reason.

Another thought: maybe Jake is relieved because he thinks that the sign is pointing to Leiden based on the arrow direction relative to his body. But he doesn't know which arrow is for Leiden.

Suppose Jake is facing the sign. The sign has an arrow pointing left and an arrow pointing right. From his perspective, left and right are defined. But he doesn't know which arrow corresponds to Leiden.

So, he might choose randomly, but why relieved?

Perhaps he is relieved because he now knows that Leiden is to the left or right, but he doesn't know which, so he is not sure, so he should not be relieved.

I think I found a possible solution: if Jake cannot read, he might not care about the words and only look at the arrows, but since he wants to go to Leiden, he might assume that the left arrow is for Leiden because he wants to go to Leiden, and left might be the direction he wants to go, but that doesn't make sense.

Let's consider the sign's placement. Perhaps the sign is designed such that the arrow pointing to Leiden is on the left side of the sign, and Amsterdam on the right side, but Jake doesn't know which is which.

But if Jake knows that Leiden is in a certain direction from his knowledge, he might compare, but the problem says he doesn't know the directions, so he has no prior knowledge.

So, he doesn't know whether Leiden is left or right.

So, after seeing the sign, he still doesn't know.

So, he should not be relieved.

Therefore, the answer might be false.

But the problem says ""Jake is now relieved"" and we need to say if that is true or false.

Perhaps from Jake's perspective, he is relieved because he sees that there is a sign, and he believes that signs are accurate, so he thinks that he can figure it out later, but that doesn't immediately relieve him.

I think I have to go with false.

But let's see the initial statement: ""Jake is now relieved."" True or False?

Based on logic, since he can't read, he doesn't gain any information about the direction to Leiden, so he should not be relieved. Therefore, it is false.

But why would the problem say he is relieved? Maybe there is a misunderstanding.

Another idea: perhaps Jake is relieved because he thinks that the sign is pointing to the direction based on the names, but since he can't read, he might think that the word ""Leiden"" is associated with the left arrow because he hears the word left or something, but that doesn't work.

Perhaps in Dutch or something, but the sign is in English or local language.

I think I need to accept that Jake is not relieved because he can't read, so the statement is false.

So, for the answer, I'll say false."
1B.2,"Jake is on the road, he wants to find his way to Leiden but doesn't know the directions. He sees a sign that points out that Amsterdam is to the right and Leiden is to the left. Jake does not know how to read. To which direction Jake will turn his car?","Not enough info, he doesn’t understand the sign","Jake cannot read the text on the sign, but he can observe the physical layout of the sign. Typically, on direction signs, the city name for the left direction is placed on the left side of the sign, and the city name for the right direction is placed on the right side. Since Jake wants to go to Leiden, and he sees that there is text on the left side of the sign, he may assume that the left text corresponds to the left direction. Therefore, he turns left, which coincidentally is the correct direction for Leiden based on the sign's information.

Thus, Jake will turn his car to the left.","First, the problem states that Jake is on the road and wants to go to Leiden. He sees a sign that says Amsterdam is to the right and Leiden is to the left. But Jake doesn't know how to read, so he can't understand the text on the sign.

The key point is that Jake doesn't know how to read, so he can't interpret the words ""Amsterdam"" or ""Leiden"" on the sign. He only sees the sign pointing in two directions: one to the right and one to the left.

The sign is pointing out directions: right for Amsterdam, left for Leiden. Since Jake can't read, he doesn't know which direction corresponds to which city. He just sees that the sign has arrows pointing left and right.

Jake wants to go to Leiden, but he doesn't know that the sign indicates Leiden to the left because he can't read. So, how would he decide which way to go?

The problem might be implying that Jake will misinterpret the sign or make a random choice. But I need to think logically.

Perhaps Jake might assume that the sign is correct and try to infer from the context, but since he can't read, he has no information about which direction is for which city.

Maybe Jake will turn based on the direction the sign is pointing, but he doesn't know which city is which.

Another thought: the sign might have symbols or universal signs, but the problem says he doesn't know how to read, which probably includes not understanding symbols if they are text-based.

The sign says ""Amsterdam is to the right and Leiden is to the left"" – this is text, so he can't read it.

So, Jake is left with a sign that has two arrows: one pointing right and one pointing left. But he doesn't know which arrow is labeled for which city.

Since he wants to go to Leiden, but he doesn't know which way Leiden is, he might just guess randomly.

But that seems too straightforward, and probably not what the problem intends.

Perhaps there's a trick here. Let me read the problem again: ""Jake is on the road, he wants to find his way to Leiden but doesn't know the directions. He sees a sign that points out that Amsterdam is to the right and Leiden is to the left. Jake does not know how to read.""

Now, Jake doesn't know how to read, so he sees the sign but doesn't understand the words. However, he might see the arrows and think that the sign is indicating directions, but without knowing which is which, he might be confused.

But the problem is asking to which direction Jake will turn his car.

Since he wants to go to Leiden, and he doesn't know which way that is, he might not turn at all or go straight, but the sign implies that he needs to choose between left and right.

Perhaps Jake will turn to the left because the sign points left for Leiden, but he doesn't know that, so why would he turn left?

Maybe Jake interprets the sign based on his own perspective or something.

Another idea: perhaps Jake thinks that the sign is written from the perspective of someone facing the sign or something like that. But that might be overcomplicating.

Let's think about how signs work. Typically, road signs have arrows that point in the direction of the city. So, if the sign has an arrow pointing left, it means that if you go left, you'll reach Leiden, similarly for right.

But since Jake can't read, he doesn't know which arrow is for Leiden. So, he might choose randomly.

But that doesn't seem like a satisfactory answer.

Perhaps the problem is that Jake doesn't know how to read, so he might misinterpret the words. For example, he might think that ""Amsterdam"" is ""Leiden"" or something, but since he can't read, he doesn't know what the words say at all.

The problem says ""he sees a sign that points out that Amsterdam is to the right and Leiden is to the left"" – this is the content of the sign, but Jake doesn't perceive that content because he can't read.

So, from Jake's perspective, he sees a sign with some writing and arrows, but he can't decipher the writing. So, the arrows might be meaningful, but he doesn't know which arrow corresponds to which city name because the names are written next to the arrows.

So, he sees two arrows: one pointing left and one pointing right, with text next to them, but he can't read the text.

Therefore, he has no information about which direction leads to Leiden.

So, logically, Jake might not turn anywhere or might turn randomly.

But the problem implies that he will turn his car in some direction, so we need to infer what he might do.

Perhaps there is a common misconception or a psychological factor.

Another thought: maybe Jake assumes that the sign is oriented in a standard way, but that doesn't help.

Let's consider that Jake wants to go to Leiden, and he knows he doesn't know the way, so upon seeing a sign, even though he can't read, he might hope that the sign can help him, but since he can't read, he might choose based on other factors.

But the problem doesn't provide any other factors.

Perhaps from the way the sign is made, the left arrow might be closer to him or something, but that's not mentioned.

I recall a similar puzzle where a person who can't read might turn the wrong way because they misinterpret the sign.

But let's think about the words themselves. Jake doesn't know how to read, so he might not even recognize that the words are city names; he might just see shapes.

But that doesn't help.

Perhaps Jake will turn to the right because Amsterdam is a well-known city, and he might assume that the sign points to a famous city, but he doesn't know that Amsterdam is on the sign because he can't read.

That doesn't work.

Another idea: perhaps Jake will turn to the left because in some languages, left might be associated with something, but that seems unlikely.

Let's read the problem carefully: ""Jake is on the road, he wants to find his way to Leiden but doesn't know the directions. He sees a sign that points out that Amsterdam is to the right and Leiden is to the left.""

Now, Jake doesn't know how to read, so when he sees the sign, he sees the physical orientation of the sign.

Typically, signs are placed such that the arrows point in the actual direction. So, if the sign has an arrow pointing left, it means that if you go left, you'll reach the city.

But since Jake can't read, he doesn't know which arrow is for Leiden.

However, Jake might notice that there are two arrows, one left and one right, and he might decide to go left or right based on chance.

But that can't be the answer.

Perhaps there is a trick with the words ""right"" and ""left"" themselves. The sign says ""to the right"" and ""to the left"", but Jake can't read, so he doesn't understand those words.

But when we say ""to the right"", it means the direction right from Jake's perspective when he is facing the sign.

Similarly for left.

So, when Jake is driving, he approaches the sign, and he sees it. The sign has arrows pointing left and right relative to the sign's orientation.

But usually, signs are designed to be read from the driver's perspective, so the arrow pointing left means turn left, and right means turn right.

But since Jake can't read the labels, he doesn't know which arrow is for which city.

So, for Jake, he has a 50% chance of going left or right.

But the problem likely expects a specific direction.

Perhaps Jake will turn to the direction that the sign is pointing for Leiden, but since he can't read, he doesn't know, so he might turn to the wrong direction.

But that doesn't make sense.

Another thought: maybe Jake thinks that the sign is telling him the direction to Amsterdam because it is mentioned first or something, but he can't read, so he doesn't know what is mentioned first.

Let's consider the sentence: ""Amsterdam is to the right and Leiden is to the left."" So, on the sign, it might have ""Amsterdam"" with an arrow right and ""Leiden"" with an arrow left.

But Jake can't read, so he sees two words with arrows.

He might assume that the word on the left side of the sign corresponds to left direction, but that might not be true.

Typically, on signs, the city names are placed next to the arrows, so if the arrow points left, the name Leiden is on the left side of the arrow or something? This is confusing.

In standard road signs, often the arrow points in the direction, and the name is written above or below the arrow, so the spatial arrangement might not indicate the direction.

For example, a sign might have:

Left arrow: Leiden

Right arrow: Amsterdam

But the text ""Leiden"" is written next to the left arrow, so from Jake's perspective, when he looks at the sign, the word ""Leiden"" is on the left side of the sign, but that doesn't mean anything because he can't read it.

So, Jake might see that there is text on the left side of the sign and text on the right side, but since he can't read, he doesn't know which text corresponds to which city.

He might infer that the text on the left indicates left direction, but that would be incorrect because the text on the left might be for the right arrow if the arrow is pointing right but the text is on the left side of the arrow.

This is messy.

Perhaps for simplicity, we assume that the sign has two arrows: one pointing left with the word ""Leiden"" next to it, and one pointing right with the word ""Amsterdam"" next to it. But Jake can't read the words, so he only sees the arrows pointing left and right.

So, he knows that left leads to some city and right leads to some city, but he doesn't know which is which.

Since he wants to go to Leiden, he has no way to know, so he might choose randomly.

But that can't be the intended answer.

I recall a similar puzzle where a person who is illiterate might turn to the right because they think that the sign is for them, and since they are right-handed, they turn right, or something like that.

But that seems arbitrary.

Perhaps in this context, Jake might turn to the left because Leiden is to the left, but he doesn't know, so why would he?

Let's think about the fact that Jake wants to go to Leiden, and he sees a sign. Even though he can't read, he might try to guess based on the length of the words or something. For example, ""Leiden"" has fewer letters than ""Amsterdam"", so he might think that the shorter word is Leiden, but he can't read, so he doesn't know how many letters each word has; he sees shapes, so he might perceive that one word is longer than the other.

But that might be possible. ""Amsterdam"" has more letters than ""Leiden"", so the word for Amsterdam might appear longer on the sign. If Jake notices that, he might assume that the longer word is for Amsterdam, which is a bigger city, and since he wants to go to Leiden, he might choose the direction with the shorter word.

But that requires him to know that Amsterdam is a big city and Leiden is smaller, but he might not know that, or he might, since he wants to go to Leiden, he might know that Leiden is not Amsterdam, so if he assumes that the longer word is Amsterdam, he might go to the direction with the shorter word.

But this is assuming a lot, and the problem doesn't say that Jake knows anything about the cities.

The problem says he wants to go to Leiden, so he must know what Leiden is, but he doesn't know the directions, so he might know that Leiden is a city, but not how to get there.

But he might not know how Amsterdam is spelled or how long the word is.

Since he can't read, he might not even recognize the words as words; he might just see patterns.

But let's assume that he can see that one word is longer than the other.

""Amsterdam"" has 9 letters, ""Leiden"" has 6 letters, so indeed, Amsterdam might appear longer on the sign.

If Jake notices that, and if he knows that Amsterdam is a large city and Leiden is smaller, he might infer that the longer word is Amsterdam, so the shorter word is Leiden, and then he would look at which arrow is next to the shorter word.

But on the sign, the word ""Leiden"" is next to the left arrow, so if he identifies the shorter word as Leiden, he would turn left.

But this requires that he knows that Amsterdam is larger and has a longer name, which might not be true if he can't read.

Also, he might not know the spelling of Amsterdam or Leiden.

This seems unreliable.

Perhaps there is a better way.

Another idea: perhaps Jake will turn to the left because the sign says ""Leiden is to the left"", but since he can't read, he doesn't know, so he might turn to the right by mistake.

But why would he turn to the right?

Let's consider the way the sign is phrased in the problem: ""a sign that points out that Amsterdam is to the right and Leiden is to the left.""

From this, we can assume that the sign is designed such that from Jake's perspective, when he reads the sign, he would see that Leiden is to the left.

But since he can't read, he might not see that.

Perhaps Jake will follow the direction that most people take, but that's not mentioned.

I think I need to consider that Jake might interpret the sign based on the position of the words relative to the arrows.

Suppose the sign has two lines: on the top, it says ""Amsterdam"" with an arrow pointing right, and on the bottom, it says ""Leiden"" with an arrow pointing left. But Jake can't read, so he sees two lines of text with arrows.

He might assume that the top line is for the straight ahead or something, but the arrows point left and right.

Typically, on direction signs, the arrows are aligned with the text, so if the arrow points left, the text is on the left side of the sign for that arrow.

But from a driver's perspective, when approaching the sign, the sign might have the left arrow on the left side of the sign and the right arrow on the right side of the sign.

So, physically, on the sign, the left arrow is located on the left side, and the right arrow on the right side.

Then, the text for each arrow is next to it.

So, for the left arrow, the text ""Leiden"" is on the left side of the sign, and for the right arrow, the text ""Amsterdam"" is on the right side of the sign.

Now, Jake can't read the text, but he can see that there is text on the left side of the sign and text on the right side of the sign.

He might then assume that the text on the left side corresponds to the left direction, and the text on the right side corresponds to the right direction.

So, if he wants to go to Leiden, but he doesn't know which text is for Leiden, he might still think that the left text is for left direction, so he should go left.

But he wants to go to Leiden, and he doesn't know that the left text says ""Leiden"", so if he assumes that the left text indicates the left direction, then he would turn left, which is correct for Leiden.

But why would he assume that? He might think that the sign is designed such that the city name on the left is reached by going left, etc.

But since he can't read, he doesn't know what the left text says; it could say ""Amsterdam"" for all he knows, but in this case, on the sign, the left text is ""Leiden"" because the left arrow is for Leiden.

In this setup, the left text is for left arrow, so it says ""Leiden"", so if Jake assumes that the text on the left side of the sign indicates the city to the left, then he would turn left to go to that city, which is Leiden.

So, he would turn left.

Similarly, if he assumes that the text on the right side indicates the city to the right, he would turn right for Amsterdam, but he wants Leiden, so he would turn left.

So, in this case, Jake might turn left because he associates the left side text with left direction.

But is this reasoning valid? It depends on how the sign is constructed.

In most road signs, the city name is written next to the arrow, so if the arrow points left, the name is on the left side of the arrow, which might be on the left side of the sign overall.

Similarly for right.

So, yes, typically, the text for left direction is on the left side of the sign, and for right direction on the right side.

Therefore, even though Jake can't read, he can see that there is text on the left and text on the right, and he might infer that the left text corresponds to the left turn and right text to the right turn.

Since he wants to go to Leiden, but he doesn't know which city is which from the text, he might still turn left if he wants to go to the city on the left, but he doesn't know that the city on the left is Leiden.

He wants to go to Leiden, so he needs to know that the left text says Leiden, but he can't read, so he doesn't know.

So, if he turns left, he is assuming that the city on the left is the one he wants, but he doesn't know that.

This seems flawed.

Perhaps Jake has no choice but to guess, and since there are two options, he might turn left or right with equal probability.

But let's look for standard solutions to this kind of puzzle.

I remember a puzzle where a man who cannot read comes to a fork in the road and sees a sign with two arrows, one pointing left and one pointing right, with city names. He wants to go to one city, but since he can't read, he asks someone or something, but here there is no one else.

Another thought: perhaps Jake will turn to the right because Amsterdam is to the right, and Amsterdam is a major city, so he might think that the sign is pointing to Amsterdam as a primary destination, but he wants Leiden, so he should go the other way, but since he can't read, he doesn't know that Amsterdam is on the sign.

This is not working.

Let's consider that Jake might be able to recognize the word ""Leiden"" because it might be familiar to him, but the problem says he does not know how to read, so he probably can't recognize any words.

So, he can't even identify which word says ""Leiden"".

So, he has no information.

Perhaps from the sound of the words, but he can't read, so he doesn't know how the words sound by looking at them.

This is frustrating.

I recall that in some puzzles, the person might turn around or something.

Perhaps Jake will continue straight because he doesn't know which way to turn.

But the sign points left and right, so probably he needs to turn.

Let's read the problem once more: ""he sees a sign that points out that Amsterdam is to the right and Leiden is to the left.""

So, the sign is informing him of the directions, but he can't read it.

So, from his perspective, he sees a sign with arrows, but he doesn't know what they mean.

He might ignore the sign and continue straight, or he might choose a direction based on instinct.

But that doesn't help.

Another idea: perhaps ""right"" and ""left"" are not only directions but also political terms, but that seems irrelevant.

Perhaps in the context of driving, in some countries, signs are designed differently, but that might not be the case.

Let's think about Jake himself. The problem doesn't say anything about Jake, so we have to assume he is a rational person who wants to go to Leiden.

Since he can't read, he might be accustomed to such situations and might have a strategy.

But no strategy is mentioned.

Perhaps he will turn to the left because the sign points left for Leiden, and even though he can't read, he might feel lucky or something.

I think I found a possible solution online or in memory: since Jake can't read, he might misinterpret the sign based on the direction the sign is facing.

But let's assume that the sign is on the side of the road, and Jake is driving towards it. When he sees the sign, the arrows are pointing left and right relative to his direction of travel.

So, if he sees an arrow pointing left, it means turn left for some city.

Similarly for right.

But he doesn't know which city.

Now, he wants to go to Leiden, so he needs to know which arrow is for Leiden.

Since he can't read, he might notice that the word for Leiden has a certain shape, but he can't read, so he doesn't know the shape.

Perhaps he knows that Leiden starts with L, and Amsterdam starts with A, but since he can't read, he doesn't know which word starts with which letter.

So, he might look for the word that has an L-like shape, but if he can't read, he might not recognize letters.

This is not promising.

Let's consider that the sign might have international symbols or route numbers, but the problem doesn't mention that.

The problem only mentions that the sign points out the cities with text.

So, perhaps for the purpose of this puzzle, we are to assume that Jake will turn to the left because that is what the sign indicates for Leiden, and even though he can't read, he might choose left randomly, but that doesn't make sense.

Perhaps the answer is that Jake will turn to the right because he is right-handed, but that is arbitrary.

I recall a similar puzzle where the person turns to the right because the sign says ""left"" but he thinks it says ""right"" because he can't read, but since he can't read, he doesn't know what it says.

Another thought: perhaps Jake will turn to the direction that the sign is pointing for Leiden because he wants to go to Leiden, but he doesn't know, so he might turn to the direction that has the arrow that points to the side where the word ""Leiden"" is, but he can't read.

I think I need to accept that from the sign's perspective, Leiden is to the left, so if Jake could read, he would turn left, but since he can't read, he might not, but the problem asks to which direction he will turn, implying that he will turn in some direction based on the sign.

Perhaps Jake will turn to the left because he sees that the arrow pointing left is associated with a word that looks like ""Leiden"" to him, but since he can't read, he doesn't know what ""Leiden"" looks like.

This is circular.

Let's consider that Jake might have heard of Leiden and might know how it is spelled, so even though he can't read generally, he might recognize the word ""Leiden"" because it's familiar. But the problem says he does not know how to read, which probably means he is illiterate, so he might not recognize any words, including ""Leiden"". So, he might not be able to identify the word ""Leiden"" on the sign.

So, that doesn't work.

Perhaps in this context, ""does not know how to read"" means that he can't read the language, but he might recognize the word Leiden if it's written in a familiar script. But since Leiden is a Dutch city, and if Jake is Dutch, he might know how to read Dutch, but the problem says he does not know how to read, so probably he is illiterate in Dutch as well.

So, no.

I think I have to go with the reasoning that on the sign, the text for Leiden is on the left side, so if Jake assumes that the city on the left is reached by turning left, he will turn left, and since he wants to go to Leiden, and indeed the left city is Leiden, he will turn left.

So, Jake will turn left.

Perhaps that is the answer.

Maybe there is a joke that he will turn to Amsterdam because it is to the right, and right is correct, but that doesn't make sense.

Another idea: perhaps Jake will turn to the right because the sign says ""Amsterdam is to the right"", and Amsterdam is the capital, so he might think that all signs lead to Amsterdam, but he wants Leiden, so he should go left, but since he can't read, he doesn't know.

But if he thinks that signs always point to Amsterdam, then he might assume that the sign points to Amsterdam, so if he wants to go to Leiden, he should go the other way, but he doesn't know which way is for Amsterdam because he can't read.

So, if he sees two arrows, he might think that one points to Amsterdam, so he should go the other direction for Leiden, but he doesn't know which arrow points to Amsterdam, so he might choose randomly.

So, he has a 50% chance of going left or right.

But if he goes left, he goes to Leiden, if he goes right, he goes to Amsterdam.

But the problem asks for which direction he will turn, so it must be specific.

Perhaps based on the way the sign is worded, ""Amsterdam is to the right"" comes first, so he might think that the first mentioned city is to the right, but since he can't read, he doesn't know what is first mentioned.

I think I am overcomplicating.

Let's search for similar puzzles.

After thinking, I recall a puzzle where a man who can't read comes to a sign that points left and right with city names. He wants to go to one city, but since he can't read, he turns to the right because most people are right-handed, or something like that.

But that doesn't seem logical.

Perhaps in this case, since Leiden is to the left, and Jake can't read, he might turn to the right by mistake, so the answer might be right.

But why would he turn right? 

Another thought: perhaps Jake will turn to the direction that the sign is facing. But signs don't face a direction; they are mounted on poles.

Perhaps Jake will follow the arrow that points to the direction he is already going, but he doesn't know.

I found a possible solution: since Jake can't read, he might not realize that the sign is for directions, so he might ignore it and continue straight, but the problem says he wants to find his way, so he might stop or something.

But the problem asks to which direction he will turn his car, so probably he will turn.

Let's assume that he will turn left because that is what the sign indicates for Leiden, and even though he can't read, he might have a gut feeling or something.

But that's not satisfactory.

Perhaps the sign has the word ""Leiden"" written on it, and even though he can't read, he might recognize the word because it's short or has familiar letters, but again, he can't read.

I think I have to go with the initial idea that from the sign's layout, the left arrow is associated with the left text, which is Leiden, so if Jake assumes that the left text means left turn, he will turn left for the city on the left, which happens to be Leiden.

So, Jake will turn left.

Therefore, the answer should be left.

So, for the sake of completing this, I'll go with left."
1C.1,"There is a shoe box, inside of it there are kids’ toys but you can't see what is inside.  Yet, there is ""nike shoes"" printed on the label. Before finding the box, Jake's friend told him ""there are kids toys inside, ignore the label"". Jake believed his friend. Jake finds the shoe box, which he had never seen before. He reads the label, which says 'nike shoes' in it. Jake is a shoe enthusiast, he is delighted to find it. True/False? ",FALSE,"True

Jake's friend told him that there are kids' toys inside a box and to ignore the label, but the friend did not specify which box or provide any identifying details. When Jake finds a shoe box with a ""nike shoes"" label, which he has never seen before, he does not immediately connect it to his friend's statement. As a shoe enthusiast, he reads the label and believes he has found Nike shoes, leading to delight. His prior belief about a general box with toys does not apply to this specific box at the moment of discovery, so his emotional response is based on the label alone. Therefore, it is true that Jake is delighted.","First, the scenario: There's a shoe box with kids' toys inside, but you can't see inside. The label says ""nike shoes."" Jake's friend told him that there are kids' toys inside and to ignore the label. Jake believed his friend. Then Jake finds the box, reads the label, and gets delighted because he's a shoe enthusiast.

The question is whether it's true or false that Jake is delighted.

Jake believed his friend, so he knows that there are kids' toys inside, not shoes. But when he sees the label, which says ""nike shoes,"" he might forget or disregard what his friend said because he's a shoe enthusiast. However, the problem says that Jake believed his friend, so he should still believe that there are toys inside.

But the key point is that Jake is delighted when he reads the label. Since he believes his friend, he knows that the label is misleading, so he shouldn't be delighted by the label because he knows it's not true. But he is a shoe enthusiast, so the thought of shoes might excite him even if he knows it's not real.

The problem is about belief and perception. Jake has prior information from his friend, so his belief should be that there are toys inside. When he sees the label, it might create a conflict, but since he believed his friend, he should dismiss the label.

However, the question is about his emotional reaction. It says he is delighted to find it. But if he knows it's not shoes, why would he be delighted? Unless he is delighted by the box itself or the possibility, but that seems unlikely.

Let's read carefully: ""Jake finds the shoe box, which he had never seen before. He reads the label, which says 'nike shoes' in it. Jake is a shoe enthusiast, he is delighted to find it.""

The ""it"" probably refers to the box or the fact that it says Nike shoes. But since he believes there are toys inside, he shouldn't be delighted about finding shoes because he knows there aren't any.

But perhaps, as a shoe enthusiast, he is delighted by the mere sight of a Nike shoe box, even if he knows it contains toys. That might be possible. But the problem is asking for true or false, implying that there is a correct answer based on logic.

I recall that this might be related to philosophy or logic puzzles about belief and evidence. Similar to the Gettier problems or something.

Let's think about what Jake believes at the time he finds the box. He has two pieces of information: his friend's testimony that there are toys inside, and the label that says Nike shoes. Since he believed his friend, he should trust his friend over the label. Therefore, he believes that there are toys inside, not shoes.

So, when he sees the label, he might be momentarily excited, but since he knows the truth, he shouldn't be genuinely delighted because he knows it's not shoes. But the problem says he is delighted, which might be inconsistent with his belief.

The problem says ""he is delighted to find it."" What does ""it"" refer to? The box? Or the shoes? Probably the shoes, but since he knows there are no shoes, he shouldn't be delighted.

But let's consider the sequence. He finds the box, reads the label, and is delighted. At that moment, before opening the box, he has the label information and his friend's information. If he truly believed his friend, the label should not affect his belief, so he should not be delighted.

However, human emotions might not be perfectly rational. But since this is a logic puzzle, we should go with rational belief.

Perhaps Jake's belief is overridden by his enthusiasm. But the problem states that he believed his friend, so we have to assume that he holds that belief.

Another thought: when Jake finds the box, he had never seen it before, so he doesn't know what's inside except for his friend's word. But when he sees the label, which is evidence, he might doubt his friend or get excited despite himself.

But the problem doesn't say that he changes his belief; it says he believed his friend, and then he finds the box and reads the label. It doesn't say that he stops believing his friend.

So, based on belief, he knows there are toys inside, so he shouldn't be delighted about shoes.

Therefore, it might be false that he is delighted.

But let's see the question: ""True/False?"" meaning is it true that he is delighted? But from the story, it says he is delighted, so according to the story, he is delighted, so it should be true? But the question might be whether it is rational or consistent.

The problem is presented as a statement, and we need to determine if it is true or false based on the information.

The statement is: ""Jake is a shoe enthusiast, he is delighted to find it."" And we need to see if this is true given the context.

From the context, he finds the box, reads the label, and is delighted. So, based on the narrative, he is delighted, so it should be true.

But why would he be delighted if he knows there are toys? That seems inconsistent.

Perhaps he is delighted because he found a box that says Nike shoes, and as a shoe enthusiast, he appreciates the box itself, even if it has toys. But that seems stretched.

Maybe he is delighted because he thinks his friend might be wrong, or he forgot what his friend said, but the problem says he believed his friend, so we must assume he remembers.

Let's read the problem again: ""Before finding the box, Jake's friend told him ""there are kids toys inside, ignore the label"". Jake believed his friend.""

Then, ""Jake finds the shoe box, which he had never seen before. He reads the label, which says 'nike shoes' in it. Jake is a shoe enthusiast, he is delighted to find it.""

So, at the moment he reads the label, he has the belief from his friend, but he still gets delighted by the label.

This might be a case where the external evidence causes an emotional response despite prior knowledge.

But for the purpose of this puzzle, I think the intention is to question whether Jake should be delighted given his belief.

I remember a similar puzzle about a person who is told that there is no beer in the fridge, but then sees a beer bottle in the fridge and gets excited, but since he was told, he shouldn't be excited. But in that case, if he sees the bottle, he might think the information was wrong.

In this case, Jake sees the label, which contradicts his friend's statement. Since he believed his friend, he might think the label is wrong, but why would he be delighted? Unless he is delighted by the possibility that his friend is wrong.

But the problem doesn't say that he doubts his friend; it says he believed his friend, so we should assume he still believes there are toys inside.

Therefore, he knows that the box does not contain shoes, so he should not be delighted about finding shoes.

Thus, it is false that he is delighted to find shoes.

But the problem says ""he is delighted to find it"" – ""it"" might refer to the box, not the shoes. But as a shoe enthusiast, he might be delighted to find a Nike shoe box, even empty, but the box has toys inside, so it's not empty, but he doesn't know that yet? No, he knows there are toys inside because he believed his friend.

He knows there are toys inside, so he knows the box is not empty, but he hasn't opened it yet, so he might have a glimmer of hope, but since he believed his friend, he should not have hope.

This is confusing.

Let's think about what ""find it"" means. He finds the box, and he is delighted to find the box because it has a Nike label? But why would he be delighted about the box if he knows it contains toys? As a shoe enthusiast, he might collect shoe boxes or something, but that's not stated.

The problem says he is a shoe enthusiast, which implies he is enthusiastic about shoes, not necessarily boxes.

So, if he knows there are no shoes, he shouldn't be delighted.

Therefore, for Jake to be delighted, he must have some belief that there are shoes, but according to the story, he believes there are toys, so he shouldn't believe there are shoes.

Hence, it is inconsistent for him to be delighted.

So, the statement that he is delighted might be false based on his belief.

But the narrative explicitly says he is delighted, so from the story, it is true that he is delighted.

I think there's a trick here.

Perhaps the friend told him before finding the box, but when he finds the box, he might not remember or might be influenced by the label.

But the problem says ""Jake believed his friend"" and then he finds the box, so we assume he still believes.

Let's look for similar philosophical examples.

This might be related to the concept of epistemic closure or something.

Another idea: Jake is delighted by the label itself, not by the content. For example, he might like the design of the label or the brand, so he is delighted to see a Nike label, regardless of what's inside. That could be possible, but the problem says ""he is delighted to find it"" and ""it"" likely refers to the shoes implied by the label, but grammatically, ""it"" could refer to the box.

The sentence is: ""He reads the label, which says 'nike shoes' in it. Jake is a shoe enthusiast, he is delighted to find it.""

The ""it"" probably refers to the shoes, but since the shoes aren't there, it might be ambiguous.

But in context, ""find it"" might mean find the box with the label.

But let's see the initial description: ""there is a shoe box"" and ""nike shoes printed on the label"", so when he finds the box, he finds the label, so he finds the box with the label.

As a shoe enthusiast, finding a Nike shoe box might be delightful even if it contains toys, because he might value the box.

But that seems like a stretch because the friend told him to ignore the label, so he knows the label is misleading, so the box is just a box with toys, so why be delighted?

I think the intended answer is that he should not be delighted because he knows the truth, so it is false that he is delighted.

But the problem says ""he is delighted"", so according to the story, he is delighted, so it should be true.

I need to determine what the question is asking. The question is ""True/False?"" but it doesn't specify what it is referring to. Probably, it is asking whether Jake is delighted based on the information.

Perhaps the question is whether it is true that he is delighted to find shoes, but since he knows there are no shoes, it is false.

Let's read the last part: ""Jake is a shoe enthusiast, he is delighted to find it."" The ""it"" refers to what? From the sentence, ""it"" might refer to the label or the shoes mentioned in the label.

In English, when we say ""find it"" after mentioning something, ""it"" refers to that thing. Here, ""he reads the label, which says 'nike shoes' in it"" – so ""it"" in ""delighted to find it"" might refer to the shoes that the label says.

But since he knows the label is misleading, he knows he didn't find shoes, so he shouldn't be delighted.

Therefore, it is false that he is delighted to find shoes.

But the narrative says he is delighted, so there is a contradiction between the narrative and his belief.

Perhaps for the purpose of this puzzle, we are to assume that Jake's delight is based on his perception at the moment, ignoring his prior belief.

But that seems unlikely.

I recall a puzzle where a person is told that there is a coin in his pocket, but he feels something that he thinks is a coin, but it is actually a button, and he is happy, but since he was told, he should know it's a coin, but he feels something else. This is different.

Another thought: Jake's friend told him ""there are kids toys inside, ignore the label"". So, Jake believes that there are toys inside, but when he sees the label, he might be delighted by the label because he is a shoe enthusiast, meaning he likes shoes-related things, so the label itself might delight him.

That could be a reasonable interpretation.

But the friend said ""ignore the label"", which means he should not pay attention to the label, so he should not be affected by the label. But if he is delighted by the label, he is not ignoring it; he is influenced by it.

So, if he truly believed his friend and ignored the label, he should not be delighted by the label.

Therefore, if he is delighted, it means he did not ignore the label, which contradicts his belief in his friend.

So, based on that, it might be false that he is delighted, because he should ignore the label.

But the story says he is delighted, so perhaps we have to go with the story.

I think I found a way online or in memory. This might be a version of the ""Gettier problem"" where someone has justified true belief but it is not knowledge, or something.

In this case, Jake has justified belief that there are toys inside (from his friend), but when he sees the label, he has evidence that there are shoes, so his belief might be shaken, but since he believed his friend, he should stick with it.

But let's see what happens: Jake finds the box and reads the label. At that point, he has two sources of information: his friend's testimony and the visual evidence of the label. If he is a shoe enthusiast, the label might trigger an emotional response regardless of his belief.

So, it is possible that he is delighted upon seeing the label, even though he knows it's not true. For example, if I know that a movie is bad, but I see a poster and get excited momentarily, that happens.

So, in that case, he is delighted, so it is true.

But the question might be from a logical perspective.

Perhaps the problem is that the friend told him before he found the box, but when he finds the box, he doesn't know that it is the same box? But the problem says ""the shoe box"", implying it is the one referred to by the friend, but Jake might not make the connection.

Let's read: ""Before finding the box, Jake's friend told him ""there are kids toys inside, ignore the label""."" So, the friend told him about a box that has toys inside and a label that says Nike shoes. Then Jake finds a shoe box with a Nike shoes label, so he should realize that this is the box his friend was talking about, so he should remember what his friend said.

Therefore, he should know that there are toys inside.

So, he should not be delighted about shoes.

Hence, it is false that he is delighted to find shoes.

But the narrative says he is delighted, so perhaps the narrative is incorrect based on his belief.

I think for the purpose of this puzzle, the answer is false because he knows there are toys inside.

I found a similar example in philosophy: if someone tells you that there is no beer in the fridge, and you believe them, but then you see a beer bottle in the fridge, you might be excited for a moment, but since you believe there is no beer, you might check and find that it is empty or something. But in this case, the bottle is there, but it might be empty.

In this case, the label is there, but it is misleading.

So, Jake might be delighted initially upon seeing the label, but then he remembers what his friend said, so his delight might be short-lived, but at the moment of reading the label, he is delighted, so from the story, it is true that he is delighted at that moment.

The problem says ""he is delighted to find it"" which implies that upon finding it, he is delighted, so at that instant, he is delighted.

So, based on the story, it is true.

But let's see the question: ""True/False?"" probably referring to the statement that he is delighted.

Since the story states he is delighted, it should be true.

Perhaps the question is whether it is true that he found shoes, but that's not what is asked.

The question is about Jake being delighted.

I think I need to make a decision.

Let's consider the friend's statement: ""ignore the label"". If Jake ignores the label, he should not read the label or not care about it, but the problem says he reads the label, so he is not ignoring it, which means he is not following his friend's advice, so he might be influenced by the label.

So, since he reads the label and is delighted, it is consistent that he is delighted because he is not ignoring the label.

Therefore, it is true that he is delighted.

But if he believed his friend, why would he not ignore the label? That means his belief in his friend is not strong enough, or he forgot momentarily.

But the problem says he believed his friend, but it doesn't say that he remembers at that moment or that he acts on it.

When he finds the box, he might not immediately recall what his friend said, so he reads the label and is delighted, and then later he might remember, but at that moment, he is delighted.

So, for the purpose of this puzzle, since he finds the box and reads the label before recalling or while forgetting, he is delighted.

So, it is true.

I recall that in some logic puzzles, the prior knowledge should affect the current belief.

Let's think about what Jake knows when he finds the box. He has no idea what box it is until he reads the label. His friend told him about a box with toys and a label, but when he finds this box, he doesn't know that it is the same box his friend mentioned? The problem doesn't say that the friend described the box or that Jake knows it is the same box. The friend said ""there are kids toys inside"" but didn't specify which box, so when Jake finds a box, he might not connect it to his friend's statement.

The friend said ""ignore the label"" which implies that the friend is referring to a specific box that has a label, but when Jake finds a box, if he doesn't know it is the one, he might not ignore the label.

But the problem says: ""Before finding the box, Jake's friend told him ""there are kids toys inside, ignore the label"".""

This suggests that the friend is telling him about the box that he will find, or about a box in general? The wording is a bit ambiguous.

Typically, in such puzzles, the friend is telling him about the specific box that he will find, so when he finds it, he should know.

But let's see: ""Jake finds the shoe box, which he had never seen before."" So, he had never seen it before, but his friend might have described it or something.

The friend's statement doesn't include a description of the box, so when Jake finds a shoe box with a label, he might not realize that it is the box his friend was talking about, because there might be many shoe boxes with labels.

So, when Jake finds the box, he doesn't know that it is the box with toys inside; he only knows that his friend told him about some box with toys inside, but this might be a different box.

Therefore, when he sees the label, he thinks he found Nike shoes, so he is delighted.

Then later, when he opens it, he might be disappointed, but at the moment, he is delighted.

So, in this case, it is true that he is delighted.

This seems reasonable.

If the friend told him about this specific box, then he should know, but the problem doesn't say that the friend identified the box. The friend just said ""there are kids toys inside, ignore the label"" without specifying which box, so when Jake finds a box, he has no reason to think that this is the box his friend meant unless the friend pointed it out or something.

Since Jake had never seen the box before, and the friend told him before finding it, it implies that the friend was referring to this box, but from Jake's perspective, he might not make the connection immediately.

For example, if a friend tells you ""there is a box with toys inside, ignore the label"", and then later you find a box, you might not remember what your friend said or might not think it is the same box.

So, when Jake finds the box and sees the label, he is delighted because he thinks it contains shoes.

Therefore, it is true that he is delighted.

I think this is the intended interpretation.

So, the answer should be True.

But let's confirm with the belief: Jake believed his friend, but that means he believes that there is some box with toys inside, but when he finds this box, he doesn't know that it is that box, so he has no belief about this box specifically, so he relies on the label, so he believes it contains shoes, so he is delighted.

Yes, that makes sense.

Therefore, Jake is delighted to find it, so True."
1C.2,"There is a shoe box, inside of it there are kids toys but you can't see what is inside.  Yet, there is ""nike shoes"" printed on the label. Before finding the box, Jake's friend told him ""there are kids toys inside, ignore the label"". Jake believed his friend. Jake finds the shoe box, which he had never seen before. He reads the label, which says 'nike shoes' in it. He believes that the box contains ...",Kids toys,"Based on the scenario, Jake believes his friend's statement that the box contains kids' toys and that he should ignore the label. Therefore, even after reading the label that says ""nike shoes,"" Jake continues to believe that the box contains kids' toys. His trust in his friend overrides the information on the label.","First, the scenario: There's a shoe box with a label that says ""nike shoes,"" but inside, there are kids' toys. Jake's friend told him that there are kids' toys inside and to ignore the label. Jake believes his friend. Then Jake finds the box, reads the label, and believes something about the contents.

The question is: What does Jake believe is in the box after reading the label?

Jake already believes his friend, so he thinks there are kids' toys inside. But when he reads the label, which says ""nike shoes,"" does that change his belief? The friend said to ignore the label, so Jake should still believe that there are kids' toys inside.

The key point is that Jake trusts his friend more than the label. So, even after seeing the label, he should still believe that the box contains kids' toys.

The phrase ""He believes that the box contains ..."" suggests that we need to fill in the blank. Based on the story, Jake believes that the box contains kids' toys.

But let's make sure there's no trick here. The friend told him before he found the box, so he already has that belief. When he finds the box and reads the label, he might have a moment of doubt, but since he believes his friend, he should dismiss the label.

The problem says ""Jake believed his friend."" So, his belief is firm.

Therefore, after reading the label, he still believes that the box contains kids' toys.

So, the answer should be ""kids toys"" or something similar.

The label says ""nike shoes,"" but he ignores it because of his friend's advice.

I think that's straightforward."
1D.1,"There is a shoe box, Jake puts kids’ toys inside of it. After that he closes the box and writes a label in it. He can't see what is inside the bag. He then looks at the box and reads 'nike shoes' . Jake is a shoe enthusiast, he is delighted to find it. True/False?",FALSE,"False. Jake put kids' toys inside the box himself, so he knows that the box does not contain Nike shoes. When he reads the label ""nike shoes"" that he wrote, he is aware that the label is incorrect. Therefore, as a shoe enthusiast, he would not be genuinely delighted because he knows there are no shoes inside. His delight would be based on a false belief that he himself created, but since he knows the truth, he should not be fooled.","First, the scenario: Jake puts kids' toys inside a shoe box. Then he closes the box and writes a label on it that says 'nike shoes'. He can't see what's inside because the box is closed. Later, he looks at the box and reads the label 'nike shoes'. Since he's a shoe enthusiast, he's delighted to find it.

The question is whether it's true or false that he is delighted.

Jake is delighted because he thinks there are Nike shoes inside, but actually, he put kids' toys inside himself. So, he knows what he put inside, right? He put the toys in, so he should know that the box contains toys, not shoes.

But after he closes the box and writes the label, he can't see inside. Then he looks at the label and reads 'nike shoes'. But since he wrote the label himself, he should know that he labeled it incorrectly or that it's not actually shoes.

The key point is that Jake put the toys in himself, so he knows the content. When he reads the label, which he wrote, he might be confused or might have forgotten, but the problem doesn't say he forgot. It just says he puts toys in, closes the box, writes the label, and then looks at it and reads it.

As a shoe enthusiast, if he thinks there are shoes, he might be delighted, but since he knows he put toys in, he shouldn't be fooled by his own label.

The problem says: ""He can't see what is inside the bag."" But it says ""box"" earlier, so probably ""bag"" is a typo and it should be ""box"". So, after closing the box, he can't see inside.

But he knows what he put inside because he did it himself.

Therefore, when he reads the label, he should remember that he put toys in, so he shouldn't believe that there are shoes inside. Thus, he shouldn't be delighted because he knows it's not shoes.

But the question is about whether he is delighted based on reading the label. Since he is a shoe enthusiast, if he for some reason believes the label, he might be delighted, but that doesn't make sense because he knows the truth.

The problem might be testing understanding of knowledge and belief.

Let me read the problem carefully: ""Jake puts kids’ toys inside of it. After that he closes the box and writes a label in it."" He writes a label that says 'nike shoes', which is false.

Then, ""He then looks at the box and reads 'nike shoes'."" And he is delighted.

But since he wrote the label, he knows that the label is not accurate. So, why would he be delighted?

Unless he forgot what he put inside, but the problem doesn't say he forgot. It just says he can't see inside, but he doesn't need to see inside because he already knows what's inside.

Therefore, it should be false that he is delighted because he knows there are no shoes.

But the problem says ""he is delighted to find it."" Meaning, to find the Nike shoes.

But since he knows there are no shoes, he shouldn't be delighted.

So, probably false.

But let's consider if there is a trick. The label says 'nike shoes', and he reads it, but as a shoe enthusiast, he might be delighted by the thought of shoes, but again, he knows it's not true.

Perhaps after writing the label, he might have a moment where he believes the label, but that seems irrational.

The problem is from a logical perspective, so I think we have to assume that Jake is rational and knows what he did.

Therefore, he should not be delighted.

So, the answer should be False."
1D.2,"There is a shoe box, Jake puts kids’ toys inside of it. After that he closes the box and writes a label in it. He can't see what is inside the bag. He then looks at the box and reads 'nike shoes' . He believes that the box contains ...",Kids toys,"Jake puts kids' toys inside the shoe box himself, so he has direct knowledge of what is inside. After closing the box and writing the label ""nike shoes,"" he reads the label. However, since he personally placed the toys inside, he believes that the box contains kids' toys, regardless of the label he wrote. The label may be incorrect, but his belief is based on his own actions and knowledge.","First, the scenario: Jake puts kids' toys inside a shoe box, closes it, and then writes a label on it that says ""nike shoes"". He can't see inside the box because it's closed. Then he looks at the box and reads the label 'nike shoes'. Now, the question is about what he believes is inside the box.

The key point is that he wrote the label himself after putting the toys inside. So, he knows what he put inside because he did it himself. But after writing the label, he reads it, and the label says ""nike shoes"", which contradicts what he put inside.

The question is: what does he believe is inside the box? Since he put the toys inside himself, he should know that there are toys inside, not shoes. But he wrote the label that says ""nike shoes"", and now he's reading it. However, because he wrote it, he might remember what he wrote, or he might be confused for a moment.

The problem says: ""He believes that the box contains ..."" and it seems like we need to infer based on the situation.

Logically, Jake should believe that the box contains kids' toys because he put them there himself. The label he wrote is incorrect, but he knows he wrote it, so he shouldn't be fooled by his own label. Unless he has forgotten what he put inside, but the problem doesn't say that he forgot. It just says he puts toys inside, closes the box, writes the label, and then reads it.

The phrase ""He can't see what is inside the bag"" might be a typo; it probably means ""box"" since it's a shoe box. But after he closes the box, he can't see inside, but he already knows what's inside because he just put the toys in.

So, when he reads the label, he should be aware that the label is wrong because he knows the truth. Therefore, he should still believe that the box contains kids' toys.

But perhaps the problem is trying to make a point about belief or knowledge. Maybe it's about how labels can influence belief, but since he wrote the label, he knows it's false.

Let me read the problem again carefully: ""Jake puts kids’ toys inside of it. After that he closes the box and writes a label in it. He can't see what is inside the bag. He then looks at the box and reads 'nike shoes' . He believes that the box contains ...""

The last part says ""He believes that the box contains ..."" and we need to fill in the blank.

Based on common sense, Jake knows he put toys in, so he believes toys are inside. The label might be a mistake, but he knows he wrote it, so he doesn't believe the label.

However, if we think about it from a psychological perspective, if someone writes a label and then later reads it, they might momentarily forget what they did and believe the label, but that seems unlikely here because the action is sequential and recent.

The problem might be highlighting that since he can't see inside, he might rely on the label, but again, he wrote the label himself after putting the toys in, so he should know better.

Perhaps the label is written on the box, and when he reads it, he might think that the box contains what the label says, but that would be irrational because he knows he put toys in.

I think the intended answer is that he believes the box contains Nike shoes because he reads the label and can't see inside, so he trusts the label.

But that doesn't make sense because he wrote the label himself.

Let's consider the sequence:

1. He puts toys in the box.

2. He closes the box.

3. He writes a label on the box that says ""nike shoes"".

4. He can't see inside the box (since it's closed).

5. He looks at the box and reads the label 'nike shoes'.

Now, at step 5, when he reads the label, what does he believe?

Since he just wrote the label, he knows that he wrote ""nike shoes"" on the box, but he also knows that he put toys inside. So, his belief should be based on his knowledge of what he did, not on the label. Therefore, he believes that the box contains kids' toys.

But perhaps the problem is that after writing the label, he might be confused or might have intended to put shoes in but put toys by mistake, but the problem doesn't say that. It says he puts toys in intentionally.

Another thought: the problem says ""He can't see what is inside the bag"" which might be a red herring or a mistake. It says ""bag"" but earlier it says ""box"". Perhaps it's a translation issue or something.

Maybe ""bag"" refers to something else, but in context, it probably means box.

I think I'm overcomplicating it. Let's think about what a typical person would believe in this situation.

If I put toys in a box, then write a label that says ""shoes"", and then look at the label, I would know that the label is wrong because I put toys in. So I would believe there are toys inside.

But if I write the label immediately after, I might have written the wrong label by accident, but I would still remember what I put in.

Unless the problem implies that he forgets what he put in after closing the box, but that's not stated.

The problem says ""He can't see what is inside the bag"" after he closes the box, but that doesn't mean he forgot; it just means he can't see it now, but he remembers.

So, I think Jake believes that the box contains kids' toys.

But let's see the question: ""He believes that the box contains ..."" and it might be from a logical puzzle or a philosophy thing.

Perhaps it's about the theory of mind or something.

Another idea: when he reads the label, he might believe that the box contains what the label says because he trusts labels, but since he wrote it, he knows it's inaccurate.

I recall a similar puzzle where someone puts something in a box, labels it differently, and then asks what they believe. But in those cases, if the person labels it, they might be lying to themselves or something.

But here, Jake is the one who put the toys in and wrote the label, so he has full knowledge.

Let's consider the point of view. The problem is written in third person, and we are to infer Jake's belief.

Perhaps the key is that after writing the label, he reads it, and since he can't see inside, he might rely on the label for belief, but that seems irrational.

I think I need to look for standard answers or think about child development or something.

This might be a variant of the ""false belief"" task in psychology, where children are tested on whether they understand that others can have false beliefs. But here, it's about himself.

In the false belief task, a child sees someone put an object in a location, then the object is moved when the person is not looking, and the child is asked where the person will look for the object. The child needs to understand that the person has a false belief.

But in this case, Jake is both the actor and the observer, so it's about his own belief.

If Jake puts toys in, then writes a label saying shoes, and then reads the label, he should not have a false belief about his own action because he knows what he did.

So, he should believe that toys are inside.

But let's assume that when he writes the label, he is intending to deceive himself or something, but that's not stated.

The problem says he writes a label ""in it"" which might mean on the box, and he writes ""nike shoes"" which is false.

Then he reads it, and since he can't see inside, he might think that the box contains shoes, but that would be foolish.

Perhaps the problem is that he wrote the label without thinking, or he forgot what he put in, but again, not stated.

I think I have to go with what is logical.

Let's read the problem once more: ""There is a shoe box, Jake puts kids’ toys inside of it. After that he closes the box and writes a label in it. He can't see what is inside the bag. He then looks at the box and reads 'nike shoes' . He believes that the box contains ...""

The phrase ""writes a label in it"" might mean he writes a label and puts it inside the box, but that doesn't make sense because then he wouldn't be able to read it without opening the box. But it says he looks at the box and reads 'nike shoes', so probably the label is on the outside of the box.

So, he writes a label on the box that says ""nike shoes"".

Then he looks at the box and reads the label.

Now, at that moment, what does he believe?

Since he knows he put toys in, he believes there are toys in the box, and the label is incorrect.

Therefore, he believes that the box contains kids' toys.

But perhaps the problem is trying to say that because he can't see inside, he might believe the label, but that doesn't hold because he has prior knowledge.

I think I found a similar idea in philosophy: if someone has direct knowledge, they don't rely on indirect evidence like labels.

So, Jake has direct knowledge of putting toys in, so he believes toys are in there.

Thus, the answer should be ""kids' toys"".

But let's see the blank: ""He believes that the box contains ..."" so we need to fill in ""kids' toys"".

But the label says ""nike shoes"", so if we say he believes shoes, that would be wrong.

Perhaps the problem is from a non-English context or something.

Another thought: maybe ""He can't see what is inside the bag"" is important because it emphasizes that after closing the box, he has no visual access, but he still knows.

I think I'm stuck.

Let's consider that after writing the label, he might have a change of belief because he wrote the label, but that doesn't make sense.

Perhaps he wrote the label for someone else, but when he reads it, he remembers what he put in.

I think I should go with the most straightforward answer.

So, Jake believes that the box contains kids' toys.

Therefore, for the blank, we put ""kids' toys"".

But let's see if the problem has a trick.

The problem says ""He can't see what is inside the bag"" – why does it say ""bag"" instead of ""box""? Maybe it's a mistake, or maybe there is a bag involved.

Perhaps the box is inside a bag or something, but that seems unlikely.

The sentence: ""He can't see what is inside the bag."" But earlier, it's a box, so perhaps it's a typo, and it should be ""box"".

In some languages, ""bag"" and ""box"" might be confused, but in English, it's different.

Assuming it's a box, then after closing the box, he can't see inside, but he knows.

So, I think I'll go with that."
2A.1,"In the room there are Adu, Lin, a flower, an aquarium, and a transparent plastic bag with water. Adu takes the flower and puts it in the bag. He leaves the room and goes to school. While Adu is away, Lin takes the flower out of the bag and puts it in the aquarium. Lin leaves the room and goes to his swimming class. Adu comes back from school and enters the room. He doesn’t know what happened in the room when he was away. Adu will look for the flower in the …
",Aquarium,"Based on the sequence of events, Adu placed the flower in the transparent plastic bag with water before leaving for school. Since he is unaware that Lin moved the flower to the aquarium while he was away, Adu will assume the flower is still in the bag upon his return. Therefore, he will look for the flower in the plastic bag.

**Answer:** plastic bag","First, I need to understand the scenario. Adu puts the flower in the plastic bag with water and then leaves for school. While he's away, Lin takes the flower out of the bag and puts it in the aquarium. Then Lin leaves for swimming class. Adu comes back and doesn't know that Lin moved the flower. So, when Adu returns, where will he look for the flower?

Adu put the flower in the bag initially, so he believes it should still be there. Since he doesn't know about Lin's actions, he will think the flower is still in the bag. Therefore, when he comes back, he will look for the flower in the plastic bag.

The question is: ""Adu will look for the flower in the …"" and I need to fill in the blank.

The options aren't explicitly listed, but from the story, the possible places are the plastic bag or the aquarium. But since Adu doesn't know it was moved, he should look in the bag.

The story mentions that Lin put the flower in the aquarium, but Adu is unaware. So, logically, Adu will look where he left it.

Therefore, the answer should be the plastic bag.

But let me double-check the elements: there's a flower, an aquarium, and a transparent plastic bag with water. Adu put the flower in the bag, so he expects it there.

Yes, that makes sense."
2A.2,"In the room there are Adu, Lin, a flower, an aquarium, and a transparent plastic bag with water. Adu takes the flower and puts it in the bag. He leaves the room and goes to school. While Adu is away, Lin takes the flower out of the bag and puts it in the aquarium. Lin leaves the room and goes to his swimming class. Adu comes back from school and enters the room. He doesn’t know what happened in the room when he was away. Adu thinks the flower is in the ...
",Aquarium,Adu thinks the flower is in the plastic bag because that is where he left it before going to school. He is unaware that Lin moved the flower to the aquarium while he was away.,"First, the scenario: Adu puts the flower in the plastic bag with water. Then he leaves. While he's away, Lin takes the flower out of the bag and puts it in the aquarium. Then Lin leaves. Adu comes back and doesn't know what Lin did.

The question is: Adu thinks the flower is in the ...? Since Adu doesn't know that Lin moved the flower, he should believe that the flower is still in the plastic bag because that's where he left it.

Adu put the flower in the bag, so when he returns, he would expect it to be there. He has no information about Lin's actions, so his belief should be based on his last action.

Therefore, Adu thinks the flower is in the plastic bag.

The answer should be ""plastic bag"" or ""bag"". Looking back at the text, it says ""transparent plastic bag with water,"" so probably ""bag"" is fine.

Just to be thorough, let's see if there's any trick here. The bag is transparent, but that doesn't change anything because Adu didn't see Lin move it. So, from Adu's perspective, the flower should still be in the bag.

So, the answer is: Adu thinks the flower is in the bag."
2B.1,"In the room there are Adu, Lin, a flower, a suitcase, and a chest. Adu takes the flower and puts it on the chest. He leaves the room and goes to school. While Adu is away, Lin takes the flower off the chest and puts it on the suitcase. Lin leaves the room and goes to his swimming class. Adu comes back from school and enters the room. He doesn’t know what happened in the room when he was away. Adu will look for the flower on the …",Suitcase,Adu will look for the flower on the chest because he left it there before going to school and is unaware that Lin moved it to the suitcase.,"First, the scenario: Adu, Lin, a flower, a suitcase, and a chest are in the room. Adu takes the flower and puts it on the chest. Then he leaves for school. While he's away, Lin moves the flower from the chest to the suitcase. Lin then leaves for swimming. Adu returns from school and enters the room. He doesn't know that Lin moved the flower.

The question is: where will Adu look for the flower? Since Adu doesn't know about Lin's actions, he will assume that the flower is still where he left it. He left it on the chest. So, when he comes back, he will look for the flower on the chest.

The sentence to complete is: ""Adu will look for the flower on the …"" So, I need to fill in the blank with ""chest"".

Just to be thorough, let's make sure there's no trick here. Adu put the flower on the chest, and he has no information that it was moved. Therefore, his belief is that the flower is still on the chest. So, he will look there first.

The answer should be ""chest""."
2B.2,"In the room there are Adu, Lin, a flower, a suitcase, and a chest. Adu takes the flower and puts it on the chest. He leaves the room and goes to school. While Adu is away, Lin takes the flower off the chest and puts it on the suitcase. Lin leaves the room and goes to his swimming class. Adu comes back from school and enters the room. He doesn’t know what happened in the room when he was away. Adu thinks the flower is on the ...",Suitcase,"Adu placed the flower on the chest before leaving for school, and he has no knowledge of Lin's actions while he was away. Therefore, when Adu returns, he believes the flower is still on the chest.","First, the scenario: Adu, Lin, a flower, a suitcase, and a chest are in the room. Adu puts the flower on the chest and then leaves for school. While he's away, Lin moves the flower from the chest to the suitcase. Then Lin leaves for swimming. Adu returns from school and enters the room. He doesn't know that Lin moved the flower.

The question is: Adu thinks the flower is on the ...? Since Adu put the flower on the chest before leaving, and he doesn't know about Lin's action, he would still believe that the flower is on the chest.

So, Adu's belief is based on his last knowledge of the flower's location. He placed it on the chest and then left, so upon returning, he would think it's still on the chest.

Therefore, the answer should be ""chest""."
2C.1,"In the room there are Adu, Lin, a flower, a suitcase, and a chest. Adu takes the flower and puts it in the chest. He leaves the room and goes to school. While Adu is away, Lin takes the flower out of the chest and puts it in the suitcase. Lin leaves the room and goes to his swimming class. Lin and Adu come back and enter the room. They don’t know what happened in the room when they were away.  Lin will look for the flower in the ... ",Suitcase,"Based on the sequence of events, Lin took the flower out of the chest and put it in the suitcase before leaving for his swimming class. When Lin returns to the room with Adu, he does not know if any changes occurred after he left, but based on his last action, he believes the flower is in the suitcase. Therefore, Lin will look for the flower in the suitcase.

\boxed{\text{suitcase}}","First, the scenario involves Adu and Lin, a flower, a suitcase, and a chest. Adu puts the flower in the chest and leaves for school. Then, while Adu is away, Lin takes the flower from the chest and puts it in the suitcase. Lin then leaves for swimming class. Later, both return to the room, and they don't know what happened while they were away.

The question is: Lin will look for the flower in the...?

Lin doesn't know that Adu put the flower in the chest initially, and Lin himself moved it to the suitcase. But when Lin returns, he might not remember what he did or might assume something else. The key point is that they don't know what happened while they were away.

From Lin's perspective: When Lin left the room, he had just put the flower in the suitcase. But when he returns, does he remember that he put it in the suitcase? The problem says ""They don’t know what happened in the room when they were away."" This might imply that Lin doesn't remember his own actions or that things might have changed without his knowledge.

Let's read carefully: ""They don’t know what happened in the room when they were away."" So, Lin knows what he did before he left, but he doesn't know if anything changed after he left? But when Lin left, he put the flower in the suitcase and then left. After he left, no one else was in the room, so nothing should have changed. But the problem doesn't say that no one else entered; it just says Lin left, and then later both return.

The sequence: Adu puts flower in chest and leaves. Then Lin takes flower from chest and puts it in suitcase and leaves. Then both return. When they return, they don't know what happened while they were away. But from Lin's perspective, he knows that he put the flower in the suitcase before he left. So, when he returns, he should look for the flower in the suitcase because that's where he left it.

But the problem might be tricking me. Let's see the question: ""Lin will look for the flower in the ..."" It might be from Adu's perspective or something? No, it says ""Lin will look for the flower"", so we need to think about where Lin thinks the flower is.

Lin was the one who moved the flower to the suitcase. So, when he comes back, he should believe that the flower is in the suitcase. Therefore, he would look in the suitcase.

But let's consider if Lin might think that someone else moved it. The problem says they don't know what happened, but since Lin himself moved it, and he knows he moved it, he should remember that. The ""don't know what happened"" might refer to after they both left, but since Lin was the last to leave, and he put it in the suitcase, he should know where it is.

Perhaps Lin doesn't know that Adu put it in the chest initially? Let's see what Lin knows.

When Lin enters the room after Adu has left, Lin sees the flower in the chest? No, Adu put the flower in the chest and left, so when Lin comes in, the flower is in the chest, and Lin takes it out and puts it in the suitcase. So Lin knows that the flower was in the chest when he arrived, and he moved it to the suitcase.

Then Lin leaves. When Lin returns with Adu, Lin should remember that he put the flower in the suitcase. So he would look in the suitcase.

But maybe the problem is that Lin doesn't know that Adu put it in the chest? But that doesn't matter because Lin saw it in the chest and moved it.

Another thought: when they return, they don't know what happened while they were away, but since Lin was away after he left, he doesn't know if someone came in and moved the flower after he left? But the problem doesn't indicate that anyone else came in. It just says they don't know, so Lin might be uncertain, but based on his last knowledge, he should check the suitcase.

The question is where Lin will look first, probably.

Perhaps from Adu's perspective, but the question is about Lin looking.

Let's read the problem again: ""Lin and Adu come back and enter the room. They don’t know what happened in the room when they were away.""

So, when they come back, both are ignorant of the events that occurred while they were gone. But for Lin, the last event he knows is that he put the flower in the suitcase. So he should think it's in the suitcase.

For Adu, he put the flower in the chest and left, so he thinks it's in the chest.

But the question is about Lin looking for the flower, so Lin will look where he thinks it is, which is the suitcase.

I think that's straightforward.

But maybe there's a trick. Perhaps Lin might think that Adu might have come back or something, but the sequence is that Adu left first, then Lin did his thing and left, then both return together. So when they return, Adu doesn't know that Lin moved the flower, and Lin doesn't know that Adu originally put it in the chest? But Lin does know because he found it in the chest.

Let's clarify the timeline:

1. Adu is in the room with Lin? The problem says ""in the room there are Adu, Lin, a flower, a suitcase, and a chest."" So initially, both are in the room? But then Adu takes the flower and puts it in the chest. He leaves the room and goes to school. So when Adu leaves, Lin is still in the room? The problem doesn't say that Lin leaves at that point. It says ""Adu takes the flower and puts it in the chest. He leaves the room and goes to school."" So after Adu leaves, Lin is still in the room? Then, while Adu is away, Lin takes the flower out of the chest and puts it in the suitcase. So Lin is in the room alone after Adu leaves, and he moves the flower. Then Lin leaves the room and goes to his swimming class. So Lin leaves after moving the flower.

Then later, Lin and Adu come back together. So when they come back, Lin knows that he moved the flower to the suitcase before he left. Therefore, Lin should look in the suitcase.

Adu, on the other hand, thinks the flower is in the chest, so if Adu were to look, he would look in the chest.

But the question is about Lin looking.

So I think the answer is the suitcase.

The problem says ""Lin will look for the flower in the ..."" and it might be a fill-in-the-blank.

Perhaps there is a psychological aspect where Lin might think that since Adu put it in the chest initially, and he doesn't know if Adu came back or something, but that doesn't make sense because Adu was at school and Lin was at swimming, and they come back together, so no one was in the room after Lin left.

Therefore, Lin should be confident that the flower is in the suitcase.

So, Lin will look for the flower in the suitcase.

I think that's the answer."
2C.2,"In the room there are Adu, Lin, a flower, a suitcase, and a chest. Adu takes the flower and puts it in the chest. He leaves the room and goes to school. While Adu is away, Lin takes the flower out of the chest and puts it in the suitcase. Lin leaves the room and goes to his swimming class. Lin and Adu come back and enter the room. They don’t know what happened in the room when they were away. Lin thinks the flower is in the ...",Suitcase,"Lin took the flower out of the chest and put it in the suitcase himself before leaving for swimming. When Lin returns with Adu, he knows that he moved the flower to the suitcase and that no one was in the room after he left to change its location. Therefore, Lin thinks the flower is in the suitcase.","First, I need to understand the sequence of events. Adu puts the flower in the chest and then leaves for school. While Adu is away, Lin takes the flower out of the chest and puts it in the suitcase. Then Lin leaves for swimming. After that, both Lin and Adu come back together. They don't know what happened while they were away.

The question is: Lin thinks the flower is in the ...? Since Lin put the flower in the suitcase, but he doesn't know that Adu initially put it in the chest? No, let's think carefully.

When Lin comes back, he knows what he did, but he doesn't know what Adu did before? Actually, from the story, when Lin takes the flower out of the chest, he knows that the flower was in the chest because he took it from there. But when he comes back with Adu, he might not remember or something? No, the key point is that they don't know what happened while they were away, but Lin did something while Adu was away, so Lin knows what he did.

Let's read the last part: ""They don’t know what happened in the room when they were away."" But Lin was away when Adu was away? Actually, Adu left first, then Lin did something, then Lin left, and then both come back. So when they come back, Lin knows that he took the flower from the chest and put it in the suitcase, because he did that himself. But the statement says ""they don’t know what happened in the room when they were away."" Since Lin was in the room when he moved the flower, but he was not away at that time? The phrase ""when they were away"" probably refers to the time when both were not in the room.

When Adu left, he was away, and Lin was in the room, so when Lin moved the flower, only Lin was present. Then Lin left, so when both are away, nothing happened because both are gone. But the flower was moved by Lin when only he was in the room.

Now, when they come back, Lin knows that he put the flower in the suitcase, so he should think the flower is in the suitcase. But the question might be tricking me. Let's see the question: ""Lin thinks the flower is in the ...""

From Lin's perspective, he last put the flower in the suitcase, so he should think it's in the suitcase. But does he know that Adu might have done something? No, because when Lin left, Adu was already away, and Lin didn't see Adu do anything after that. So Lin knows that after he put the flower in the suitcase, he left, and no one was in the room until they came back. So Lin should be sure that the flower is still in the suitcase.

But the story says ""they don’t know what happened in the room when they were away."" Since Lin was not away when he moved the flower; he was in the room. The time when they were both away is after Lin left and before they came back. During that time, nothing happened because no one was there. So Lin knows that during the time both were away, nothing changed, so the flower should still be in the suitcase.

Therefore, Lin thinks the flower is in the suitcase.

But let's double-check. Adu put the flower in the chest initially. Lin knows that Adu put it in the chest? Does Lin know that? When Lin entered the room after Adu left, Lin saw the flower in the chest? The story doesn't say that Lin saw the flower in the chest; it says ""Lin takes the flower out of the chest"", which implies that Lin knew the flower was in the chest, so probably Lin saw it or knew it was there.

But after Lin moved it, he knows where it is.

So when they come back, Lin has no reason to think the flower is anywhere but in the suitcase.

The question might be about what Lin thinks about Adu's knowledge or something? No, the question is straightforward: ""Lin thinks the flower is in the ...""

Perhaps I need to consider that Lin doesn't know that Adu doesn't know that Lin moved it? But that doesn't affect where Lin thinks the flower is.

Maybe the question is from Adu's perspective? No, it says ""Lin thinks"".

Another thought: when they come back, Lin might think that Adu still thinks the flower is in the chest, but the question is where Lin thinks the flower is, not where Lin thinks Adu thinks it is.

So I think Lin thinks the flower is in the suitcase.

But let's see the answer format. It might be a trick.

Recall similar puzzles. This seems like a false belief task or something, but in this case, Lin knows what he did.

Let's read the story again: ""They don’t know what happened in the room when they were away."" This might mean that since both were away at some point, and they don't know if someone else came in or something, but the story doesn't indicate that anyone else came in. So probably, they assume that nothing happened when both were away.

But Lin knows what he did when he was in the room alone.

So for Lin, when he comes back, he knows that he put the flower in the suitcase, and since no one was there after he left, it should still be there.

Therefore, Lin thinks the flower is in the suitcase.

So the answer should be ""suitcase"".

But let's see the question: ""Lin thinks the flower is in the ..."" and it might be incomplete, but from context, it should be suitcase.

Perhaps the question is about what Lin thinks initially? But when they come back, Lin has already moved it.

Another idea: when Lin comes back with Adu, Lin might forget what he did? But the story doesn't say that; it says they don't know what happened when they were away, but Lin was not away when he moved it; he was present.

The phrase ""when they were away"" might be ambiguous. Let's see the timeline.

- Adu is in the room, puts flower in chest, leaves for school. So now Adu is away.

- Lin is in the room (so not away), takes flower from chest, puts it in suitcase. Then Lin leaves for swimming. So now Lin is away, and Adu is still away, so both are away.

- Then both come back.

So the time when both are away is after Lin left and before they return. During that time, nothing happened.

Lin knows what he did before he left, so he knows the flower is in the suitcase.

Adu, on the other hand, put the flower in the chest and left, so when he comes back, he thinks the flower is still in the chest, because he doesn't know that Lin moved it.

But the question is about Lin, not Adu.

So for Lin, he knows he moved it to the suitcase, so he thinks it is in the suitcase.

Therefore, the answer should be suitcase.

I think I'm overcomplicating it. So I'll go with suitcase."
