Type,S,Q_1,CA_1,A_1,R_1,Q_2,CA_2,A_2,R_2,Level,Q_type,Deviation
SA_1fb,You will be asked a question. Please respond to it as accurately as possible without using many words.,"Sally and Anne are playing. Sally has a box and Anne has a basket, and there is a ball. Sally puts the ball in her box. Then Sally goes to play somewhere else.
Anne takes the ball from Sally's box and she puts the ball in her own basket. Anne also goes to play somewhere else for a while.
Then Sally returns.
Where is the ball now?",basket,In Anne's basket.,"First, the user is describing a scenario involving Sally and Anne. Sally has a box, Anne has a basket, and there's a ball. Sally puts the ball in her box. Then Sally leaves to play elsewhere. After that, Anne takes the ball from Sally's box and puts it in her own basket. Then Anne also leaves to play elsewhere. Finally, Sally returns.

The question is: Where is the ball now?

I need to respond accurately without using many words. So, my answer should be concise.

Let's think step by step:

1. Initially, Sally puts the ball in her box. So, ball is in Sally's box.

2. Sally leaves.

3. Anne takes the ball from Sally's box. So, ball is now with Anne.

4. Anne puts the ball in her basket. So, ball is in Anne's basket.

5. Anne leaves.

6. Sally returns.

At this point, the ball is still in Anne's basket because no one has moved it since Anne put it there. Anne is gone, but the basket is presumably where Anne left it, so the ball is in Anne's basket.

The question is from Sally's perspective when she returns, but the ball isn't with Sally; it's in Anne's possession (in her basket).

I recall that this sounds like a classic false belief task from psychology, often used to test theory of mind. But the user isn't asking for Sally's belief; they're asking where the ball actually is. The user says ""Where is the ball now?"" which implies the actual location, not where Sally thinks it is.

Reading the user's message: ""Where is the ball now?"" It's a direct question about the current state after Sally returns.

So, based on the facts:

- Ball was moved to Anne's basket.

- Anne left, but the basket is still there with the ball inside.

- Sally returned, but she didn't do anything to the ball yet.

Therefore, the ball is in Anne's basket.

My response should be short and to the point.

Possible answer: ""In Anne's basket.""

But let me make sure there's no trick. The user might be expecting me to consider Sally's false belief, but the question is phrased objectively: ""Where is the ball now?"" not ""Where does Sally think the ball is?""

In the context, it's clear that we're to state the actual location.

So, I'll go with that.",Where does Sally look for the ball?,box,In her box.,"Hmm, the user is asking where Sally would look for the ball based on the Sally-Anne false belief task. 

The key here is that Sally didn't witness Anne moving the ball to the basket, so Sally still believes the ball is in her box. 

I should keep the response concise since the user seems to want a direct answer without elaboration. 

The answer should reflect Sally's false belief, not the actual location of the ball.",,,0.0
SA_1fb,You will be asked a question. Please respond to it as accurately as possible without using many words.,"Peter and Kumar are playing. Peter has a suitcase and Kumar has a backpack, and they have a pencil. Peter puts the pencil in his suitcase. Then Peter goes to play somewhere else.
Kumar takes the pencil from Peter's suitcase and he puts the pencil in his own backpack. Kumar also goes to play somewhere else for a while.
Then Peter returns.
Where is the pencil now?",backpack,The pencil is in Kumar's backpack.,"First, the question is about where the pencil is after all these actions. Let me read through the sequence carefully.

- Peter has a suitcase, Kumar has a backpack, and they have a pencil.

- Peter puts the pencil in his suitcase.

- Peter goes to play somewhere else.

- Kumar takes the pencil from Peter's suitcase and puts it in his own backpack.

- Kumar also goes to play somewhere else.

- Then Peter returns.

Now, I need to find out where the pencil is when Peter returns.

After Kumar takes the pencil from Peter's suitcase and puts it in his backpack, the pencil is in Kumar's backpack. Then Kumar goes away, but he takes his backpack with him, right? The backpack is Kumar's, so when Kumar goes to play somewhere else, he probably has his backpack with him. The question doesn't explicitly say that Kumar takes the backpack, but since it's his backpack, it's implied that he has it with him when he goes.

Similarly, when Peter goes to play somewhere else, he might have his suitcase with him or not? The question says ""Peter goes to play somewhere else,"" but it doesn't specify if he takes the suitcase. However, when Kumar takes the pencil from Peter's suitcase, it implies that the suitcase is still there, so perhaps Peter left the suitcase behind when he went to play.

Let's think logically. Peter puts the pencil in his suitcase and then goes to play. It doesn't say he takes the suitcase, so likely, the suitcase is left where they were playing. Then Kumar comes, takes the pencil from the suitcase, and puts it in his backpack. Then Kumar goes to play somewhere else. Since Kumar has the backpack, he probably takes it with him.

So when Peter returns, the pencil is with Kumar in his backpack, and Kumar is not there because he went to play somewhere else.

Therefore, the pencil is not in Peter's suitcase anymore; it's in Kumar's backpack, which is with Kumar elsewhere.

So, when Peter returns, the pencil is not present where Peter is; it's with Kumar.

The question is: ""Where is the pencil now?"" meaning at the time Peter returns.

Since Kumar has taken the pencil and gone away, the pencil is with Kumar.

But to be precise, the pencil is in Kumar's backpack, and Kumar is away.

So, the answer should be that the pencil is in Kumar's backpack.

I need to respond accurately without using many words.

Final answer: The pencil is in Kumar's backpack.",Where does Peter look for the pencil?,suitcase,Peter looks in his suitcase.,"First, the user asked: ""Where does Peter look for the pencil?"" I need to respond accurately without using many words.

From the story: Peter put the pencil in his suitcase. Then Kumar took it from the suitcase and put it in his backpack. Peter wasn't there when Kumar did this. Then Peter returns.

When Peter returns, he doesn't know that Kumar moved the pencil. So, Peter would think the pencil is still in his suitcase because that's where he left it.

Therefore, Peter would look for the pencil in his suitcase.

The question is about where Peter looks, not where the pencil actually is. I already confirmed that the pencil is in Kumar's backpack, but Peter isn't aware of that.

So, my response should be concise: Peter looks in his suitcase.",,,1.0
SA_1fb,You will be asked a question. Please respond to it as accurately as possible without using many words.,"Peter and Kumar are playing. They found a beautiful golden marble. They dig a hole in the ground to hide the marble. Then Peter has to go home, so he leaves. 
Kumar stays a bit longer. When he sees a dog approaching, he realizes the marble is not safe. He digs up the marble and puts it in a hole in the tree. Then Kumar goes home. 
The next day Peter returns to the playground. He wants to play with the marble again.
Where is the marble now?",tree,In the hole in the tree.,"First, the user is asking where the marble is now based on the story. The story involves Peter and Kumar finding a golden marble, digging a hole to hide it, Peter leaving, Kumar moving it to a tree hole because of a dog, and then Kumar going home. Now, Peter is back the next day.

The question is: Where is the marble now?

From the story:

- Initially, they hide the marble in a hole in the ground.

- Kumar moves it to a hole in the tree because he thinks it's not safe from the dog.

- Kumar goes home after moving it.

- Peter returns the next day.

So, the marble should still be in the hole in the tree because no one has moved it since Kumar put it there.

I need to respond accurately without using many words. So, my answer should be concise.

Possible answer: In the hole in the tree.

But let me make sure there's no trick. Did Peter know about the move? No, the story doesn't say that Kumar told Peter. So Peter might think it's still in the ground, but the actual location is in the tree.

The question is about where the marble is, not where Peter thinks it is. So, objectively, it's in the tree hole.

Response should be short and to the point.",Where does Peter look for the marble?,ground,In the hole in the ground.,"First, the user is asking: ""Where does Peter look for the marble?"" I need to respond accurately and concisely, without using many words.

From the story:
- Peter and Kumar hide the marble in a hole in the ground.
- Peter leaves.
- Kumar moves the marble to a hole in the tree because a dog was approaching.
- Kumar goes home.
- The next day, Peter returns to the playground to play with the marble.

Peter doesn't know that Kumar moved the marble. When Peter returns, he would look for it where he last knew it was hidden, which is in the hole in the ground.

So, Peter would look in the original hiding spot.

My response should be direct: ""In the hole in the ground.""

I need to keep it short and to the point, as per the system prompt.",,,2.0
SA_2fb,You will be asked a question. Please respond to it as accurately as possible without using many words.,"Sally and Anne are in the park. There is an ice cream truck next to the fountain. They both want to buy an ice cream but Sally doesn't have enough money. Sally goes home to get more money.
The ice cream man tells Anne that he is moving, he is now going to sell ice cream at the swing.
He meets Sally on the way and tells her where he is going. Sally gets money and so goes to the swing to buy an ice cream.
Anne goes to Sally's house and asks Sally's mother where Sally is. The mother says that Sally is buying ice cream.
Where is the ice cream truck now?",swing,The ice cream truck is now at the swing.,"First, the user is asking about the location of the ice cream truck now. I need to recall the sequence of events from the story.

Here's what happened:

- Sally and Anne are in the park.

- There's an ice cream truck next to the fountain.

- Sally doesn't have enough money, so she goes home to get more.

- The ice cream man tells Anne that he is moving to the swing.

- He meets Sally on the way and tells her where he is going. So, Sally knows he's at the swing.

- Sally gets money and goes to the swing to buy ice cream.

- Anne goes to Sally's house and asks Sally's mother where Sally is. The mother says Sally is buying ice cream.

The question is: Where is the ice cream truck now?

From the story, the ice cream man told Anne he was moving to the swing. Then he met Sally and told her the same thing. So, after moving, the ice cream truck should be at the swing.

Sally goes to the swing to buy ice cream, which implies that the truck is at the swing when she arrives.

Anne goes to Sally's house, but that doesn't directly affect the location of the ice cream truck. The mother says Sally is buying ice cream, which means Sally is at the swing with the truck.

Therefore, the ice cream truck is now at the swing.

I need to respond accurately without using many words. So, my answer should be concise.",Where does Anne think Sally is going to look for the ice cream truck?,fountain,"Anne thinks Sally is going to look for the ice cream truck at the fountain.

Anne was told by the ice cream man that he was moving to the swing, but she was not present when he later told Sally this information. Therefore, Anne believes Sally is unaware of the move and will return to the original location.","Okay, the user is asking where Anne thinks Sally is going to look for the ice cream truck. Let me break down the scenario step by step.

First, Sally and Anne were both at the park. The ice cream truck was next to the fountain. Sally left to get money because she didn’t have enough. The ice cream man told Anne he’s moving to the swing. Then he also told Sally about the move on her way home.

Anne doesn’t know that Sally met the ice cream man. So from Anne’s perspective, the last info she has is that the truck was at the fountain and Sally left to get money. Since Anne wasn’t there when Sally got the update, she’d assume Sally still thinks the truck is at the fountain.

Wait, but Anne goes to Sally’s house and the mom says Sally is buying ice cream. Even then, Anne might still think Sally went to the original location because she doesn’t know Sally knows about the move. So Anne would expect Sally to go to the fountain.",,,0.0
SA_2fb,You will be asked a question. Please respond to it as accurately as possible without using many words.,"Tom and Gerald are in the park. There is a candy cart next to the pond. They both want to buy some candy but Tom doesn't have enough money. Tom goes home to get more money.
The candy man tells Gerald that he is moving, he is now going to sell candy at the deer.
He meets Tom on the way and tells him where he is going. Tom gets money and walks to the deer to buy some candy.
Gerald walks to Tom's house and asks Tom's mother where Tom is. The mother says that Tom is buying candy.
Where is the candy cart now?",deer,The candy cart is at the deer.,"First, the user is asking: ""Where is the candy cart now?"" based on the story.

Let me recall the story step by step:

1. Tom and Gerald are in the park. There is a candy cart next to the pond.

2. Tom doesn't have enough money, so he goes home to get more money.

3. The candy man tells Gerald that he is moving and will now sell candy at the deer. I think ""deer"" might be a typo or misphrasing. Probably, it's ""the deer"" as in a location, like perhaps ""the deer park"" or something similar. But in the story, it says ""at the deer,"" which might mean near some deer or a place called ""the deer."" I'll assume it's a location reference.

4. The candy man meets Tom on the way and tells him where he is going. So, Tom knows the new location.

5. Tom gets money and walks to the deer to buy candy.

6. Gerald walks to Tom's house and asks Tom's mother where Tom is. The mother says that Tom is buying candy.

The question is about the location of the candy cart now.

From point 3, the candy man said he is moving to sell candy at the deer. Then, he met Tom and told him, so Tom is going to the deer.

Gerald went to Tom's house, but Tom is already at the deer buying candy.

So, the candy cart should be at the deer now, because that's where the candy man moved it.

The mother says Tom is buying candy, which implies he is at the location where the candy is, which is the deer.

Therefore, the candy cart is at the deer.

I need to respond accurately without using many words. So, my answer should be concise.

Final answer: The candy cart is at the deer.",Where does Gerald think Tom is going to look for the candy cart?,pond,"Based on the story, Gerald knows that the candy cart has moved to the deer because the candy man told him directly. However, Gerald is not aware that the candy man also informed Tom about the move during their encounter. Therefore, from Gerald's perspective, Tom still believes the candy cart is at the pond, as that was its original location when Tom left to get money.

When Gerald goes to Tom's house to find Tom, he likely assumes that Tom intends to return to the pond to look for the candy cart, since Tom is unaware of the move. Thus, Gerald thinks Tom is going to look for the candy cart at the pond.","First, the user is asking: ""Where does Gerald think Tom is going to look for the candy cart?""

From the story:

- Tom and Gerald are in the park. There's a candy cart next to the pond.

- Tom doesn't have enough money, so he goes home to get more.

- The candy man tells Gerald that he is moving to sell candy at the deer. (I think ""deer"" might be a typo or shorthand; it could mean ""deer"" as in a location, like a deer park or something, but in context, it's probably ""the deer"" meaning a specific spot, perhaps near deer. I'll assume it's a location.)

- The candy man meets Tom on the way and tells him where he is going. So Tom knows the cart is moving to the deer.

- Tom gets money and walks to the deer to buy candy.

- Gerald walks to Tom's house and asks Tom's mother where Tom is. The mother says Tom is buying candy.

Now, the question is about what Gerald thinks. Gerald was told by the candy man that he is moving to the deer. But did Gerald hear that the candy man told Tom? No, from Gerald's perspective:

- Gerald was at the park when the candy man told him that he is moving to the deer.

- Then, Gerald goes to Tom's house to find Tom. Why? Probably because Gerald thinks Tom might not know about the move, or he wants to tell Tom or something.

When Gerald asks Tom's mother, she says Tom is buying candy. But Gerald knows that the candy cart is no longer at the pond; it's at the deer. So, if Tom is buying candy, where would Gerald assume Tom is going?

Gerald was told directly by the candy man that the cart is moving to the deer. So Gerald knows the current location of the candy cart is at the deer.

However, when Gerald goes to Tom's house, he might be expecting Tom to be there or to have gone to the original location. But Tom's mother says Tom is buying candy, which implies Tom is at the candy cart.

Since Gerald knows the cart is at the deer, he should think that Tom is going to the deer to buy candy.

But let's think about what Gerald knows:

- Gerald knows that Tom left to get money from home.

- Gerald was told by the candy man that the cart is moving to the deer.

- Gerald does not know that the candy man met Tom and told him about the move. From Gerald's perspective, Tom might still think the cart is at the pond.

So, when Gerald hears from Tom's mother that Tom is buying candy, Gerald might assume that Tom is going to the pond, because that's where Tom last knew the cart was.

But Tom's mother says ""Tom is buying candy,"" which is present tense, suggesting he is currently at the cart.

Gerald knows the cart is not at the pond anymore; it's at the deer. So if Tom is buying candy, he must be at the deer, right? But does Gerald know that Tom knows about the move?

No, Gerald was not present when the candy man told Tom. So Gerald might think that Tom is unaware of the move and is going to the pond, only to find it gone.

However, the question is: ""Where does Gerald think Tom is going to look for the candy cart?""

Gerald is trying to find Tom. He goes to Tom's house and asks where Tom is. The mother says Tom is buying candy, which means Tom is at the candy cart.

But Gerald knows the candy cart is at the deer, so he should infer that Tom is at the deer.

Perhaps Gerald thinks Tom is going to the pond because he doesn't know Tom was informed.

Let's read the story carefully:

""The candy man tells Gerald that he is moving, he is now going to sell candy at the deer.""

""He meets Tom on the way and tells him where he is going."" – ""He"" refers to the candy man, I assume. So the candy man tells Tom about moving to the deer.

Gerald is not aware of this meeting. From Gerald's perspective:

- Gerald knows the candy man is moving to the deer.

- Gerald knows Tom went home to get money.

- Gerald might assume that Tom still thinks the cart is at the pond.

When Gerald goes to Tom's house, he asks where Tom is. The mother says Tom is buying candy. Since Gerald knows the cart is at the deer, and if Tom is buying candy, he must be at the deer. But for Gerald to think where Tom is going to look, it might be before he hears from the mother.

The question is: ""Where does Gerald think Tom is going to look for the candy cart?""

This might be at the point when Gerald is deciding to go to Tom's house or after he asks.

Perhaps Gerald thinks Tom is going to the pond to look for the cart, because Tom doesn't know it moved.

But after hearing from the mother that Tom is buying candy, Gerald might realize Tom knows.

The question is in present tense: ""Where does Gerald think..."" – it could be at the time he is acting.

In the story, Gerald walks to Tom's house after the candy man told him about moving. So, on his way to Tom's house, what does Gerald think?

Gerald might want to tell Tom that the cart moved, so he goes to Tom's house to inform him or to find him.

When he asks Tom's mother, she says Tom is buying candy, which means Tom is already at the cart, so Gerald might think Tom is at the deer.

But the question is specifically ""where does Gerald think Tom is going to look"" – this implies before Tom has found the cart or while he is going.

From Gerald's perspective, Tom left to get money and then would return to the park to buy candy, but since the cart moved, Tom might go to the pond and not find it.

But Gerald knows Tom might be misinformed.

After hearing from the mother that Tom is buying candy, Gerald might think Tom is at the deer, but the question might be about Gerald's initial thought.

Let's see the sequence:

1. Tom goes home to get money.

2. Candy man tells Gerald he is moving to deer.

3. Candy man meets Tom and tells him.

4. Tom gets money and walks to deer.

5. Gerald walks to Tom's house and asks mother.

6. Mother says Tom is buying candy.

At step 5, when Gerald is walking to Tom's house, what does he think? He probably thinks Tom is at home or on his way back to the pond, but since the cart moved, he might want to tell Tom about the new location.

When he asks the mother, and she says Tom is buying candy, that means Tom is currently at the candy cart. Since Gerald knows the cart is at the deer, he should think Tom is at the deer.

But the question is ""where does Gerald think Tom is going to look"" – this might imply that Gerald believes Tom is still searching or heading to a location.

Perhaps after hearing ""buying candy,"" it means he has found it, so no longer looking.

The phrase ""going to look for"" suggests the action of searching, not having found.

So, at the time Gerald is thinking, before he hears from the mother or after.

The question is asked in the context of the story, so likely after all events.

From the mother's statement, ""Tom is buying candy,"" it indicates he is at the point of purchase, so he has found the cart.

Gerald knows the cart is at the deer, so he should think Tom is at the deer.

But let's consider what Gerald knows about Tom's knowledge.

Gerald does not know that the candy man told Tom. So, from Gerald's perspective, Tom still believes the cart is at the pond.

Therefore, when Tom goes to buy candy, he would first go to the pond to look for the cart.

But since the mother says Tom is buying candy, and if Gerald thinks Tom is buying candy, he must be at the cart, which is at the deer, but Gerald might not think Tom knows that, so there's a contradiction.

If Tom is buying candy, he must be at the cart, so if the cart is at the deer, Tom must be at the deer. But for Tom to be at the deer, he must know it's there, which Gerald doesn't know he knows.

So, when Gerald hears ""Tom is buying candy,"" he might be confused or assume that Tom found out somehow.

Perhaps Gerald thinks that Tom went to the pond, found the cart missing, and then asked around or something, but that's not indicated.

The simplest way: Gerald knows the cart is at the deer. When he is told that Tom is buying candy, he must conclude that Tom is at the deer, meaning Tom somehow knew to go there.

But since Gerald doesn't know about the meeting, he might wonder how Tom knew, but for the purpose of this question, we need to infer Gerald's belief.

The question is: ""Where does Gerald think Tom is going to look for the candy cart?""

This might be referring to before Gerald hears from the mother. For example, when Gerald decides to go to Tom's house, he might think that Tom is going to look at the pond.

Let's see the story: ""Gerald walks to Tom's house and asks Tom's mother where Tom is."" So, at that moment, when he asks, he is trying to find Tom, so he has a belief about where Tom might be.

Typically, in such puzzles, the key is that Gerald thinks Tom is unaware of the move, so he thinks Tom is going to the original location.

In this case, the original location is the pond.

Gerald was told the cart is moving to the deer, so he knows it's not at the pond.

Tom left to get money, so he probably intends to return to the pond to buy candy.

Therefore, Gerald likely thinks that Tom is going to the pond to look for the candy cart.

Then, when he goes to Tom's house, he might be expecting to find Tom there or to intercept him before he goes to the pond.

But when the mother says Tom is buying candy, it means he is not at home; he is already at the cart.

Since Gerald knows the cart is at the deer, he should realize that Tom is at the deer, but he might not understand how Tom knew, but for the question, we need to answer based on Gerald's knowledge.

The question is specifically ""where does Gerald think Tom is going to look"" – this suggests the action of looking, which might be prior to finding.

After hearing from the mother, Gerald knows Tom is currently buying candy, so he is not looking anymore; he has found it.

So, for Gerald to think about where Tom is going to look, it might be at an earlier time.

Perhaps the question is asking for Gerald's assumption before he gets the information from the mother.

In the context, when Gerald is walking to Tom's house, he might think that Tom is on his way to the pond to look for the cart.

Then, when he asks the mother, he learns otherwise.

But the question is phrased in present tense after the events, so it might be that after hearing from the mother, Gerald thinks Tom is at the deer.

Let's look at the initial question: ""Where is the candy cart now?"" which is answered as ""at the deer"" from the story.

Now, ""Where does Gerald think Tom is going to look for the candy cart?""

From Gerald's perspective, he knows the cart is at the deer, but he thinks Tom does not know that, so he believes Tom will go to the pond to look for the cart.

That makes sense.

When Gerald goes to Tom's house, it might be to tell Tom about the move or to find him before he goes to the wrong place.

So, Gerald thinks Tom is going to look for the candy cart at the pond.

Yes, that seems logical.

If Gerald thought Tom knew, he wouldn't need to go to Tom's house; he might go directly to the deer.

But he goes to Tom's house, suggesting he thinks Tom is at home or will be there, and from there, Tom might go to the pond.

So, I think Gerald thinks Tom is going to look for the candy cart at the pond.",,,1.0
SA_2fb,You will be asked a question. Please respond to it as accurately as possible without using many words.,"Tom and Gerald went swimming. But when they wanted to go home, Tom found out that his bike has a flat tire. When they start walking they see the swimming teacher passing in his car. They put up their hand and the swimming teacher stops the car at the bus stop alongside the road. They ask whether they can hitchhike, the swimming teacher says yes. 
Tom says he forgot his bag in the dressing room, so he quickly runs to grab it. The swimming teacher says to Gerald that he'll park his car in the parking lot around the corner, so they can put the bikes in the trunk.
On the way to the parking lot the swimming teacher sees Tom and tells him where he is going. So when Tom has his bag, he walks to the parking lot. 
Gerald walks to the dressing room and asks where Tom is. The children in the dressing room say that Tom went to the car of the swimming teacher. 
Where is the swimming teacher’s car now? ",parking lot,The swimming teacher's car is in the parking lot around the corner.,"First, the user has given a story and asked: ""Where is the swimming teacher’s car now?"" I need to respond accurately and concisely.

Let me summarize the key points from the story:

- Tom and Gerald went swimming.

- Tom's bike has a flat tire, so they start walking.

- They see the swimming teacher in his car, and he stops at the bus stop.

- They ask to hitchhike, and the teacher agrees.

- Tom remembers he forgot his bag in the dressing room, so he runs to get it.

- The swimming teacher tells Gerald that he'll park his car in the parking lot around the corner so they can put the bikes in the trunk.

- On the way to the parking lot, the swimming teacher sees Tom and tells him where he is going.

- Tom, after getting his bag, walks to the parking lot.

- Gerald goes to the dressing room and asks where Tom is. The children say Tom went to the car of the swimming teacher.

Now, the question is about the current location of the swimming teacher's car.

From the story:

- The swimming teacher said he would park the car in the parking lot around the corner.

- He was on his way there when he saw Tom and told him.

- Tom then goes to the parking lot after getting his bag.

- Gerald is told that Tom went to the car, which should be in the parking lot.

So, logically, the car should be in the parking lot around the corner.

The story doesn't indicate that the car has moved again after that. The swimming teacher was heading to the parking lot to park, and he informed Tom, so it's likely that he parked there.

Gerald hears from the children that Tom went to the car, implying that the car is still in the parking lot.

Therefore, the swimming teacher's car is now in the parking lot around the corner.

My response should be brief and to the point.",Where does Gerald think Tom is going to look for the swimming teacher’s car? ,bus stop,"Based on the sequence of events, Gerald thinks Tom is going to look for the swimming teacher's car at the bus stop. Here's why:

- Gerald was present when the swimming teacher said he would park the car in the parking lot around the corner, but Tom had already run to the dressing room to get his bag before this conversation. Therefore, Gerald knows that Tom did not hear the teacher's plan.
- When Gerald asks the children in the dressing room where Tom is, they say that Tom ""went to the car of the swimming teacher."" Since Gerald believes Tom is unaware of the parking lot plan, he assumes Tom will return to the bus stop where they last saw the teacher's car, expecting it to still be there.
- Gerald knows the car is no longer at the bus stop because the teacher drove to the parking lot, but he thinks Tom is not aware of this change. Thus, Gerald concludes that Tom is heading to the bus stop to look for the car.","First, I need to understand the sequence of events from the story.

- Tom and Gerald go swimming.
- Tom's bike has a flat tire, so they start walking.
- They see the swimming teacher in his car, and he stops at the bus stop.
- They ask to hitchhike, and the teacher agrees.
- Tom remembers he forgot his bag in the dressing room, so he runs to get it.
- The swimming teacher tells Gerald that he'll park his car in the parking lot around the corner so they can put the bikes in the trunk.
- The swimming teacher drives to the parking lot and sees Tom on the way, telling him where he's going.
- Tom gets his bag and walks to the parking lot.
- Gerald walks to the dressing room and asks where Tom is. The children say Tom went to the car of the swimming teacher.

Now, the question is: Where does Gerald think Tom is going to look for the swimming teacher’s car?

Gerald was told by the swimming teacher that he would park the car in the parking lot around the corner. So, Gerald knows that the car is supposed to be in the parking lot.

But when Gerald goes to the dressing room, he asks where Tom is. The children tell him that Tom went to the car of the swimming teacher. Since Gerald knows the car is in the parking lot, he should think that Tom is going to the parking lot to find the car.

However, let's see what Gerald knows at the point he asks about Tom.

Gerald was with the swimming teacher when the teacher said he'd park in the parking lot. Then, Tom ran to get his bag. After that, the swimming teacher drove off to the parking lot. Gerald didn't see the teacher tell Tom where he's going because that happened while Tom was on his way to the dressing room.

From Gerald's perspective:

- He and Tom were at the bus stop with the teacher.
- Tom left to get his bag.
- The teacher told Gerald he'd park in the parking lot.
- Then, presumably, Gerald might have stayed or something, but the story says: ""Gerald walks to the dressing room"" after Tom runs to get the bag. Actually, let's read carefully.

The story says: ""Tom says he forgot his bag... so he quickly runs to grab it. The swimming teacher says to Gerald that he'll park his car in the parking lot around the corner...""

After that, ""On the way to the parking lot the swimming teacher sees Tom and tells him where he is going."" So, the teacher drives and sees Tom, tells him about the parking lot.

Then, ""So when Tom has his bag, he walks to the parking lot.""

Next, ""Gerald walks to the dressing room and asks where Tom is."" So, Gerald goes to the dressing room after Tom has already left for the parking lot? Or simultaneously?

The sequence: After Tom runs to get the bag, the teacher tells Gerald about parking, and then the teacher drives off. Gerald might be left at the bus stop or something, but the story doesn't specify what Gerald does immediately after the teacher leaves.

Then, Gerald walks to the dressing room. Why? Probably because he wants to find Tom or something, but the story says he asks where Tom is, so he might be looking for Tom.

When Gerald asks the children in the dressing room, they say Tom went to the car of the swimming teacher.

Now, Gerald knows that the teacher said he would park in the parking lot. So, when he hears that Tom went to the teacher's car, he should infer that Tom is going to the parking lot.

But the question is where Gerald thinks Tom is going to look for the car. Since Gerald knows the car is in the parking lot, he should think Tom is going directly to the parking lot.

However, let's consider if Gerald has any reason to think otherwise. From Gerald's perspective, he doesn't know that the teacher told Tom about the parking lot. The teacher told Tom on the way, but Gerald wasn't present for that conversation.

So, when Gerald hears that Tom went to the teacher's car, he might wonder where Tom thinks the car is. But Gerald knows where the car is supposed to be, so he might assume that Tom also knows or will figure it out.

But the question is specifically: where does Gerald think Tom is going to look for the car?

Gerald thinks that Tom is going to look for the car at the parking lot because that's where the teacher said he would be, and Gerald assumes Tom knows that.

But does Tom know? From the story, the teacher told Tom on the way, so Tom does know, but Gerald doesn't know that the teacher told Tom.

When Gerald was told by the teacher, Tom had already run off to get the bag, so Tom might not have heard the teacher tell Gerald about the parking lot.

Then, later, the teacher told Tom directly, but Gerald wasn't there to witness that.

So, when Gerald asks where Tom is, and the children say Tom went to the car, Gerald might think that Tom is going to look for the car at the bus stop or somewhere else, but that doesn't make sense because the teacher is no longer at the bus stop.

Let's think from Gerald's knowledge.

Gerald last saw the teacher at the bus stop, and the teacher said he was going to park in the parking lot. So, Gerald knows the car is not at the bus stop anymore.

Tom was not present when the teacher said that to Gerald, so Tom might not know where the car is. But when Tom left, the teacher was still at the bus stop, so Tom might think the car is still there.

However, when Tom was on his way back from the dressing room, the teacher told him about the parking lot, so Tom knows now. But Gerald doesn't know that the teacher told Tom.

So, when Gerald hears that Tom went to the teacher's car, he might think that Tom is going to the bus stop to find the car, but since the car is gone, Tom might be confused.

But Gerald knows that the teacher told him he would park in the parking lot, so if Gerald is rational, he might think that Tom will eventually go to the parking lot, but initially, Gerald might think Tom is looking at the bus stop.

The question is: where does Gerald think Tom is going to look for the car? At the moment Gerald asks the children.

Gerald is at the dressing room, and he asks where Tom is. The children say Tom went to the car.

Now, Gerald knows that the car is supposed to be in the parking lot, but he doesn't know if Tom knows that.

Since Tom was not there when the teacher told Gerald, Gerald might assume that Tom does not know about the parking lot and might think the car is still at the bus stop.

Therefore, Gerald might think that Tom is going to the bus stop to look for the car.

But let's see what the children said: ""Tom went to the car of the swimming teacher."" This is vague; it doesn't specify where the car is. But from the context, Tom is going to the parking lot because he was told by the teacher.

However, Gerald doesn't know that Tom was told.

So, from Gerald's perspective, when Tom left to get the bag, the teacher was at the bus stop. Tom might expect the car to be there when he returns.

But the teacher left to go to the parking lot, so the car is not at the bus stop.

Gerald knows the teacher left for the parking lot, so he knows the car isn't at the bus stop.

Therefore, if Gerald thinks Tom is going to look for the car, he might think Tom is going to the bus stop first, but since it's not there, Tom might ask around or something.

But the children said Tom went to the car, which implies Tom knows where to go, but Gerald doesn't know that Tom knows.

Perhaps Gerald remembers that the teacher might have told Tom, but from the story, the teacher told Tom after he left Gerald, so Gerald wasn't aware of that interaction.

The story says: ""On the way to the parking lot the swimming teacher sees Tom and tells him where he is going."" This happened after the teacher left Gerald, so Gerald doesn't know that Tom was informed.

Therefore, Gerald has no knowledge that Tom knows about the parking lot.

So, when Gerald hears that Tom went to the teacher's car, he might think that Tom is going to the bus stop to find the car, but since the car isn't there, Tom might be lost or something.

But the question is where Gerald thinks Tom is going to look for the car.

Since Gerald knows the car is in the parking lot, and he thinks Tom doesn't know that, he might expect Tom to go to the bus stop first, realize the car is gone, and then perhaps figure out where to go or ask someone.

But that seems complicated.

Perhaps Gerald assumes that Tom will intuitively go to the parking lot or something, but that's not based on information.

Another point: when the teacher told Gerald about parking, Tom had already run off, so Tom might not have heard. But Gerald might think that Tom could have overheard or something, but that's unlikely since Tom ran away.

Let's read the story: ""Tom says he forgot his bag in the dressing room, so he quickly runs to grab it. The swimming teacher says to Gerald that he'll park his car in the parking lot around the corner...""

So, Tom was present when he said he forgot his bag, but he ran off immediately after saying that, so probably before the teacher spoke to Gerald. The teacher spoke to Gerald after Tom ran off.

So, Tom did not hear the teacher say where he was going.

Therefore, from Gerald's perspective, Tom does not know that the car will be in the parking lot.

So, when Tom goes to look for the car, he would likely go back to the bus stop where he last saw the car.

Thus, Gerald thinks that Tom is going to the bus stop to look for the car.

But the children said ""Tom went to the car,"" which might mean he went to where the car is, but since Gerald doesn't know where Tom thinks the car is, he might interpret that as Tom going to the bus stop.

Moreover, Gerald is at the dressing room, and he asked where Tom is, so he is trying to find Tom.

The children say Tom went to the car, so Gerald might think that Tom is heading to the bus stop.

But let's confirm with the story.

After Gerald is told by the children, what does he do? The story doesn't say, but we need to infer what Gerald thinks.

The question is: where does Gerald think Tom is going to look for the car?

Since Gerald knows the car is in the parking lot, but he thinks Tom doesn't know, he likely thinks Tom is going to the bus stop to look for the car.

Therefore, the answer should be the bus stop.

But let's make sure.

Perhaps Gerald thinks that Tom might have learned from someone else, but there's no indication of that.

Another thing: when the teacher saw Tom and told him, Tom now knows, but Gerald doesn't know that.

So, from Gerald's point of view, Tom is uninformed.

Thus, Gerald believes Tom is going to the bus stop to find the car.

So, for the question, Gerald thinks Tom is going to look for the car at the bus stop.",,,2.0
SS_1lie,You will be asked a question. Please respond to it as accurately as possible without using many words.,"One day, when Jan walks into the house, he accidentally knocks over his mother's favourite vase. The vase is broken. Oh no! If mom finds out about this, she will be very angry!
When Jan's mother comes home and sees the broken vase, she asks Jan what happened.
Jan says: ""The dog knocked it over, it is not my fault!""
Is what Jan says true?",False ,"No, it is not true. Jan knocked over the vase himself.","First, the user asks: ""Is what Jan says true?"" Jan said, ""The dog knocked it over, it is not my fault!""

From the story: Jan accidentally knocks over the vase. It says, ""he accidentally knocks over his mother's favourite vase."" So, Jan is the one who broke it, not the dog.

Jan is blaming the dog to avoid getting in trouble. So, what Jan says is not true; it's a lie.

The question is straightforward: Is Jan's statement true? Based on the facts given, no, it's false.

I need to respond accurately without using many words. So, my answer should be concise.

Final answer: No, it is not true.",Why does Jan say this?,,Jan says this to avoid getting in trouble or facing his mother's anger. He is blaming the dog to shift responsibility away from himself.,"Hmm, the user is asking why Jan lied about breaking the vase. This seems straightforward based on the previous context. 

The user already knows Jan broke it and falsely blamed the dog, so they're likely probing for psychological motivation rather than factual accuracy. 

Jan's lie is a classic fear-driven response - avoiding punishment by deflection. The core reason is self-preservation, not malice. 

Should keep it concise since the user emphasized brevity earlier. No need to overexplain basic human behavior they already understand from context.",,,0.0
SS_1lie,You will be asked a question. Please respond to it as accurately as possible without using many words.,"One day, when Olga walks into the house, she accidentally knocks over her father's favourite sculpture. The sculpture is broken. Oh no! If daddy finds out about this, he will be very angry!
When Olga's father comes home and sees the broken sculpture, he asks Olga what happened.
Olga says: ""The cat knocked it over, it is not my fault!""
Is what Olga says true?",False ,"No, it is not true. Olga knocked over the sculpture herself, not the cat.","First, the user asks: ""Is what Olga says true?"" Olga said, ""The cat knocked it over, it is not my fault!""

From the story: Olga accidentally knocks over the sculpture herself. So, the cat did not knock it over; Olga did. Therefore, what Olga says is not true. She's lying to avoid getting in trouble.

The question is about the truth of her statement. Her statement has two parts: ""The cat knocked it over"" and ""it is not my fault."" Since she knocked it over, both parts are false. The cat didn't do it, and it is her fault.

I need to respond accurately without using many words. So, my answer should be concise.

Final answer: No, it is not true.",Why does Olga say this?,,Olga says this to avoid getting in trouble and facing her father's anger. She is lying to shift the blame onto the cat because the cat cannot defend itself or contradict her story.,"Okay, the user asked why Olga says the cat knocked over the sculpture. Let me break this down.

First, I need to recall the context: Olga broke the sculpture and blamed the cat. The key here is her motivation. She’s probably scared of getting in trouble.

Hmm, the user might be looking for both the obvious reason (avoiding punishment) and deeper psychological aspects. Maybe they want to understand not just the lie itself but the underlying emotions.

I should mention fear of consequences, maybe guilt, and how she shifts blame. Also, considering the cat can’t defend itself makes the lie easier. 

Wait, should I include how children often deflect responsibility? Yeah, that adds depth. Make sure to keep it concise but cover both immediate and emotional reasons.",,,1.0
SS_1lie,You will be asked a question. Please respond to it as accurately as possible without using many words.,"One day, Olga is playing with the doll of her little sister Sally. Accidentally she pulls the head from the doll. She tries to attach it to the body, but without success. It looks like the doll is broken! When Sally sees this, she will be mad. It was her favourite doll. 
Sally comes home and searches for her doll. When she finds it she asks Olga if she knows why her doll is broken. Olga says: “Mummy broke it while she was cleaning up!”
Is what Olga says true?",False ,"No, it is not true. Olga broke the doll herself.","First, the user asks: ""Is what Olga says true?"" referring to Olga's statement that ""Mummy broke it while she was cleaning up!""

From the story: Olga broke the doll by pulling its head off accidentally. She tried to fix it but couldn't. Then, when Sally asks, Olga blames their mother.

So, Olga is lying. The truth is that Olga broke it, not the mother.

Therefore, what Olga says is not true.

I need to respond accurately without using many words. So, my answer should be concise.

Final answer: No, it is not true.",Why does Olga say this?,,Olga says this to avoid blame and potential punishment from Sally or her mother. She is likely trying to deflect responsibility because she is afraid of Sally's anger or feels guilty about breaking her sister's favorite doll.,"Hmm, the user is asking about Olga's motivation for lying. The previous context clearly states Olga broke the doll accidentally and fears Sally's anger. 

The core here is psychological - deflection of blame to avoid consequences. Olga chooses her mother as the scapegoat likely because adults are often perceived as responsible for accidents during cleaning, making the lie somewhat plausible. 

The answer should focus on three layers: the immediate fear of punishment, the strategic choice of target (mother), and the underlying desire to preserve her relationship with Sally. No need to overcomplicate it - just state the obvious emotional logic behind the lie.",,,2.0
SS_2pretend,You will be asked a question. Please respond to it as accurately as possible without using many words.,"Sally and Anne are playing in the house. Sally takes a banana from the fruit bowl and holds it to her ear. She says to Anne: 'Look, the banana is a telephone!'
Is what Sally says true?",False ,No.,"First, the user is asking about a scenario where Sally is pretending a banana is a telephone. The question is: ""Is what Sally says true?"" Sally says, ""Look, the banana is a telephone!""

I need to respond accurately without using many words. So, my response should be concise.

Now, logically, a banana is not actually a telephone. Telephones are devices for communication, while bananas are fruits. Sally is engaging in pretend play, which is common in children's games. She's not making a factual statement; she's imagining or pretending.

The question is about truth. In a literal sense, what Sally says is false because a banana isn't a telephone. But in the context of play, it might be ""true"" within the game. However, the user is likely expecting a straightforward answer based on reality.

The user might be referencing the Sally-Anne test, which is a psychological test about theory of mind, but here it's simplified to a truth question. In the Sally-Anne test, it's about false beliefs, but this seems different.

The key is to answer based on fact: a banana is not a telephone. So, Sally's statement is not true.

My response should be brief. Something like ""No"" or ""No, it's not true."" But I should ensure it's accurate.

Finally, I need to box my answer as per the instruction.",Why does Sally say this? ,,She is pretending.,"First, the user asks: ""Why does Sally say this?"" referring to Sally saying, ""Look, the banana is a telephone!""

From the context, Sally is playing with Anne. Sally is using a banana as if it were a telephone, holding it to her ear and making a statement about it.

I need to respond accurately without using many words, as per the system prompt.

The key here is to understand that Sally is engaging in pretend play. Children often use objects in imaginative ways, where they assign different functions or identities to them for fun or to create a game.

Sally says this because she is pretending that the banana is a telephone. It's not true in a literal sense, but in the context of play, it's a way to spark imagination and interaction with Anne.

My response should be concise and to the point.

Possible response: ""Sally is pretending or engaging in imaginative play.""

But I should make it even more brief.

Final response: ""She is pretending.""

That captures the essence without many words.",,,0.0
SS_2pretend,You will be asked a question. Please respond to it as accurately as possible without using many words.,"Peter and Kumar are playing in the house. Peter takes a banana from the fruit bowl and holds it in front of his face. He says to Kumar: 'Look, the banana is my nose!’
Is what Peter says true?",False ,No.,"First, the user asks: ""Is what Peter says true?"" Peter says, ""Look, the banana is my nose!"" while holding a banana in front of his face.

I need to respond accurately without using many words. So, my answer should be concise.

Now, is this statement true? Peter is holding a banana, which is not actually his nose. He's pretending or making a joke. From a literal perspective, a banana is not part of his body; it's a fruit. So, factually, it's false.

But the context is that they're playing, so Peter might be engaging in imaginative play. However, the question is about whether what he says is true, meaning is it factually correct.

In philosophy or language, this could be a case of metaphor or false statement, but for this simple query, I should stick to the facts.

My response should be direct: no, it's not true.

Finally, keep it brief.",Why does Peter say this? ,,Peter is pretending or joking to be playful.,"First, the user asks: ""Why does Peter say this?"" referring to Peter saying, ""Look, the banana is my nose!""

From the context, Peter is holding a banana in front of his face and claiming it's his nose. This isn't true because a banana isn't actually his nose; it's a fruit.

The reason Peter says this is likely because he's pretending or joking. Children often engage in imaginative play, where they use objects to represent something else. In this case, Peter is probably trying to be funny or playful by pretending that the banana is his nose.

I need to respond accurately without using many words, as per the initial instruction. So, my answer should be concise.

Key points:
- Peter is playing a game or making a joke.
- He's using the banana as a prop for pretend play.
- It's not meant to be taken literally.

Final response should be brief and to the point.",,,1.0
SS_2pretend,You will be asked a question. Please respond to it as accurately as possible without using many words.,"Peter and Kumar are on the playground. Peter lies down on the floor, with his arms stuck to his body. He says: 'Look, I am a snake!'
Is what Peter says true?",False ,No.,"First, the user asks: ""Is what Peter says true?"" Peter says, ""Look, I am a snake!"" while lying down with his arms stuck to his body.

I need to respond accurately without using many words. So, my response should be concise.

Peter is pretending to be a snake. He's not actually a snake; he's a human. So, what he says is not true in a literal sense. It's a figurative or playful statement.

The question is about truth, which typically refers to factual accuracy. Peter is not a snake; he's a boy. Therefore, his statement is false if taken literally.

But in the context of play, it might be considered true in a imaginative way. However, the question seems to be checking for literal truth, given the way it's phrased.

The user might be testing understanding of reality versus pretend play.

My response should be direct: no, it's not true.

Finally, keep it short: ""No."" or ""No, it is not true.""",Why does Peter say this? ,,Peter says this because he is pretending or engaging in imaginative play to mimic a snake.,"First, the user asks: ""Why does Peter say this?"" referring to Peter saying, ""Look, I am a snake!""

From the initial scenario: Peter lies down on the floor with his arms stuck to his body and claims to be a snake. I already responded that it's not true because he's not actually a snake; he's just pretending.

Now, I need to explain why Peter says this. The key here is to understand the context. Peter and Kumar are on the playground, which suggests they might be playing or engaging in imaginative play. Children often pretend to be animals or other things as part of their games.

So, Peter is likely pretending to be a snake for fun. He's using his body to mimic a snake's appearance – lying down with arms close to his body to resemble a snake's slithering form. This is a common form of play where children use their imagination.

I should keep my response concise, as per the system prompt: ""respond to it as accurately as possible without using many words."" So, I need to be brief but clear.

Possible response: Peter says this because he is pretending or engaging in imaginative play.

To make it accurate: He's trying to imitate a snake for playful purposes.

Final response should be short and to the point.",,,2.0
SS_3joke,You will be asked a question. Please respond to it as accurately as possible without using many words.,"James goes to Claire's house for the first time. He goes there for a drink and wants to see Claire's dog whom she always talks about. James likes dogs very much. When James gets to Claire's house, Claire runs to the door to open it, and her dog jumps up to greet James. Claire's dog is huge, and almost as tall as James! When James sees Claire's big dog he says, ""Claire, you don't have a dog at all. You have an elephant!
Is what James says true?",False ,"No, James is exaggerating; Claire has a dog, not an elephant.","First, the user is asking if what James says is true. James says, ""Claire, you don't have a dog at all. You have an elephant!"" after seeing Claire's huge dog.

I need to respond accurately without using many words. So, my answer should be concise.

The key point is that Claire has a dog, not an elephant. James is exaggerating because the dog is very large, but it's still a dog. Elephants are not dogs; they are entirely different animals.

Therefore, James's statement is not true. Claire has a dog, not an elephant.

My response should directly address the truth of the statement.",Why does James say this?,,James says this as an exaggeration or joke to express his surprise at the dog's unusually large size. He is using humor to convey that the dog is much bigger than he expected.,"Hmm, the user is asking why James made that exaggerated comment about Claire's dog being an elephant. The previous context already established that James was surprised by the dog's size. 

I should focus on explaining the intent behind the exaggeration rather than just stating it's false again. The key is to highlight the humorous effect and the emotional reaction. 

Maybe mention the contrast between expectation and reality, since Claire talked about the dog often but didn't prepare James for its actual size. The tone should stay light to match the playful exaggeration. 

Keep it concise—no need to overexplain since the user already knows it's not literally true. Just pinpoint the purpose of the figurative language.",,,0.0
SS_3joke,You will be asked a question. Please respond to it as accurately as possible without using many words.,"Giulia goes to Robin's house for the first time. She goes there for a visit and wants to see Robin's cat whom he always talks about. Giulia likes cats very much. When Giulia gets to Robin's house, Robin runs to the door to open it, and his cat jumps up to greet Giulia. Robin's cat is huge, and almost half as tall as Giulia! When Giulia sees Robin's big cat she says, ""Robin, you don't have a cat at all. You have an elephant!
Is what Giulia says true?",False ,No.,"First, the question is: ""Is what Giulia says true?"" Giulia says, ""Robin, you don't have a cat at all. You have an elephant!""

I need to respond accurately without using many words. So, my answer should be concise.

Now, let's analyze the situation. Giulia sees Robin's cat, which is huge—almost half as tall as Giulia. But it's still a cat, not an elephant. Elephants are much larger than cats, and they are a different species. Giulia is exaggerating because the cat is big, but it's not literally an elephant.

The key point is that Robin has a cat, not an elephant. Giulia's statement is figurative; she's using hyperbole to emphasize the cat's size. But in reality, it's a cat.

So, is her statement true? No, because it's not an elephant; it's a cat.

Therefore, my response should be that it's not true.",Why does Giulia say this?,,Giulia says this as an exaggeration to express her surprise at the cat's enormous size.,"First, the user is asking why Giulia says, ""Robin, you don't have a cat at all. You have an elephant!"" I need to respond accurately without using many words.

From the story: Giulia is visiting Robin to see his cat, which he always talks about. When she arrives, the cat is huge, almost half as tall as Giulia. So, she's exaggerating because the cat is unusually large, not because it's actually an elephant. She's using hyperbole to express her surprise at the cat's size.

The question is: ""Why does Giulia say this?"" I need to explain the reason behind her statement.

Key points:
- The cat is very big.
- Giulia is surprised.
- She's making a joke or a hyperbolic statement to emphasize the size.

My response should be concise and to the point.

Final response: She says it because the cat is so large that she jokingly compares it to an elephant.",,,1.0
SS_3joke,You will be asked a question. Please respond to it as accurately as possible without using many words.,"Robin just woke up and is putting on his clothes. He is almost done. When he grabs his pants he decides not to put them on. He goes down stairs and walks into the kitchen. 
He says to his mother: ""Look mom, I am Donald Duck!""
Is what Robin says true?",False ,"No, because Robin is not actually Donald Duck; he is merely模仿ing Donald Duck's characteristic of not wearing pants.","First, the user asks: ""Is what Robin says true?"" Robin says, ""Look mom, I am Donald Duck!""

The scenario: Robin woke up and was putting on his clothes. He was almost done, but when he grabbed his pants, he decided not to put them on. Then he went downstairs and into the kitchen and said that to his mother.

Donald Duck is a cartoon character who typically doesn't wear pants. He often wears a sailor shirt but no pants. So, if Robin isn't wearing pants, he might be mimicking Donald Duck's lack of pants.

Robin says, ""I am Donald Duck!"" which is a statement of identity. Literally, Robin is not Donald Duck; Donald Duck is a fictional character. So, in a strict literal sense, it's not true that Robin is Donald Duck.

However, in the context, Robin is probably joking or making a playful comparison because he's not wearing pants, similar to Donald Duck. So, while it's not literally true, it might be true in a metaphorical or humorous sense.

The question is: ""Is what Robin says true?"" I need to respond accurately without using many words. So, I should be concise.

Key points:

- Robin is not actually Donald Duck.

- But by not wearing pants, he's resembling Donald Duck in that aspect.

- The statement is likely meant to be humorous, not factual.

Therefore, my answer should indicate that it's not literally true.

Final response: No, it's not true because Robin is not Donald Duck; he's just imitating him by not wearing pants.",Why does Robin say this?,,"Robin says this because Donald Duck, a famous cartoon character, is typically depicted wearing a shirt but no pants. By forgoing pants, Robin is humorously comparing himself to the character.","Hmm, the user is asking why Robin made that statement. The previous context established that Robin is imitating Donald Duck by not wearing pants. 

The key here is to connect the action (not wearing pants) to the cultural reference (Donald Duck's iconic look). Donald Duck is widely known for this trait, so Robin's statement is a playful comparison rather than a literal claim. 

I should keep it concise since the user didn't ask for elaboration beyond the reason. The response should directly link the action to the reference without over-explaining.",,,2.0
SS_4whitelie,You will be asked a question. Please respond to it as accurately as possible without using many words.,"Tineke has been looking forward to Christmas all year, because she knew she could ask her parents for a rabbit. Tineke really wants to have a rabbit.
It was finally Christmas, and Tineke hurried to open the big package her parents had given her. She was sure it would contain a rabbit in a cage.
But when she opened the package, with the whole family gathered around her, she saw that there were only a few old books inside. That is not what she wished for.
However, when her parents asked her what she thought of her Christmas present, she said, ""I think it's a nice present, thank you. It's exactly what I wanted.""
Is what Tineke says true?",False ,No.,"First, the question is: ""Is what Tineke says true?"" Tineke says, ""I think it's a nice present, thank you. It's exactly what I wanted.""

From the story, Tineke was expecting a rabbit but got old books instead. She was disappointed because it wasn't what she wished for. So, her statement that it's ""exactly what I wanted"" is not true based on her actual desires.

I need to respond accurately without using many words. The user said: ""Please respond to it as accurately as possible without using many words."" So, my answer should be concise.

Key points:

- Tineke wanted a rabbit.

- She got old books.

- She lied to her parents by saying it's exactly what she wanted.

Therefore, what she says is not true.

My response should be a simple ""No"" or something similar, but I should make it clear.

The question is a yes/no question, so I can answer directly.

Final answer: No, it is not true.",Why does Tineke say this?,,"To be polite and not hurt her parents' feelings, even though she is disappointed.","Hmm, the user is asking why Tineke lied about liking the Christmas gift. This is a straightforward question about social behavior and emotional intelligence. 

The key here is to recognize the mismatch between expectation and reality, and how people often prioritize politeness over honesty in such situations. Tineke's response is a classic example of masking disappointment to avoid hurting others or creating awkwardness. 

I should focus on the emotional conflict—her genuine disappointment versus the social pressure to be gracious. The answer should highlight her consideration for her parents' feelings and the desire to maintain a positive atmosphere during a family celebration. 

No need to overcomplicate it; just explain the common social dynamics at play here.",,,0.0
SS_4whitelie,You will be asked a question. Please respond to it as accurately as possible without using many words.,"Heinrich has been looking forward to Christmas all year, because he knew he could ask her parents for a guinea pig. Heinrich really wants to have a guinea pig.
It was finally Christmas, and Heinrich hurried to open the big package her parents had given her. He was sure it would contain a guinea pig in a cage.
But when he opened the package, with the whole family gathered around him, he saw that there were only a few old video games inside. That is not what he wished for.
However, when his parents asked him what he thought of his Christmas present, he said, ""I think it's a nice present, thank you. It's exactly what I wanted.""
Is what Heinrich says true?",False ,"No, it is not true because Heinrich wanted a guinea pig, not video games.","First, the user is asking if what Heinrich said is true. Heinrich said, ""I think it's a nice present, thank you. It's exactly what I wanted."" But from the story, he wanted a guinea pig, and he got old video games instead. So, he didn't get what he wanted.

The key point is that Heinrich is lying or being polite. He didn't actually want the video games; he wanted a guinea pig. So, his statement isn't true in terms of his actual desires.

The question is about the truth of his words. In a literal sense, he's saying it's exactly what he wanted, but it's not. Therefore, it's false.

I need to respond accurately without using many words. So, I should be concise.

Final response: No, it's not true because he wanted a guinea pig, not video games.",Why does Heinrich say this?,,"Heinrich says this to be polite and avoid hurting his parents' feelings or appearing ungrateful, even though he is disappointed.","Okay, the user asked why Heinrich said he liked the present even though it wasn't what he wanted. Let me break this down.

First, I need to consider the context: it's Christmas, the whole family is watching, and he just opened a disappointing gift. Heinrich is probably a kid, so he might be trying to be polite to avoid hurting his parents' feelings.

Hmm, maybe he’s practicing social etiquette. Kids are often taught to say thank you even if they don’t like a gift. Also, he might want to avoid seeming ungrateful or causing awkwardness in front of the family.

Wait, could there be deeper reasons? Maybe he’s protecting his parents from feeling bad or avoiding conflict. Yeah, that makes sense. He’s prioritizing their feelings over his own disappointment.

Also, maybe he’s being mature by recognizing the effort they put in, even if it missed the mark. So the answer should highlight politeness, avoiding hurt feelings, and maintaining a positive atmosphere.",,,1.0
SS_4whitelie,You will be asked a question. Please respond to it as accurately as possible without using many words.,"Synthia was on a holiday with her parents. She brought her friend Linda. Linda and Synthia made friends with some other children in the holiday resort. Synthia really liked one of the boys, Tim. She talked about him all the time and she was really shy when he came near. 
At the end of the holiday, they played with the other children one more time. When Synthia went on the swing, back and forth, higher and higher. Then, at the highest point, she jumped off. But she didn't see her skirt got stuck in the swing and it ripped. 
Synthia quickly ran away, back to their bungalow. 
When they were in the car back home, Synthia asked to Linda: ""Do you think Tim saw anything?""
At the moment Synthia jumped from the swing, Linda was talking with Tim, and they both saw that happened. However, Linda answered: ""No, I don't think Tim saw anything!""
Is what Linda says true?",False ,"No, Linda's statement is not true because both she and Tim saw what happened.","First, the user is asking if what Linda says is true. Linda said, ""No, I don't think Tim saw anything!"" in response to Synthia's question about whether Tim saw her skirt rip.

From the story, it's clear that both Linda and Tim saw what happened. The story says: ""At the moment Synthia jumped from the swing, Linda was talking with Tim, and they both saw that happened.""

So, Linda is lying when she says that Tim didn't see anything. Therefore, what Linda says is not true.

The user wants a response that is accurate and without many words. So, I should keep it concise.

Final answer: No, it is not true.",Why does Linda say this? ,,"Linda likely says this to spare Synthia’s feelings and protect her from embarrassment, especially because Synthia has a crush on Tim and was clearly self-conscious about the incident.","Hmm, the user is asking why Linda lied about Tim seeing Synthia's skirt incident. The previous context already established that both Linda and Tim witnessed it, so the question is about motivation rather than fact-checking. 

The user likely wants to understand the social dynamics or emotional reasoning behind Linda's white lie. Since Synthia was clearly embarrassed and had a crush on Tim, Linda probably lied to protect her friend's feelings and spare her further humiliation. 

The response should focus on empathy and friendship rather than just stating the lie itself. Keeping it concise but warm would match the tone of the original story. No need to overexplain—just highlight Linda's protective intention.",,,2.0
SS_5misunderstanding,You will be asked a question. Please respond to it as accurately as possible without using many words.,"A burglar just stole from a store. He tries to flee. While running home, a police officer sees that he just dropped a glove. The police officer does not know that the man is a burglar. All he wants to say is that the burglar dropped his glove. But when the police officer yells at the burglar: ""Hey, you there! Stop!”, the burglar turns around, sees the police officer and surrenders. He raises his hands and admits to have stolen from the store nearby.
Is the police officer surprised when he hears what the burglar says?",True ,"Yes, the police officer is surprised. He only intended to inform the man about the dropped glove and had no knowledge of the burglary. The burglar's immediate surrender and confession are unexpected, as the officer was not investigating a crime or suspecting the man of wrongdoing. This sudden admission of guilt would be a shock to the officer.","First, the scenario: A burglar steals from a store and is fleeing. A police officer sees him drop a glove. The officer doesn't know the man is a burglar; he just wants to tell him that he dropped his glove. The officer yells, ""Hey, you there! Stop!"" The burglar turns around, sees the officer, and surrenders, admitting to the theft.

The question is: Is the police officer surprised when he hears what the burglar says?

I need to reason step by step. The officer's intention is purely to return the glove or inform about the dropped item. He has no knowledge of the burglary at this point. So, when the burglar suddenly surrenders and confesses to a crime, that would be unexpected for the officer.

Surprise typically comes from an unexpected event. From the officer's perspective, he's just trying to get the man's attention for a minor reason (the glove). The burglar's reaction—turning around, surrendering, and confessing—is not at all what the officer anticipated. Therefore, the officer would be surprised.

The question is about the officer's surprise upon hearing the confession. Yes, since the officer had no prior knowledge, the confession comes out of nowhere for him.

So, my answer should be that yes, the police officer is surprised.","Why does the burglar surrender and admit his crime, when the police officer just wanted to give him back his glove?",,"Of course. The burglar's surrender is driven by psychology and a classic misunderstanding, not by the officer's intent. Here’s why he gave himself up:

*   **A Guilty Conscience:** The burglar has just committed a crime. He is hyper-vigilant, paranoid, and expects to be caught. His mind is primed to interpret any interaction with authority as a confrontation related to his crime.

*   **Misinterpretation of the Command:** When the officer yells ""Hey, you there! Stop!"", the burglar doesn't hear a helpful citizen. He hears the authoritative command of a law enforcement officer who has discovered his crime. He assumes the yell is *because* of the burglary.

*   **The Glove as Evidence:** From the burglar's perspective, the dropped glove isn't just a lost item; it's a piece of incriminating evidence that connects him to the crime scene. He likely believes the officer picked up the glove *first* and now recognizes it as evidence, making the yell a command to arrest him.

*   **The Illusion of Being Caught:** In his panicked state, he believes the game is up. He thinks the officer knows everything. Surrendering and confessing immediately might feel like his only option, perhaps in a misguided hope for leniency or simply because the pressure and guilt become overwhelming.

In short, the burglar reacted to what he *thought* was happening (being caught red-handed) rather than what was *actually* happening (a polite attempt to return a lost glove).","Okay, the user is asking why the burglar surrendered even though the officer just wanted to return the glove. Let me break this down.

First, I need to consider the burglar's mindset. He just committed a crime, so he's probably paranoid and on high alert. Hearing a cop yell ""Stop!"" would trigger a fight-or-flight response. 

Then, the concept of guilty conscience comes to mind. He might assume the officer knows about the burglary, leading to panic and confession. 

Also, the authority figure plays a role—a cop’s command can pressure someone into compliance, especially if they’re already feeling guilty. 

I should structure the answer by highlighting these psychological factors: paranoia, guilty conscience, and perceived authority. Keep it concise without markdown, just plain explanations.",,,0.0
SS_5misunderstanding,You will be asked a question. Please respond to it as accurately as possible without using many words.,"A thief just stole from a bazaar. He tries to flee. While running home, a security guard sees that he just dropped a hat. The security guard does not know that the man is a thief. All he wants to say is that the thief dropped his hat. But when the security guard yells at the thief: ""Hey, you there! Stop!”, the thief turns around, sees the security guard and surrenders. He raises his hands and admits to have stolen from the bazaar nearby.
Is the security guard surprised when he hears what the thief says?",True ,"Yes, the security guard is surprised. From the guard's perspective, he only intended to inform the man about the dropped hat, with no suspicion of theft. The thief's sudden surrender and confession reveal an unexpected truth—that the man is a thief—which the guard had no way of knowing beforehand. This unexpected turn of events would likely cause surprise.","First, the scenario: A thief steals from a bazaar and is fleeing. A security guard sees him drop a hat. The guard doesn't know the man is a thief; he just wants to tell him that he dropped his hat. The guard yells, ""Hey, you there! Stop!"" The thief turns around, sees the security guard, and surrenders, admitting to the theft.

The question is: Is the security guard surprised when he hears what the thief says?

I need to reason step by step. The guard has no prior knowledge that the man is a thief. From the guard's perspective, he's just trying to return a hat or inform the man about the dropped item. When he yells, the thief reacts by surrendering and confessing to theft. This confession is unexpected because the guard wasn't accusing him of anything; he was merely addressing him about the hat.

Therefore, the guard would be surprised because he learns something new and unexpected: that the man he was calling to is actually a thief. The guard's intention was innocent, but the thief's response reveals a guilty conscience.

So, yes, the security guard should be surprised.","Why does the thief surrender and admit his crime, when the security guard just wanted to give him back his hat?",,"The thief's reaction is driven by a combination of guilt, fear, and a classic case of a ""guilty conscience."" Here's why he surrenders:

1.  **Assumption of Being Caught:** The thief, knowing he just committed a crime, is in a state of high paranoia and adrenaline. When an authority figure like a security guard yells ""Stop!"" at him, his immediate and automatic assumption is not ""He must want to return my hat,"" but ""**I've been caught. He knows.**""
2.  **The Power of Authority:** The command from a uniformed guard carries immense weight, especially to someone who knows they are guilty. It triggers a submissive, panic response rather than a logical one.
3.  **Psychological Projection:** The thief projects his own knowledge of the crime onto the guard. In his mind, the *only* possible reason for the guard to be chasing and yelling at him is the theft. The idea that it's about a simple, innocent mistake (a dropped hat) doesn't even occur to him.
4.  **The Illusion of Omniscience:** The thief likely believes the guard has more information than he actually does. He thinks the guard has identified him as the thief from the bazaar and is now apprehending him for that crime. The command to ""stop"" confirms his worst fear.

In essence, the thief's panic and guilt short-circuit his rational thought. He hears an authority figure's command and immediately interprets it through the lens of his crime, leading to a confession for something he wasn't even accused of yet.","Okay, the user is asking why the thief surrendered even though the guard only wanted to return the hat. Let me break this down.

First, I need to put myself in the thief's shoes. He just stole something and is fleeing, so he's probably paranoid and hyper-vigilant. When the guard yells ""Stop!"", the thief's immediate thought would be that he's been caught. 

Guilt and fear would amplify his reaction. He might assume the guard knows everything, leading to a panicked confession. Also, the authority figure—a security guard—adds pressure, making surrender feel like the only option. 

I should mention psychological terms like ""guilty conscience"" and ""projection"" to explain his irrational response. Keep it concise without overcomplicating, since the user likely wants a straightforward explanation of the thief's mindset.",,,1.0
SS_5misunderstanding,You will be asked a question. Please respond to it as accurately as possible without using many words.,"The teacher doesn't allow Sanne to play soccer until she has completed all her assignments. But she doesn't feel like doing those assignments at all! She secretly goes to the storage room to get the ball.
The school director comes by, he sees that Sanne cannot reach the ball. He doesn't know that she has to finish her assignments first. The director just wants to help Sanne get the ball. He asks, ""Are you okay?""
Sanne is afraid, she thinks she has been caught. She says, 'Sorry! I'll do my assignments first...'
Is the director surprised when he hears what Sanne says?",True ,"Yes, the director is likely surprised. He asked about her well-being because he saw her struggling to reach the ball, but her response about doing assignments is unrelated and reveals a context he wasn't aware of. This unexpected admission would confuse him, as he had no knowledge of the teacher's rule or her unfinished work.","First, the scenario: Sanne isn't allowed to play soccer until she finishes her assignments. She doesn't want to do them, so she sneaks to get the ball. The director sees her struggling to reach the ball and asks if she's okay. Sanne, thinking she's caught, apologizes and says she'll do her assignments first.

The question is: Is the director surprised when he hears what Sanne says?

Key points:

- The director doesn't know about the assignments or the teacher's rule. He just sees Sanne trying to get the ball and wants to help.

- Sanne's response is about doing her assignments, which is unrelated to what the director asked or what he knows.

From the director's perspective:

- He asks ""Are you okay?"" because he sees her struggling.

- He expects a response related to her physical state or immediate situation, like ""Yes, I'm fine"" or ""No, I can't reach the ball.""

- Instead, Sanne says, ""Sorry! I'll do my assignments first..."" which is completely out of context for him.

Therefore, the director would be surprised because her response doesn't match his question or his understanding of the situation. He has no idea about the assignments, so her mentioning them would be confusing and unexpected.

So, yes, the director should be surprised.","Why does Sanne say this, when the director only wanted to help her?",,"Sanne says this because she is acting from a place of guilt and fear, not logic.

Her internal thought process is:

1.  **She knows she is breaking a rule.** The teacher's instruction is the most important thing in her mind at that moment.
2.  **She assumes she's been caught.** When an authority figure (the director) appears and addresses her, she instantly assumes he knows what she's doing and why it's wrong. She doesn't consider that he might have a different, innocent motive.
3.  **She panics and confesses.** In a moment of fear and a desire to mitigate punishment, she immediately admits to the transgression she believes she's been caught for. Her apology is a preemptive attempt to show she's sorry and will comply.

In short, she hears the director's helpful question ""Are you okay?"" through the filter of her own guilt and interprets it as an accusation: ""I see you breaking the rules."" Her response is to the accusation she *thinks* she hears, not to the helpful question he actually asked.","Okay, the user is asking why Sanne apologized and mentioned her assignments when the director just wanted to help. Let me break this down.

First, I need to recall the context from the previous conversation. The teacher forbade Sanne from playing until her assignments were done, but she tried to get the ball anyway. The director, unaware of this, offered help.

Sanne’s reaction is driven by guilt and fear. She assumes the director knows about the rule, so his presence feels like being caught. That makes her panic and confess prematurely. 

I should explain her internal conflict: the guilt of disobeying and the fear of punishment. Highlight the misunderstanding—the director’s innocent help vs. her perceived accusation. 

Keep it concise, avoid jargon, and make sure the logic flows from her emotions to the misplaced apology. No need for extra details; just connect her feelings to the response.",,,2.0
SS_6sarcasm,You will be asked a question. Please respond to it as accurately as possible without using many words.,"Bram's mother cooked for a very long time to make Bram's favorite dish: fish and chips. But when she brings it to Bram, he is watching TV. He doesn't even look up or say thank you. Bram's mother is angry and says, ""Well that's very nice! That's what I call politeness!”
Is it true what Bram’s mother says?",False ,"No, Bram's mother is being sarcastic because Bram was impolite by not acknowledging her effort.","First, the user is asking: ""Is it true what Bram’s mother says?"" The mother says, ""Well that's very nice! That's what I call politeness!"" in a sarcastic tone because Bram didn't look up or say thank you when she brought him his favorite dish.

I need to respond accurately without using many words. So, my answer should be concise.

The question is about whether what the mother says is true. But she's being sarcastic. Sarcasm means she's saying the opposite of what she means. She's actually criticizing Bram for being impolite.

So, is it true that Bram is being polite? No, he's not. He ignored her and didn't thank her, which is impolite.

Therefore, what the mother says is not true in a literal sense; it's sarcastic.

My response should clarify that.

Key points:

- Bram's mother is being sarcastic.

- Bram's behavior is impolite.

- So, her statement is not true; it's ironic.

I need to keep it short. Perhaps just say: ""No, it's not true. She's being sarcastic.""

But the user might expect a bit more explanation, but the instruction is to respond without using many words.

The instruction says: ""as accurately as possible without using many words."" So, I should be precise but brief.

Final response: ""No, Bram's mother is being sarcastic because Bram was impolite.""",Why does Bram's mother say this?,,"Bram's mother says this sarcastically to express her frustration and disappointment.

She is pointing out Bram's lack of politeness by ironically calling his rude behavior ""very nice"" and ""politeness."" She is highlighting the contrast between his actual behavior (ignoring her) and the behavior she expected (gratitude and acknowledgment).","Hmm, the user is asking why Bram's mother made that sarcastic remark. The previous exchange already established that the mother was being sarcastic due to Bram's impoliteness. 

The user seems to want a deeper explanation of the mother's emotional state and the purpose of her sarcasm. I should focus on the underlying feelings—frustration and hurt—and how sarcasm serves as an indirect way to express disappointment while highlighting the expected polite behavior. 

The response should avoid repeating the basic fact that it was sarcasm and instead delve into the emotional dynamics and the lesson the mother is trying to convey. Keeping it concise but insightful would work best here.",,,0.0
SS_6sarcasm,You will be asked a question. Please respond to it as accurately as possible without using many words.,"Kim's father cooked for a very long time to make Kim's favourite dish: dumplings and rice. But when he brings it to Kim, she is watching TV. She doesn't even look up or say thank you. Kim’s father is angry and says, ""Well that's very nice! That's what I call politeness!""
Is it true what Kim’s father says?",False ,"No, it's not true; he is being sarcastic because Kim's behavior was impolite.","First, the question is: ""Is it true what Kim’s father says?"" He says, ""Well that's very nice! That's what I call politeness!"" But he's being sarcastic because Kim didn't look up or say thank you when he brought her food.

Kim's father cooked for a long time to make her favorite dish, and she ignored him. So, his statement is ironic; he means that her behavior is not polite at all.

The question is asking if what he says is true. Literally, he says ""that's what I call politeness,"" but in context, he's implying the opposite. So, is it true that her behavior is polite? No, it's not true; it's impolite.

I need to respond accurately without using many words. So, my answer should be concise.

Key points:

- Kim's father is being sarcastic.

- Kim's behavior is impolite.

- Therefore, what he says is not true; it's false.

My response: No, it's not true. He's being sarcastic because Kim was rude.

But I should keep it short. Maybe just ""No"" or ""No, it's not true.""

The instruction is to respond as accurately as possible without using many words. So, I'll aim for brevity.",Why does Kim’s father say this?,,"Kim's father says this sarcastically to express his hurt and frustration.

He put in a lot of effort and care into making Kim's favorite meal, and her response—ignoring him and not saying thank you—feels like a rejection of that effort. His sarcastic comment is a way to point out her rudeness without directly yelling. He's highlighting her impoliteness by stating the opposite of what is true.","Hmm, the user is asking why Kim's father made that sarcastic comment. The previous response already established that the father was being sarcastic due to Kim's impoliteness, so now I need to elaborate on the underlying reasons. 

The father's reaction isn't just about the words—it's about the emotional context. He spent significant effort preparing the meal, which implies care and expectation of appreciation. Kim's indifference while watching TV would feel dismissive, making the sarcasm a way to express hurt without direct confrontation. 

I should break it down: the effort behind the gesture, the rejection felt, and the sarcasm as a tool to highlight the impoliteness. Keeping it concise but covering these points should address the user's query effectively.",,,1.0
SS_6sarcasm,You will be asked a question. Please respond to it as accurately as possible without using many words.,"Kim promised her father to help clean the kitchen. She first cleaned the sink and then all the doors of the cabinets. She thought it would be a good idea to also clean the cabinets from the inside. When she opened one of them, a pack flour fell out of it on the ground. It exploded and flour was everywhere. At that point, Kim's father entered the kitchen. He said: ""Wow, everything is so clean now!"" 
Is it true what Kim's father says?",False ,No.,"First, the user is asking if what Kim's father says is true. He says, ""Wow, everything is so clean now!"" after the flour exploded and made a mess.

The story: Kim promised to clean the kitchen. She cleaned the sink and the cabinet doors. Then she decided to clean the inside of the cabinets. When she opened one, a pack of flour fell out, exploded, and flour went everywhere. So, there's flour all over the place now.

The father enters and says everything is clean. But objectively, the kitchen is messy because of the flour spill. So, it's not true that everything is clean; in fact, it's dirtier than before.

I need to respond accurately without using many words. So, my response should be concise.

The question is: ""Is it true what Kim's father says?"" I should answer directly.

Based on the story, the father's statement is ironic or sarcastic because the kitchen is not clean; it's covered in flour. So, no, it's not true.

But let's make sure: Kim did clean some parts, like the sink and cabinet doors, but the flour spill made a new mess. So, overall, the kitchen is not clean.

Therefore, my answer should be that it is not true.

Response should be short: ""No."" or ""No, it is not true.""

The user said ""without using many words,"" so I'll keep it brief.",Why does Kim’s father say this?,,"Kim's father is being sarcastic because the flour explosion made a mess, not cleaned it.","First, the user asks: ""Why does Kim’s father say this?"" referring to the statement where he says, ""Wow, everything is so clean now!"" after the flour explosion.

From the story: Kim was cleaning, but then a pack of flour fell and exploded, making a mess. So, the kitchen is not clean; it's covered in flour.

The father enters and says everything is clean, which is ironic or sarcastic because it's clearly not true. He might be joking or being sarcastic because he sees the mess.

The question is about why he says this. It could be that he's being humorous or sarcastic to lighten the mood, especially since Kim was trying to help but made a mess.

I need to respond accurately without using many words, as per the system prompt.

So, my response should be concise and to the point.

Possible reasons:

- Sarcasm: He's pointing out the opposite of what's true to highlight the mess.

- Humor: To make Kim feel better or not to discourage her.

- Misinterpretation: Maybe he didn't see the mess yet, but from the story, he entered after the explosion, so he probably saw it.

The story says: ""At that point, Kim's father entered the kitchen."" and then he speaks, so he likely sees the flour everywhere.

Therefore, his statement is ironic.

Final response should be brief.",,,2.0
SS7_dubblebluff,You will be asked a question. Please respond to it as accurately as possible without using many words.,"During the war, the Red Army kidnaps someone from the Blue Army. They want the prisoner to tell them where his army's tanks are. The Red Army knows they must be either by the sea or by the mountains. The Red Army also knows that whoever they kidnapped doesn't want to say anything because he wants to save his own Blue Army. So the prisoner will surely lie to them. The prisoner is very smart and brave and does not want to let them find the tanks. The tanks are in the mountains. The Red Army asks the prisoner where the tanks are. He says, ""They are in the mountains.""
Is it true what the prisoner says?",True ,"Yes, what the prisoner says is true. The tanks are actually in the mountains, and the prisoner, being smart and brave, knows that if he tells the truth, the Red Army will assume he is lying (since they expect him to lie) and will search by the sea instead. This deception achieves his goal of protecting the Blue Army's tanks. Therefore, his statement ""They are in the mountains"" is truthful.","First, the prisoner is from the Blue Army and has been captured by the Red Army. The Red Army wants to know where the Blue Army's tanks are, and they know the tanks are either by the sea or by the mountains. Actually, the problem states that the tanks are in the mountains, but the Red Army doesn't know that; they just know it's one or the other.

The prisoner is smart and brave and doesn't want to help the Red Army, so he will lie. That means whatever he says, it should be false because he wants to mislead them.

The Red Army asks where the tanks are, and the prisoner says, ""They are in the mountains."" But since the prisoner always lies, if he says they are in the mountains, that must mean that they are not in the mountains. However, we know from the problem that the tanks are actually in the mountains. So there's a contradiction here.

Let's think carefully. The prisoner says, ""They are in the mountains."" If he is lying, then the truth is that they are not in the mountains. But we know they are in the mountains. So that can't be right.

Perhaps I'm missing something. The Red Army knows that the prisoner will lie, so they expect that whatever he says is false. So if the prisoner says ""mountains,"" they would think that the tanks are not in the mountains, so they would look by the sea.

But the prisoner is smart and knows that the Red Army knows he will lie. So if he tells the truth, the Red Army might think he's lying and therefore believe the opposite. That way, by telling the truth, he could actually mislead them.

In this case, if the prisoner says ""they are in the mountains,"" and that is the truth, then the Red Army, knowing he lies, would think he is lying, so they would believe the tanks are not in the mountains, i.e., by the sea. But since the tanks are actually in the mountains, they would go to the sea and not find them, which is what the prisoner wants.

So, if the prisoner tells the truth, the Red Army is deceived because they expect a lie.

If the prisoner lies, he says ""sea,"" but since they are in the mountains, lying would mean saying ""sea,"" which is false, so Red Army thinks he lies, but if he says ""sea,"" they might think he's lying, so they believe mountains, and they find the tanks. That would be bad.

So, to avoid that, the prisoner should tell the truth so that Red Army thinks he's lying and goes to the wrong place.

In this scenario, the prisoner says ""they are in the mountains,"" which is true, but since he always lies? The problem says ""the prisoner will surely lie to them."" But if he tells the truth to deceive them, is that lying? The problem says he will lie, meaning he intends to deceive, but in this case, telling the truth deceives them because of the Red Army's expectation.

The key point is that the prisoner is smart and knows that Red Army knows he will lie. So, if he always lies, then Red Army can just invert what he says to get the truth. But since the prisoner knows that, he might choose to tell the truth to double-cross them.

But the problem states: ""the prisoner will surely lie to them."" This might imply that he is committed to lying, so he must say something false.

But if he must say something false, and the truth is that tanks are in mountains, he cannot say ""mountains"" because that would be true. So he must say ""sea"". But if he says ""sea"", then Red Army, knowing he lies, will think that since he said sea, he is lying, so tanks are not at sea, so they are in mountains, and they find them. So that would be bad for the prisoner.

Therefore, to avoid that, the prisoner might not lie in this case? But the problem says he will lie.

Perhaps for the prisoner to achieve his goal, he must tell the truth in this instance, even though he generally lies.

But let's read the problem: ""the prisoner will surely lie to them"" – this seems absolute. So he always lies.

But if he always lies, and he says ""they are in the mountains,"" that would be a lie only if they are not in mountains. But they are in mountains, so if he says that, it would be truth, which contradicts his behavior of lying.

Therefore, if he is forced to lie, he cannot say ""mountains"" because that is true. He must say ""sea"" to lie.

But in the problem, he says ""they are in the mountains."" So, for him to say that, it must be that he is not lying? But the problem says he will lie.

I think there's a trick here. The prisoner is smart, and he knows that if he tells the truth, Red Army will think he's lying and go to the sea. So, by telling the truth, he effectively deceives them, which is his goal. So, even though he is telling the truth, he is still lying in a strategic sense because he is misleading them.

But the problem says ""lie"" meaning utter a false statement, not necessarily deceive.

Let's see the exact wording: ""the prisoner will surely lie to them"" – so he will say something false.

But if he says ""they are in the mountains"" and it is true, then he is not lying, which contradicts the premise.

Therefore, in this case, since the tanks are in mountains, if he says ""mountains"", he is telling the truth, but he is supposed to lie, so this cannot happen.

But the problem presents that he says ""they are in the mountains."" So, for this to be consistent, we must assume that he is lying, but since the tanks are in mountains, if he says mountains, it is true, so he cannot be lying.

Unless... the Red Army doesn't know that he lies? No, the Red Army knows he will lie.

Another thought: perhaps the prisoner is lying about something else, but the question is about what he says regarding the tanks.

Let's read the problem again: ""He says, 'They are in the mountains.'""

And we know tanks are in mountains.

So, if he says that, it is true, but he is supposed to lie, so there is a problem.

Perhaps for the prisoner, since he knows that Red Army knows he lies, he can choose to tell the truth to deceive them, and thus he is ""lying"" in the sense of deceiving, but not in the sense of uttering falsehood.

But the problem says ""lie to them"" which typically means say something false.

In logic puzzles, sometimes ""lie"" means utter falsehood, but here the prisoner might be using strategy.

Let's think about what the Red Army would infer.

Red Army knows prisoner will lie. So if prisoner says ""mountains"", Red Army thinks he is lying, so they believe tanks are at sea.

But tanks are in mountains, so Red Army goes to sea and doesn't find tanks, so prisoner succeeds in protecting tanks.

So, from prisoner's perspective, by telling the truth, he misleads Red Army, so it's good for him.

But the issue is that the problem states that he will lie, but here he is telling the truth.

So, to resolve this, perhaps the prisoner does not always lie in the sense of uttering falsehood; rather, he always intends to deceive, and in this case, deceiving involves telling the truth.

But the problem says ""lie to them"" which is ambiguous.

In many versions of this puzzle, the prisoner is known to lie always, but then he tells the truth to double-cross.

But let's see the question: ""Is it true what the prisoner says?""

So, we need to determine if his statement is true or false.

From the above, if he says ""mountains"" and tanks are in mountains, then what he says is true.

But since he is supposed to lie, if he lies, he must say false, so he should not say mountains if it is true.

But in this case, he says mountains, so it must be that he is not lying, or he is lying but it's true? That doesn't make sense.

Perhaps for the prisoner, because he is smart, he realizes that if he lies, he will be caught because Red Army will invert, so he must tell the truth to deceive.

But the problem explicitly says ""the prisoner will surely lie to them"". So, it seems that the prisoner is committed to uttering a false statement.

So, if tanks are in mountains, he cannot say mountains; he must say sea.

But in the problem, he says mountains, so this implies that for some reason, he said mountains, but since he lies, it must be that tanks are not in mountains, but we know they are, so contradiction.

Therefore, the only way this makes sense is if the prisoner is not lying in this statement, but that contradicts ""will surely lie"".

I think there's a misunderstanding.

Let's read the problem carefully: ""The Red Army asks the prisoner where the tanks are. He says, 'They are in the mountains.'""

And we know tanks are in mountains.

But the Red Army knows he will lie, so they think he is lying, so they think tanks are not in mountains, so they go to sea.

But for the prisoner, he said the truth, so he did not lie, but the problem says he will lie, so why did he tell the truth?

Perhaps because he is smart, he knows that telling the truth will deceive them, so he chooses to tell the truth, thus technically not lying, but achieving his goal.

But the problem says ""will surely lie"", which might be what the Red Army believes, but not necessarily what the prisoner does.

The problem says: ""The Red Army also knows that whoever they kidnapped doesn't want to say anything because he wants to save his own Blue Army. So the prisoner will surely lie to them.""

This is from Red Army's perspective. Red Army believes that the prisoner will lie. But the prisoner might not always lie; he might tell the truth if it serves his purpose.

The prisoner is smart, so he can decide to tell the truth to deceive Red Army.

In this case, since Red Army expects a lie, if prisoner tells truth, Red Army thinks it's a lie and acts opposite, so prisoner wins.

So, for the prisoner, to save his army, he should tell the truth when the truth would be misinterpreted.

In this case, tanks are in mountains, so if he tells truth, Red Army goes to sea, good.

If he lies, he says sea, Red Army thinks he lies, so they think truth is mountains, and they go to mountains, bad.

Therefore, the prisoner will choose to tell the truth.

So, even though Red Army expects him to lie, he actually tells the truth.

Therefore, when he says ""they are in the mountains,"" it is true.

So, to answer the question: yes, what he says is true.

The question is: ""Is it true what the prisoner says?""

Based on the above, yes, it is true.

But let's confirm with the knowledge.

We know tanks are in mountains, and he says they are in mountains, so it is true.

The Red Army thinks he is lying, so they think it is false, but actually it is true.

So, for the purpose of the question, we are to determine if the statement is true or false based on the facts.

The facts are that tanks are in mountains, and he says that, so it is true.

Therefore, the answer should be yes.

But the problem might be trying to trick us with the lying part.

In some logic puzzles, if a person always lies, then whatever they say is false, but here, since the Red Army knows, the prisoner can use that to his advantage.

So, I think for this puzzle, the prisoner is telling the truth.

Thus, what he says is true.

So, the answer is yes.",Why does the prisoner say this?,,"The prisoner says ""They are in the mountains"" because he knows that the Red Army expects him to lie. Since the tanks are actually in the mountains, telling the truth will cause the Red Army to disbelieve him and assume he is lying, leading them to search by the sea instead. This clever use of reverse psychology ensures that the Red Army is misdirected away from the actual location of the tanks, thus protecting the Blue Army's assets. The prisoner's statement is true, but it serves to deceive the Red Army through their own expectations.","First, the prisoner is from the Blue Army, and the tanks are actually in the mountains. The Red Army knows that the prisoner will lie because he wants to protect his army. So, if the prisoner says the tanks are in the mountains, which is true, the Red Army might think he's lying and therefore search by the sea instead.

The prisoner is smart and brave. He knows that if he tells the truth, the Red Army will disbelieve him and go to the opposite location. Since the tanks are in the mountains, if he says ""mountains,"" the Red Army might think he's lying and go to the sea, which means they won't find the tanks.

So, by telling the truth, he effectively misleads the Red Army into going to the wrong place. That's why he says ""They are in the mountains."" It's a clever trick based on the expectation of lying.

Therefore, the prisoner says this to ensure that the Red Army does not find the tanks.",,,0.0
SS7_dubblebluff,You will be asked a question. Please respond to it as accurately as possible without using many words.,"During the war, the Roman Army kidnaps someone from the Greek Army. They want the prisoner to tell them where his army's armour supplies are. The Roman Army knows they must be either in the mountains or by the sea. The Roman Army also knows that whoever they kidnapped doesn't want to say anything because he wants to save his own Greek Army. So the prisoner will surely lie to them. The prisoner is very smart and brave and does not want to let them find the armour supplies. The armour supplies are near the sea. The Roman Army asks the prisoner where the armour supplies are. He says, ""They are near the sea.""
Is it true what the prisoner says?",True ,"Yes, what the prisoner says is true. The armour supplies are indeed near the sea. However, the prisoner is lying in effect because he knows the Romans expect him to lie and will therefore disbelieve his statement, leading them to search in the mountains instead. This is a strategic move by the smart prisoner to protect the supplies by using the truth deceptively.","First, the prisoner is from the Greek Army and has been captured by the Romans. The Romans want to know where the armour supplies are, and they know it's either in the mountains or by the sea. The prisoner wants to protect his army, so he will lie. The actual armour supplies are near the sea.

The prisoner says, ""They are near the sea."" Since he will lie, and the truth is that they are near the sea, if he says they are near the sea, that would be the truth. But he wants to lie, so he shouldn't be telling the truth.

The prisoner is smart and brave. He knows that if he tells the truth, the Romans might not believe him because they expect him to lie. So, he might lie in a way that the Romans think he's lying and then go to the opposite location.

Let's think logically. The Romans know the prisoner will lie. So, if the prisoner says ""near the sea,"" the Romans might think that since he lies, the supplies must be in the mountains. But actually, the supplies are near the sea, so if the Romans go to the mountains, they won't find them, which is what the prisoner wants.

However, the prisoner said ""near the sea,"" which is true, but he intended for the Romans to disbelieve him and go to the mountains. So, from the prisoner's perspective, he is lying by telling the truth, knowing that the Romans will interpret it as a lie.

The question is: ""Is it true what the prisoner says?"" Meaning, is the statement ""They are near the sea"" true?

Factually, the armour supplies are near the sea, so the statement is true. But the prisoner is saying it with the intention to deceive, so it's a truthful statement used deceptively.

The prisoner will surely lie, but in this case, he told the truth. Is that consistent? Since he is smart, he might choose to tell the truth so that the Romans think he's lying and go to the wrong place.

So, the statement itself is true, but his intention is to mislead.

Therefore, to answer the question: yes, what he says is true, but he expects the Romans not to believe it.

The question is only about the truth of the statement, not about whether the Romans believe it or not.

So, based on the facts, the armour supplies are near the sea, so when he says ""they are near the sea,"" it is true.",Why does the prisoner say this?,,"The prisoner says ""They are near the sea"" precisely because it is the truth, and he knows that the Romans expect him to lie. Since the Romans believe he will always lie to protect his army, they will interpret his statement as false and assume the supplies are actually in the mountains. This clever use of reverse psychology ensures that the Romans search in the wrong location, thereby protecting the armour supplies that are truly near the sea. The prisoner's smart and brave nature allows him to use the truth deceptively to achieve his goal.","First, the prisoner is from the Greek Army and has been captured by the Roman Army. The Romans want to know where the armour supplies are, and they know the supplies are either in the mountains or by the sea. The prisoner is smart and brave and doesn't want to help the Romans, so he will lie to protect his army.

The key point is that the actual armour supplies are near the sea. But the prisoner says, ""They are near the sea."" Since he's supposed to lie, why would he tell the truth?

The Romans know that the prisoner will lie because he wants to save his army. So, if the prisoner says the supplies are near the sea, the Romans might think he's lying and therefore believe that the supplies are actually in the mountains. That way, the Romans would search in the mountains, which is wrong, and the supplies near the sea would be safe.

This is a classic logic puzzle where telling the truth can be deceptive because the enemy expects a lie. The prisoner is using reverse psychology.

So, to answer the question: The prisoner says this because he knows that the Romans will assume he is lying, so they will think the supplies are in the mountains, and thus they will not look near the sea where the supplies actually are.

Therefore, even though he tells the truth, it serves his purpose of misleading the Romans.",,,1.0
SS7_dubblebluff,You will be asked a question. Please respond to it as accurately as possible without using many words.,"Jip plays hide and seek with his friends. He has to quickly choose where to hide, behind the tree or the shed. If Jip is found immediately, he has lost. You can hide better behind the shed, so that's the best place. But whoever has to look for him probably thinks so too. Jip is very smart: he hides behind the shed after all!
Where does Jip hide?",Shed,Behind the shed.,"First, the user is describing a scenario where Jip is playing hide and seek. He has two choices: hide behind the tree or behind the shed. The goal is not to be found immediately, so if he's found, he loses.

It says that hiding behind the shed is better because you can hide better there. But the seeker might also think that, so they might check the shed first because it's the obvious good hiding spot.

Jip is described as very smart, and he hides behind the shed after all. The question is: where does Jip hide? But it already says he hides behind the shed, so why is this a question? Maybe I need to reason about why he chooses that despite the seeker's likely thought process.

The user might be testing if I understand the logic. In game theory, this could be like a level of thinking. If everyone thinks the seeker will check the shed first, then Jip might hide behind the tree to avoid being found immediately. But the text says Jip hides behind the shed, so I need to justify that.

Let me read the text carefully: ""Jip is very smart: he hides behind the shed after all!""

So, the answer is that he hides behind the shed. But the user might want me to confirm or explain.

The question is: ""Where does Jip hide?"" So, based on the text, he hides behind the shed.

But perhaps there's a trick. The user says ""You can hide better behind the shed, so that's the best place."" But then ""whoever has to look for him probably thinks so too."" So, if the seeker thinks it's the best place, they might look there first, and Jip would be found immediately, meaning he loses.

But Jip is smart, so why would he hide there? Maybe because if the seeker thinks that Jip might think the seeker will check the shed first, so Jip might hide behind the tree, but then if the seeker expects that, they might check the tree first. It could be a chain of reasoning.

The text explicitly states that Jip hides behind the shed, so for the purpose of this question, I should just answer that he hides behind the shed.

The user might be referring to a common puzzle where the smart thing is to hide in the obvious place because the seeker might overthink it. But here, it's directly stated.

The user says: ""Jip is very smart: he hides behind the shed after all!"" So, the answer is behind the shed.

I think I'm overcomplicating it. The question is straightforward based on the information given.

So, my response should be that Jip hides behind the shed.

But to be accurate, I should just state it without many words, as per the instruction: ""respond to it as accurately as possible without using many words.""

So, I'll say: Behind the shed.",Jip realizes that the others will also think that the shed is the best place. Why does he hide behind it?,,"Jip hides behind the shed because, despite knowing that the seekers might expect him to choose it, the shed offers superior concealment. This means that even if the seekers check there first, he is less likely to be found immediately due to the better hiding spot. His smart reasoning involves recognizing that the seekers could overthink and prioritize checking the tree (assuming he would avoid the obvious choice), but by choosing the shed, he maximizes his chances of not being found quickly.","First, the user is asking why Jip hides behind the shed even though he knows that others think it's the best place. From the initial message, it says: ""Jip is very smart: he hides behind the shed after all!"" So, I need to explain his reasoning.

The key point is that Jip is smart and is thinking about what the seekers might think. If the seekers think the shed is the best place, they might check there first. But Jip might be banking on them thinking that he wouldn't choose the obvious spot, so he might choose it anyway because they might overlook it or think he wouldn't be there.

This sounds like game theory or a reasoning chain. Let me recall the concept of common knowledge or levels of reasoning.

- Level 0: Hide behind the shed because it's better.

- Level 1: The seekers think the shed is best, so they'll look there first, so I should hide behind the tree.

- Level 2: But if I think the seekers are smart, they might think I'm at level 1, so they expect me to hide behind the tree, so they'll look there first, so I should hide behind the shed.

Jip is described as very smart, so he might be at level 2 or higher. The message says he hides behind the shed, implying that he expects the seekers to think he's smart and thus not choose the shed, but he does choose it because they might not check it thoroughly or something.

The initial message says: ""You can hide better behind the shed, so that's the best place. But whoever has to look for him probably thinks so too."" Then Jip hides behind the shed.

So, Jip is reasoning that since the seekers think the shed is best, they might assume he thinks the same and thus hide elsewhere, but he decides to hide behind the shed because it's actually better for hiding, and he might be betting that the seekers will overthink and check the tree first.

In hide and seek, if you hide behind the shed, you're better hidden, so even if they look there, it might take longer to find you, or you might not be found immediately. The condition is: ""If Jip is found immediately, he has lost."" So, if he hides behind the shed, even if they look there, it might not be immediate because it's a better hiding spot.

That makes sense. So, Jip chooses the shed because it offers better concealment, and he anticipates that the seekers might check the tree first due to overthinking, but even if they check the shed, he has a better chance of not being found immediately.

Therefore, for the response, I need to explain that Jip hides behind the shed because it provides better hiding, and he is smart enough to know that the seekers might expect him to avoid the obvious spot, but he chooses it for its practical advantage.

Final response should be concise and accurate.",,,2.0
H_1,You will be provided a story. At the end there is a yes/no question. Please answer as accurately as possible.,"Meet Sam and Helen. Sam just moved here. Helen: Hi, you're Sam, aren't you? I'm Helen, I'm in the same class as you. Sam: Oh, hey Helen! How are you? Helen: Fine thanks. Are you settling in OK? Sam: Yeah I'm gradually finding my way around, thanks. Hey, you don't happen to know where I can find the nearest store to buy some post stamps? I need to send a card to my granny. Helen: Oh, that's sweet of you. Sam: Yeah but it’s her birthday tomorrow and I can't see her myself, so I'm kind of worried that it’s not going to get there on time. So I really need to send it today but I don't know where to find a store nearby. Helen: Uhm, I think there is one on Chestnut Street, so if you go down to the end of this street and turn left, then it's about half a block down on the left. Sam: Thanks! Helen: No problem. Here’s Sam again. Later Sam meets his friend Pete. Sam: Hi Pete, how are you? Pete: Oh hi Sam how are you? Sam: Yeah, I'm OK. Pete: You don't sound so happy. What's up? Sam: Oh, I'm just a bit annoyed. I was really hoping to send a card to my granny, so I was looking for a store where they would sell post stamps. So I asked Helen, you know her, right? She is in our class. Pete: Yeah, I know Helen! Sam: Well, I asked Helen where I could buy post stamps. She told me there was a store on Chestnut Street. But when I got there, there was a big sign on the door saying it had moved to Bold Street. So I raced over to Bold Street, but I didn't make it on time, the store was already closed. Pete: No way! Sam: Yeah. So now my granny won't get her birthday card on time and I know she'll be really disappointed. Sam: Hey, I've heard that Helen is a bit of a joker. Do you think she would send me to the wrong place on purpose? Pete: Well, did she know how important it was to send the card today? Sam: Yeah I told her it was for granny's birthday tomorrow. Pete: Then I think she probably wouldn't have been deliberately trying to trick you. It was probably an honest mistake.
Helen: Pete and I are classmates. Is this correct?",Yes,"Yes, it is correct. Based on the story, Helen is in the same class as Sam, and Sam refers to ""our class"" when speaking to Pete, indicating that Pete is also in that class. Therefore, Helen and Pete are classmates.","First, the user has provided a story about Sam, Helen, and Pete. At the end, there's a question: ""Helen: Pete and I are classmates. Is this correct?"" I need to answer this as accurately as possible based on the story.

Let me read the story carefully.

- Sam just moved here.

- Helen introduces herself as being in the same class as Sam. So, Helen and Sam are classmates.

- Later, Sam meets Pete. Sam says to Pete: ""I asked Helen, you know her, right? She is in our class."" This implies that Pete knows Helen and that Helen is in their class.

- Pete responds: ""Yeah, I know Helen!"" which confirms that Pete knows Helen.

- Then, at the end, Helen says: ""Pete and I are classmates."" But in the story, it's not directly stated by Helen; it's part of the narrative or a statement from Helen in the question.

The question is phrased as ""Helen: Pete and I are classmates. Is this correct?"" So, I need to verify if Helen and Pete are classmates based on the information given.

From the story:

- Helen is in the same class as Sam.

- Sam refers to ""our class"" when talking to Pete, meaning Sam and Pete are in the same class.

- Therefore, if Sam and Helen are classmates, and Sam and Pete are classmates, then Helen and Pete must also be classmates.

Evidence:

- Helen says to Sam: ""I'm in the same class as you."" So, Helen and Sam are classmates.

- Sam says to Pete: ""She is in our class."" The ""our class"" refers to the class that Sam and Pete share, as Sam is speaking to Pete.

- Pete acknowledges knowing Helen, which is consistent with them being in the same class.

So, logically, Helen and Pete are classmates because they are both in the same class as Sam.

The question is from Helen's perspective, but it's asking if the statement is correct. Based on the story, yes, Helen and Pete are classmates.

Is there any part that contradicts this? No, it all fits.

Therefore, the answer should be yes.

The user says: ""Please answer as accurately as possible."" So, I need to base my answer solely on the story provided.

Final answer: Yes, it is correct that Helen and Pete are classmates.",,,,,1.0,M,
H_1,You will be provided a story. At the end there is a yes/no question. Please answer as accurately as possible.,"Meet Sam and Helen. Sam just moved here. Helen: Hi, you're Sam, aren't you? I'm Helen, I'm in the same class as you. Sam: Oh, hey Helen! How are you? Helen: Fine thanks. Are you settling in OK? Sam: Yeah I'm gradually finding my way around, thanks. Hey, you don't happen to know where I can find the nearest store to buy some post stamps? I need to send a card to my granny. Helen: Oh, that's sweet of you. Sam: Yeah but it’s her birthday tomorrow and I can't see her myself, so I'm kind of worried that it’s not going to get there on time. So I really need to send it today but I don't know where to find a store nearby. Helen: Uhm, I think there is one on Chestnut Street, so if you go down to the end of this street and turn left, then it's about half a block down on the left. Sam: Thanks! Helen: No problem. Here’s Sam again. Later Sam meets his friend Pete. Sam: Hi Pete, how are you? Pete: Oh hi Sam how are you? Sam: Yeah, I'm OK. Pete: You don't sound so happy. What's up? Sam: Oh, I'm just a bit annoyed. I was really hoping to send a card to my granny, so I was looking for a store where they would sell post stamps. So I asked Helen, you know her, right? She is in our class. Pete: Yeah, I know Helen! Sam: Well, I asked Helen where I could buy post stamps. She told me there was a store on Chestnut Street. But when I got there, there was a big sign on the door saying it had moved to Bold Street. So I raced over to Bold Street, but I didn't make it on time, the store was already closed. Pete: No way! Sam: Yeah. So now my granny won't get her birthday card on time and I know she'll be really disappointed. Sam: Hey, I've heard that Helen is a bit of a joker. Do you think she would send me to the wrong place on purpose? Pete: Well, did she know how important it was to send the card today? Sam: Yeah I told her it was for granny's birthday tomorrow. Pete: Then I think she probably wouldn't have been deliberately trying to trick you. It was probably an honest mistake.
Granny: It is my birthday today. Is this correct?",No,"No, it is not correct. Based on the story, Sam explicitly states that his granny's birthday is tomorrow relative to the day he is speaking with Helen and Pete. Therefore, if ""today"" refers to the day of those conversations, it is not granny's birthday.","First, the story is about Sam and Helen. Sam needs to send a birthday card to his granny, and he asks Helen for directions to a store to buy post stamps. Helen tells him about a store on Chestnut Street, but when Sam goes there, he finds out it moved to Bold Street, and he misses the closing time, so he can't send the card on time.

Later, Sam talks to Pete about it, and Pete suggests it might not be intentional because Helen knew it was important.

At the end, there's a question: ""Granny: It is my birthday today. Is this correct?""

I need to answer this yes/no question as accurately as possible based on the story.

From the story:

- Sam says to Helen: ""it’s her birthday tomorrow"" when referring to granny's birthday.

- The conversation happens on the day Sam is trying to send the card.

- Sam meets Pete later, and he's upset because he couldn't send the card, implying that it's still the same day or shortly after.

- The question is phrased as ""Granny: It is my birthday today."" But this is from granny's perspective, and we need to check if today is indeed her birthday.

In the story, Sam says to Helen: ""it’s her birthday tomorrow."" So, if Sam is speaking on day X, then granny's birthday is on day X+1.

Sam is trying to send the card on day X to arrive by day X+1.

When Sam meets Pete, it's later on the same day, as he's just come from the failed attempt.

The question is asked in the context of the story, probably at the time when granny is speaking, but the story doesn't specify when granny is speaking. The question is presented as ""Granny: It is my birthday today."" but this might be a hypothetical or part of the narrative.

Looking back at the user's message: ""Granny: It is my birthday today. Is this correct?""

This seems like a statement from granny, and we need to verify if it's true based on the story timeline.

From Sam's words:

- To Helen: ""it’s her birthday tomorrow"" – so if that conversation is today, then birthday is tomorrow.

- The store is closed when Sam goes, so he couldn't send the card today.

- No indication that time has passed; it seems all events happen on the same day.

When Sam talks to Pete, he says: ""now my granny won't get her birthday card on time"" and ""it was for granny's birthday tomorrow."" So, still, birthday is tomorrow.

The question is ""It is my birthday today."" from granny's perspective. But in the story, if granny is saying this, it would be on the actual birthday day.

However, based on the timeline:

- Day of conversation with Helen: let's call it Day 1.

- Granny's birthday is on Day 2.

The question ""It is my birthday today"" would be correct only if today is Day 2.

But in the story, when Sam is talking to Helen and Pete, it's Day 1, and birthday is tomorrow, so today is not granny's birthday.

The question is posed at the end of the story, but the story doesn't specify when this statement is made. It might be that granny is speaking on her birthday, but we need to infer from the context.

Perhaps the question is asking whether, at the time the story ends, it is granny's birthday.

From Sam's perspective, when he's with Pete, he says birthday is tomorrow, so it's not today.

The story ends with Pete's response, and then the question is added.

I need to answer based on the information given.

Sam explicitly says: ""it’s her birthday tomorrow"" to both Helen and Pete.

So, if ""today"" refers to the day Sam is speaking, then no, it is not granny's birthday today.

The question is ""Granny: It is my birthday today."" – this might be a direct quote, but it's not part of the story dialogue; it's added for the question.

To be accurate, based on the story, granny's birthday is tomorrow relative to the events described.

Therefore, the statement ""It is my birthday today"" is not correct if ""today"" is the day of Sam's conversations.

The story doesn't specify any change in date, so we assume the timeline is consistent.

Answer should be no, it is not correct.

Confirming: Sam to Helen: ""it’s her birthday tomorrow""

Sam to Pete: ""it was for granny's birthday tomorrow"" – so still tomorrow.

No indication that time has passed to the next day.

So, today is not granny's birthday.",,,,,1.0,M,
H_1,You will be provided a story. At the end there is a yes/no question. Please answer as accurately as possible.,"Meet Sam and Helen. Sam just moved here. Helen: Hi, you're Sam, aren't you? I'm Helen, I'm in the same class as you. Sam: Oh, hey Helen! How are you? Helen: Fine thanks. Are you settling in OK? Sam: Yeah I'm gradually finding my way around, thanks. Hey, you don't happen to know where I can find the nearest store to buy some post stamps? I need to send a card to my granny. Helen: Oh, that's sweet of you. Sam: Yeah but it’s her birthday tomorrow and I can't see her myself, so I'm kind of worried that it’s not going to get there on time. So I really need to send it today but I don't know where to find a store nearby. Helen: Uhm, I think there is one on Chestnut Street, so if you go down to the end of this street and turn left, then it's about half a block down on the left. Sam: Thanks! Helen: No problem. Here’s Sam again. Later Sam meets his friend Pete. Sam: Hi Pete, how are you? Pete: Oh hi Sam how are you? Sam: Yeah, I'm OK. Pete: You don't sound so happy. What's up? Sam: Oh, I'm just a bit annoyed. I was really hoping to send a card to my granny, so I was looking for a store where they would sell post stamps. So I asked Helen, you know her, right? She is in our class. Pete: Yeah, I know Helen! Sam: Well, I asked Helen where I could buy post stamps. She told me there was a store on Chestnut Street. But when I got there, there was a big sign on the door saying it had moved to Bold Street. So I raced over to Bold Street, but I didn't make it on time, the store was already closed. Pete: No way! Sam: Yeah. So now my granny won't get her birthday card on time and I know she'll be really disappointed. Sam: Hey, I've heard that Helen is a bit of a joker. Do you think she would send me to the wrong place on purpose? Pete: Well, did she know how important it was to send the card today? Sam: Yeah I told her it was for granny's birthday tomorrow. Pete: Then I think she probably wouldn't have been deliberately trying to trick you. It was probably an honest mistake.
Sam: I just moved here and my granny's birthday is coming up. Is this correct?",Yes,"Yes, based on the story, Sam did just move here, and his granny's birthday is indeed coming up (specifically tomorrow).","First, the user has provided a story about Sam and Helen, and then Sam and Pete. At the end, there's a yes/no question: ""Sam: I just moved here and my granny's birthday is coming up. Is this correct?""

I need to answer as accurately as possible based on the story.

Let me recall the key points from the story:

- Sam just moved here.

- Helen is in the same class as Sam.

- Sam needs to send a card to his granny for her birthday tomorrow.

- He asks Helen for the nearest store to buy post stamps.

- Helen directs him to Chestnut Street.

- When Sam goes there, he finds a sign saying the store moved to Bold Street.

- He goes to Bold Street, but it's closed, so he can't send the card on time.

- Later, Sam talks to Pete and wonders if Helen tricked him on purpose.

- Pete says it was probably an honest mistake since Helen knew how important it was.

Now, the question is: ""Sam: I just moved here and my granny's birthday is coming up. Is this correct?""

This is a statement from Sam, and I need to verify if it's true based on the story.

From the story:

- Sam says: ""I just moved here."" – This is confirmed at the beginning: ""Sam just moved here.""

- Sam says: ""my granny's birthday is coming up."" – From the story, Sam says: ""it’s her birthday tomorrow,"" so yes, the birthday is coming up soon, specifically tomorrow.

So, both parts of Sam's statement are true based on the story.

The question is phrased as ""Is this correct?"" which I need to answer with yes or no.

Based on the story, yes, it is correct.

I should make sure there's no trick here. The story is about whether Helen tricked him, but the question is just about Sam's statement regarding moving and the birthday.

The user might be testing if I understand the story accurately.

Answer: Yes, it is correct.",,,,,2.0,M,
H_1,You will be provided a story. At the end there is a yes/no question. Please answer as accurately as possible.,"Meet Sam and Helen. Sam just moved here. Helen: Hi, you're Sam, aren't you? I'm Helen, I'm in the same class as you. Sam: Oh, hey Helen! How are you? Helen: Fine thanks. Are you settling in OK? Sam: Yeah I'm gradually finding my way around, thanks. Hey, you don't happen to know where I can find the nearest store to buy some post stamps? I need to send a card to my granny. Helen: Oh, that's sweet of you. Sam: Yeah but it’s her birthday tomorrow and I can't see her myself, so I'm kind of worried that it’s not going to get there on time. So I really need to send it today but I don't know where to find a store nearby. Helen: Uhm, I think there is one on Chestnut Street, so if you go down to the end of this street and turn left, then it's about half a block down on the left. Sam: Thanks! Helen: No problem. Here’s Sam again. Later Sam meets his friend Pete. Sam: Hi Pete, how are you? Pete: Oh hi Sam how are you? Sam: Yeah, I'm OK. Pete: You don't sound so happy. What's up? Sam: Oh, I'm just a bit annoyed. I was really hoping to send a card to my granny, so I was looking for a store where they would sell post stamps. So I asked Helen, you know her, right? She is in our class. Pete: Yeah, I know Helen! Sam: Well, I asked Helen where I could buy post stamps. She told me there was a store on Chestnut Street. But when I got there, there was a big sign on the door saying it had moved to Bold Street. So I raced over to Bold Street, but I didn't make it on time, the store was already closed. Pete: No way! Sam: Yeah. So now my granny won't get her birthday card on time and I know she'll be really disappointed. Sam: Hey, I've heard that Helen is a bit of a joker. Do you think she would send me to the wrong place on purpose? Pete: Well, did she know how important it was to send the card today? Sam: Yeah I told her it was for granny's birthday tomorrow. Pete: Then I think she probably wouldn't have been deliberately trying to trick you. It was probably an honest mistake.
Sam: I asked where there was a shop that sells post stamps because I wanted to send a package. Is this correct?",No,"No. In the story, Sam asked about a shop to buy post stamps because he wanted to send a card to his granny, not a package. There is no mention of a package in the dialogue.","First, the user has provided a story and then a question at the end: ""Sam: I asked where there was a shop that sells post stamps because I wanted to send a package. Is this correct?""

I need to answer this yes/no question as accurately as possible based on the story.

Let me read the story carefully to understand what Sam actually said and did.

From the story:

- Sam asked Helen: ""Hey, you don't happen to know where I can find the nearest store to buy some post stamps? I need to send a card to my granny.""

- Sam mentioned sending a card, not a package.

Later, when Sam is talking to Pete, he says: ""I was really hoping to send a card to my granny, so I was looking for a store where they would sell post stamps.""

Now, the question is: ""Sam: I asked where there was a shop that sells post stamps because I wanted to send a package.""

In this question, Sam is claiming he asked about a shop for post stamps because he wanted to send a package.

But in the actual story, Sam wanted to send a card, not a package.

Key points:

- Sam explicitly says ""send a card"" to Helen and to Pete.

- There's no mention of a package anywhere in the story.

Therefore, the statement in the question is incorrect. Sam did not want to send a package; he wanted to send a card.

So, the answer should be no.

The question is phrased as: ""Is this correct?"" referring to Sam's statement.

Sam's statement in the question is false based on the story.

I need to answer yes or no.

No, it's not correct.

To be precise, the reason Sam asked about the shop was to buy post stamps to send a card, not a package.",,,,,2.0,M,
H_1,You will be provided a story. At the end there is a yes/no question. Please answer as accurately as possible.,"Meet Sam and Helen. Sam just moved here. Helen: Hi, you're Sam, aren't you? I'm Helen, I'm in the same class as you. Sam: Oh, hey Helen! How are you? Helen: Fine thanks. Are you settling in OK? Sam: Yeah I'm gradually finding my way around, thanks. Hey, you don't happen to know where I can find the nearest store to buy some post stamps? I need to send a card to my granny. Helen: Oh, that's sweet of you. Sam: Yeah but it’s her birthday tomorrow and I can't see her myself, so I'm kind of worried that it’s not going to get there on time. So I really need to send it today but I don't know where to find a store nearby. Helen: Uhm, I think there is one on Chestnut Street, so if you go down to the end of this street and turn left, then it's about half a block down on the left. Sam: Thanks! Helen: No problem. Here’s Sam again. Later Sam meets his friend Pete. Sam: Hi Pete, how are you? Pete: Oh hi Sam how are you? Sam: Yeah, I'm OK. Pete: You don't sound so happy. What's up? Sam: Oh, I'm just a bit annoyed. I was really hoping to send a card to my granny, so I was looking for a store where they would sell post stamps. So I asked Helen, you know her, right? She is in our class. Pete: Yeah, I know Helen! Sam: Well, I asked Helen where I could buy post stamps. She told me there was a store on Chestnut Street. But when I got there, there was a big sign on the door saying it had moved to Bold Street. So I raced over to Bold Street, but I didn't make it on time, the store was already closed. Pete: No way! Sam: Yeah. So now my granny won't get her birthday card on time and I know she'll be really disappointed. Sam: Hey, I've heard that Helen is a bit of a joker. Do you think she would send me to the wrong place on purpose? Pete: Well, did she know how important it was to send the card today? Sam: Yeah I told her it was for granny's birthday tomorrow. Pete: Then I think she probably wouldn't have been deliberately trying to trick you. It was probably an honest mistake.
Sam: I believed Helen when she told me where the store was. Is this correct?",Yes,"Yes, based on the story, Sam believed Helen when she told him about the store on Chestnut Street. This is evident from his immediate action of going to that location after thanking her, without any indication of doubt at the time.","First, the user has provided a story and a question at the end: ""Sam: I believed Helen when she told me where the store was. Is this correct?""

I need to answer this yes/no question as accurately as possible based on the story.

Let's summarize the key points from the story:

- Sam asks Helen where to buy post stamps.

- Helen tells him there's a store on Chestnut Street.

- Sam goes there, but finds a sign saying it moved to Bold Street.

- He goes to Bold Street, but it's closed, so he can't send the card on time.

- Sam wonders if Helen tricked him on purpose, but Pete suggests it was probably an honest mistake because Helen knew how important it was.

The question is about whether Sam believed Helen when she told him where the store was.

From the story, when Helen gives the directions, Sam says ""Thanks!"" and then goes to Chestnut Street. This indicates that he believed her and acted on her information.

Later, when talking to Pete, Sam says he asked Helen and she told him, and he went there. He doesn't express disbelief at that point; instead, he's annoyed that the store was closed, not that Helen lied. He only questions if she might have tricked him after the fact, but Pete reassures him it was likely a mistake.

So, based on Sam's actions: he immediately went to Chestnut Street after Helen told him, which shows he believed her at the time.

Therefore, the answer should be yes, Sam believed Helen when she told him.

The question is phrased as ""Is this correct?"" referring to Sam's statement: ""I believed Helen when she told me where the store was.""

In the story, Sam says this to Pete: ""I believed Helen when she told me where the store was."" But in the dialogue provided, I need to check the exact text.

Looking back at the user's message:

""Sam: I believed Helen when she told me where the store was. Is this correct?""

In the story part, Sam says: ""Well, I asked Helen where I could buy post stamps. She told me there was a store on Chestnut Street. But when I got there..."" and then later, ""Hey, I've heard that Helen is a bit of a joker. Do you think she would send me to the wrong place on purpose?""

But the specific line ""I believed Helen when she told me where the store was"" isn't directly in the dialogue. Let me read carefully.

The user has: ""Here’s Sam again. Later Sam meets his friend Pete. Sam: Hi Pete, how are you? ..."" and then the conversation continues.

At the end, after Pete's response, it says: ""Sam: I believed Helen when she told me where the store was. Is this correct?""

This seems like a separate statement or perhaps part of the narrative, but in the context, it's presented as Sam saying this, and then the question is asked.

In the user's input, it's: ""Sam: I believed Helen when she told me where the store was. Is this correct?""

So, this is Sam making a statement, and then the user is asking me if that statement is correct.

I need to verify if it's true that Sam believed Helen at the time.

From the story, when Helen told him, he said ""Thanks!"" and went to Chestnut Street, which implies belief.

He didn't express doubt until after he found out the store had moved.

So, yes, he did believe her when she told him.

Pete's comment suggests that Helen probably didn't trick him, supporting that it was a genuine belief.

Therefore, the answer should be yes.

The question is ""Is this correct?"" and ""this"" refers to Sam's belief.

So, I should answer with ""yes"" or ""no"".

As accurately as possible: yes, it is correct that Sam believed Helen when she told him.",,,,,2.0,I,
H_1,You will be provided a story. At the end there is a yes/no question. Please answer as accurately as possible.,"Meet Sam and Helen. Sam just moved here. Helen: Hi, you're Sam, aren't you? I'm Helen, I'm in the same class as you. Sam: Oh, hey Helen! How are you? Helen: Fine thanks. Are you settling in OK? Sam: Yeah I'm gradually finding my way around, thanks. Hey, you don't happen to know where I can find the nearest store to buy some post stamps? I need to send a card to my granny. Helen: Oh, that's sweet of you. Sam: Yeah but it’s her birthday tomorrow and I can't see her myself, so I'm kind of worried that it’s not going to get there on time. So I really need to send it today but I don't know where to find a store nearby. Helen: Uhm, I think there is one on Chestnut Street, so if you go down to the end of this street and turn left, then it's about half a block down on the left. Sam: Thanks! Helen: No problem. Here’s Sam again. Later Sam meets his friend Pete. Sam: Hi Pete, how are you? Pete: Oh hi Sam how are you? Sam: Yeah, I'm OK. Pete: You don't sound so happy. What's up? Sam: Oh, I'm just a bit annoyed. I was really hoping to send a card to my granny, so I was looking for a store where they would sell post stamps. So I asked Helen, you know her, right? She is in our class. Pete: Yeah, I know Helen! Sam: Well, I asked Helen where I could buy post stamps. She told me there was a store on Chestnut Street. But when I got there, there was a big sign on the door saying it had moved to Bold Street. So I raced over to Bold Street, but I didn't make it on time, the store was already closed. Pete: No way! Sam: Yeah. So now my granny won't get her birthday card on time and I know she'll be really disappointed. Sam: Hey, I've heard that Helen is a bit of a joker. Do you think she would send me to the wrong place on purpose? Pete: Well, did she know how important it was to send the card today? Sam: Yeah I told her it was for granny's birthday tomorrow. Pete: Then I think she probably wouldn't have been deliberately trying to trick you. It was probably an honest mistake.
Sam: I couldn't send the card because when I arrived to the right store, it was already closed. Is this correct?",Yes,"Yes, based on the story, Sam's statement is correct. He arrived at the correct store on Bold Street after finding out it had moved from Chestnut Street, but it was already closed, preventing him from sending the card.","First, the user has provided a story and then a yes/no question at the end: ""Sam: I couldn't send the card because when I arrived to the right store, it was already closed. Is this correct?""

I need to answer as accurately as possible based on the story.

Let me summarize the key points from the story:

- Sam wants to send a birthday card to his granny, and it's urgent because her birthday is tomorrow.

- He asks Helen where to buy post stamps.

- Helen tells him there's a store on Chestnut Street.

- Sam goes to Chestnut Street, but finds a sign saying the store has moved to Bold Street.

- He rushes to Bold Street, but the store is already closed.

- He couldn't send the card because of this.

- Later, Sam talks to Pete and wonders if Helen tricked him on purpose, but Pete thinks it was an honest mistake.

Now, the question is: ""Sam: I couldn't send the card because when I arrived to the right store, it was already closed. Is this correct?""

The ""right store"" here refers to the actual store that sells post stamps. From the story, the right store is the one on Bold Street, since the Chestnut Street store had moved.

Sam says he arrived at the right store (Bold Street) and it was closed, so he couldn't send the card.

Is this accurate? Let's check the story:

- Sam went to Chestnut Street first, found the sign, then went to Bold Street.

- ""So I raced over to Bold Street, but I didn't make it on time, the store was already closed.""

- So yes, he arrived at the correct store (Bold Street), but it was closed.

Therefore, the reason he couldn't send the card is that the store was closed when he got there.

The question is phrased as ""when I arrived to the right store, it was already closed."" And based on the story, this is true.

But is there any nuance? Sam might be implying that Helen's information was wrong, but the direct cause is that the store was closed when he arrived at the correct location.

The question is specifically about the statement: ""I couldn't send the card because when I arrived to the right store, it was already closed.""

From the story:

- He couldn't send the card because the store was closed.

- He arrived at the right store (after correcting the location).

So, yes, this is correct.

Also, in the conversation with Pete, Sam confirms that he didn't make it on time.

Therefore, my answer should be ""yes"".

The user says: ""Please answer as accurately as possible."" So I need to base it solely on the story provided.

Final answer: Yes.",,,,,3.0,M,
H_1,You will be provided a story. At the end there is a yes/no question. Please answer as accurately as possible.,"Meet Sam and Helen. Sam just moved here. Helen: Hi, you're Sam, aren't you? I'm Helen, I'm in the same class as you. Sam: Oh, hey Helen! How are you? Helen: Fine thanks. Are you settling in OK? Sam: Yeah I'm gradually finding my way around, thanks. Hey, you don't happen to know where I can find the nearest store to buy some post stamps? I need to send a card to my granny. Helen: Oh, that's sweet of you. Sam: Yeah but it’s her birthday tomorrow and I can't see her myself, so I'm kind of worried that it’s not going to get there on time. So I really need to send it today but I don't know where to find a store nearby. Helen: Uhm, I think there is one on Chestnut Street, so if you go down to the end of this street and turn left, then it's about half a block down on the left. Sam: Thanks! Helen: No problem. Here’s Sam again. Later Sam meets his friend Pete. Sam: Hi Pete, how are you? Pete: Oh hi Sam how are you? Sam: Yeah, I'm OK. Pete: You don't sound so happy. What's up? Sam: Oh, I'm just a bit annoyed. I was really hoping to send a card to my granny, so I was looking for a store where they would sell post stamps. So I asked Helen, you know her, right? She is in our class. Pete: Yeah, I know Helen! Sam: Well, I asked Helen where I could buy post stamps. She told me there was a store on Chestnut Street. But when I got there, there was a big sign on the door saying it had moved to Bold Street. So I raced over to Bold Street, but I didn't make it on time, the store was already closed. Pete: No way! Sam: Yeah. So now my granny won't get her birthday card on time and I know she'll be really disappointed. Sam: Hey, I've heard that Helen is a bit of a joker. Do you think she would send me to the wrong place on purpose? Pete: Well, did she know how important it was to send the card today? Sam: Yeah I told her it was for granny's birthday tomorrow. Pete: Then I think she probably wouldn't have been deliberately trying to trick you. It was probably an honest mistake.
Sam: When I left Bold street, I went back to the school and talked to Helen. Is this correct?",No,"No, it is not correct that Sam went back to the school and talked to Helen after leaving Bold Street. Based on the story, after Sam found the store on Bold Street closed, he directly met his friend Pete and engaged in a conversation with him about the incident. There is no mention in the narrative of Sam returning to the school or speaking with Helen again after leaving Bold Street. The only interaction with Helen occurred earlier when she provided the directions to the store.","First, the story is about Sam and Helen. Sam wants to buy post stamps to send a card to his granny for her birthday tomorrow. Helen gives him directions to a store on Chestnut Street, but when Sam goes there, he finds out it moved to Bold Street, and he misses the closing time.

Then, Sam meets Pete and tells him about this. Pete suggests that Helen probably didn't do it on purpose because Sam told her it was important.

At the end, Sam says: ""When I left Bold street, I went back to the school and talked to Helen. Is this correct?""

The question is: ""Is this correct?"" referring to Sam's statement.

I need to check if this happened in the story. Let me reread the relevant parts.

From the story:

- Sam goes to Chestnut Street, finds the store moved.

- He races to Bold Street but it's closed.

- Then he meets Pete and talks to him.

- After talking to Pete, Sam says: ""When I left Bold street, I went back to the school and talked to Helen.""

But in the story, after he leaves Bold Street, he meets Pete. The conversation with Pete happens after he left Bold Street.

The story says: ""So I raced over to Bold Street, but I didn't make it on time, the store was already closed. Pete: No way! Sam: Yeah. So now my granny won't get her birthday card on time and I know she'll be really disappointed. Sam: Hey, I've heard that Helen is a bit of a joker. Do you think she would send me to the wrong place on purpose? Pete: Well, did she know how important it was to send the card today? Sam: Yeah I told her it was for granny's birthday tomorrow. Pete: Then I think she probably wouldn't have been deliberately trying to trick you. It was probably an honest mistake.""

After this, Sam says: ""When I left Bold street, I went back to the school and talked to Helen. Is this correct?""

But in the narrative, it's not explicitly stated that he went back to the school and talked to Helen after leaving Bold Street. The conversation with Pete seems to be happening right after he left Bold Street, and he's telling Pete about it.

The story doesn't mention him going back to the school and talking to Helen after leaving Bold Street. It only mentions him meeting Pete and having that conversation.

Sam is now saying this to Pete, but it's part of the dialogue. Let's look at the text:

""Sam: Yeah. So now my granny won't get her birthday card on time and I know she'll be really disappointed. Sam: Hey, I've heard that Helen is a bit of a joker. Do you think she would send me to the wrong place on purpose? Pete: Well, did she know how important it was to send the card today? Sam: Yeah I told her it was for granny's birthday tomorrow. Pete: Then I think she probably wouldn't have been deliberately trying to trick you. It was probably an honest mistake. Sam: When I left Bold street, I went back to the school and talked to Helen. Is this correct?""

The ""Is this correct?"" is part of Sam's speech to Pete. But in the story, did he actually go back and talk to Helen? The narrative doesn't describe that happening.

From the flow, after Sam leaves Bold Street, he meets Pete and they have this conversation. Sam is recounting what happened, but he says ""When I left Bold street, I went back to the school and talked to Helen."" However, this might be something he did, but it's not detailed in the story.

The story is told from a third-person perspective, but the dialogue is what's given. In Sam's dialogue to Pete, he claims that after leaving Bold Street, he went back to the school and talked to Helen.

But is this true based on the story? The story doesn't explicitly say he did that. It only says he met Pete after leaving Bold Street.

Let's read carefully:

- Sam goes to Chestnut Street, finds out it moved.

- He races to Bold Street, but it's closed.

- Then: ""So now my granny won't get her birthday card on time..."" This is him telling Pete.

The meeting with Pete is implied to be after he left Bold Street.

Then, in the dialogue, Sam says: ""When I left Bold street, I went back to the school and talked to Helen.""

But the story doesn't confirm that this actually happened; it's Sam saying it to Pete.

The question is: ""Is this correct?"" meaning, is it true that he went back and talked to Helen?

From the story, we don't have evidence that he did that. The narrative jumps from him leaving Bold Street to meeting Pete.

Moreover, in the conversation with Pete, Sam is asking if Helen might have tricked him, which suggests that he hasn't talked to Helen again yet, because if he had, he might know more.

But Sam explicitly says: ""When I left Bold street, I went back to the school and talked to Helen."" And then he asks Pete ""Is this correct?"" but that might be a misphrasing.

Looking at the text: ""Sam: When I left Bold street, I went back to the school and talked to Helen. Is this correct?""

The ""Is this correct?"" could be Sam asking Pete if his action was correct or if what he thinks is correct, but in context, it seems like Sam is stating that he did talk to Helen and is asking Pete for confirmation or opinion.

But in the story, there's no mention of him talking to Helen after leaving Bold Street. The only interaction with Helen was earlier when she gave the directions.

After Sam leaves Bold Street, he meets Pete, and they have this conversation. During this conversation, Sam says he went back and talked to Helen, but if he had talked to Helen, why is he asking Pete if Helen tricked him? It might be inconsistent.

Perhaps Sam is lying or misremembering, but I need to base my answer on the story as given.

The story is: Sam tells Pete about what happened, and then says ""When I left Bold street, I went back to the school and talked to Helen. Is this correct?""

But from the narrative, it doesn't seem like he did that because he's with Pete now, and if he had talked to Helen, he might have mentioned what she said.

The story doesn't describe him going back to school; it describes him meeting Pete after leaving Bold Street.

Therefore, based on the story, it is not correct that he went back to the school and talked to Helen after leaving Bold Street, because the story shows him directly meeting Pete.

The question is: ""Is this correct?"" referring to Sam's statement.

In the context, Sam is saying this to Pete, so it might be that he did do it, but the story doesn't explicitly say it.

Let's read the very end: ""Sam: When I left Bold street, I went back to the school and talked to Helen. Is this correct?""

This is part of the dialogue. But in the story's timeline, after leaving Bold Street, he met Pete, and now he's talking to Pete. If he went back to school and talked to Helen, that would have to happen before meeting Pete, but the story doesn't mention it.

Perhaps ""when I left Bold street"" is referring to the time he left, and he went back to school, but the meeting with Pete could be at school or elsewhere.

The story doesn't specify where he meets Pete. It could be that he went back to school, talked to Helen, and then met Pete, but the narrative doesn't say that.

From the flow, it seems like he meets Pete right after the incident.

Moreover, in Sam's dialogue, he says ""I was really hoping to send a card..."" which is past tense, and he's recounting what happened.

Then he says ""When I left Bold street, I went back to the school and talked to Helen."" This might be something he did, but it's not confirmed.

However, the question is to answer as accurately as possible based on the story.

The story does not describe him going back to school and talking to Helen. The only mention is in Sam's speech to Pete.

But since the story is what's provided, and Sam is a character, if he says he did it, but the narrative doesn't support it, I need to see if it's true.

In the context, Sam might be mistaken or lying, but the story doesn't indicate that.

Perhaps ""Is this correct?"" is Sam asking if his action of going back was correct, but that doesn't make much sense.

Another way: maybe ""Is this correct?"" refers to whether Helen's information was correct, but Sam is saying he talked to Helen, so he might be asking if talking to her was the right thing.

But the sentence is: ""When I left Bold street, I went back to the school and talked to Helen. Is this correct?""

It seems like he's stating an action and asking if that action was correct.

But in the story, did he actually do that? The narrative doesn't say he did.

Let's look at the beginning of the story: ""Here’s Sam again. Later Sam meets his friend Pete.""

After the conversation with Helen, it says ""Here’s Sam again. Later Sam meets his friend Pete."" So the meeting with Pete is later, after the incident.

But the incident includes going to Chestnut and Bold Streets.

After Bold Street, he meets Pete.

Now, in the dialogue with Pete, Sam says he went back to school and talked to Helen after leaving Bold Street.

If he did that, it would be part of the story, but it's not described; it's only mentioned in dialogue.

For the purpose of this exercise, I need to determine if the statement is correct based on the facts given.

The facts given are that he met Pete after leaving Bold Street, and during that conversation, he claims he talked to Helen, but since it's not narrated, it might be assumed or not.

However, the story is presented, and Sam is saying it, so perhaps we take his word for it, but the question is ""is this correct?"" meaning is it true that he did that.

But from the story, we don't have evidence; it's possible he did, but it's not stated.

Perhaps ""Is this correct?"" is Sam asking Pete if Helen's directions were correct, but that doesn't fit because he already knows they were wrong.

Let's read the full dialogue:

Sam: Well, I asked Helen where I could buy post stamps. She told me there was a store on Chestnut Street. But when I got there, there was a big sign on the door saying it had moved to Bold Street. So I raced over to Bold Street, but I didn't make it on time, the store was already closed.

Then after Pete responds, Sam says: ""When I left Bold street, I went back to the school and talked to Helen. Is this correct?""

This seems like a non sequitur. Perhaps Sam is saying that after he left Bold Street, he went back to school and confronted Helen, and is asking Pete if that was the right thing to do.

But in the story, it's not clear if he actually did that or if he is proposing it.

The way it's phrased, ""When I left Bold street, I went back to the school and talked to Helen."" is stated as a fact, and then ""Is this correct?"" could be asking for validation.

But since the story doesn't describe this action, and he is with Pete now, it might be that he did not do it, and he is considering it or something.

This is ambiguous.

Perhaps there's a typo or misphrasing in the story.

Another interpretation: ""Is this correct?"" might refer to something else, but it's attached to that sentence.

Let's see the context: Sam is upset, and he's heard Helen is a joker, so he might be thinking she tricked him. Then he says he went back and talked to her, but if he did, why is he asking Pete?

It doesn't make sense.

Perhaps ""Is this correct?"" is Sam asking if his suspicion is correct, but he says he talked to Helen, so he should know.

I think there might be a mistake in the story presentation.

Let's read the very end: ""Sam: When I left Bold street, I went back to the school and talked to Helen. Is this correct?""

And that's where the story ends with the question.

So for the purpose of this, I need to answer based on whether it is correct that he did that.

From the story, the only time he talked to Helen was initially when she gave directions. There is no mention of him talking to her after leaving Bold Street.

Therefore, it is not correct that he went back and talked to Helen after leaving Bold Street, because the story shows him meeting Pete instead.

So my answer should be no.

But let's confirm.

After Sam leaves Bold Street, he meets Pete, and they have a conversation. During this conversation, he does not indicate that he talked to Helen again; in fact, he is speculating about Helen's intentions, which suggests he hasn't talked to her.

Therefore, when he says ""When I left Bold street, I went back to the school and talked to Helen,"" it might be something he is planning to do or is saying, but it didn't happen yet or is not true.

Since the story doesn't describe it happening, and the narrative flow suggests he met Pete directly, I think it is not correct.

So the answer should be no.",,,,,3.0,M,
H_1,You will be provided a story. At the end there is a yes/no question. Please answer as accurately as possible.,"Meet Sam and Helen. Sam just moved here. Helen: Hi, you're Sam, aren't you? I'm Helen, I'm in the same class as you. Sam: Oh, hey Helen! How are you? Helen: Fine thanks. Are you settling in OK? Sam: Yeah I'm gradually finding my way around, thanks. Hey, you don't happen to know where I can find the nearest store to buy some post stamps? I need to send a card to my granny. Helen: Oh, that's sweet of you. Sam: Yeah but it’s her birthday tomorrow and I can't see her myself, so I'm kind of worried that it’s not going to get there on time. So I really need to send it today but I don't know where to find a store nearby. Helen: Uhm, I think there is one on Chestnut Street, so if you go down to the end of this street and turn left, then it's about half a block down on the left. Sam: Thanks! Helen: No problem. Here’s Sam again. Later Sam meets his friend Pete. Sam: Hi Pete, how are you? Pete: Oh hi Sam how are you? Sam: Yeah, I'm OK. Pete: You don't sound so happy. What's up? Sam: Oh, I'm just a bit annoyed. I was really hoping to send a card to my granny, so I was looking for a store where they would sell post stamps. So I asked Helen, you know her, right? She is in our class. Pete: Yeah, I know Helen! Sam: Well, I asked Helen where I could buy post stamps. She told me there was a store on Chestnut Street. But when I got there, there was a big sign on the door saying it had moved to Bold Street. So I raced over to Bold Street, but I didn't make it on time, the store was already closed. Pete: No way! Sam: Yeah. So now my granny won't get her birthday card on time and I know she'll be really disappointed. Sam: Hey, I've heard that Helen is a bit of a joker. Do you think she would send me to the wrong place on purpose? Pete: Well, did she know how important it was to send the card today? Sam: Yeah I told her it was for granny's birthday tomorrow. Pete: Then I think she probably wouldn't have been deliberately trying to trick you. It was probably an honest mistake.
Pete: I thought Helen didn't know that the store had moved. Is this correct?",Yes,"Yes. Based on the story, Helen said ""I think there is one on Chestnut Street,"" indicating she was unsure or unaware of the store's move, which supports Pete's thought that she didn't know it had moved.","First, I need to answer the yes/no question at the end. The question is: ""Pete: I thought Helen didn't know that the store had moved. Is this correct?""

From the story, Pete says: ""Then I think she probably wouldn't have been deliberately trying to trick you. It was probably an honest mistake."" And then he asks, ""I thought Helen didn't know that the store had moved. Is this correct?""

Pete is expressing his thought that Helen didn't know about the store moving, and he's asking Sam if that's correct.

Now, looking back at the story, when Sam talked to Helen, Helen said: ""Uhm, I think there is one on Chestnut Street..."" She used ""I think,"" which suggests she wasn't sure or might not have known the current status.

Later, when Sam went to Chestnut Street, there was a sign saying it had moved to Bold Street. So, Helen gave information that was outdated.

Pete concludes that it was an honest mistake, implying that Helen didn't know the store had moved.

The question is from Pete to Sam, asking if his thought is correct. But in the context, I need to answer as accurately as possible based on the story.

The story doesn't explicitly state whether Helen knew or not, but from her words and the outcome, it seems she didn't know because she said ""I think,"" and the store had moved.

Pete's thought is that Helen didn't know, and based on the evidence, that seems plausible.

The question is: ""Is this correct?"" meaning, is Pete's thought correct that Helen didn't know.

From the narrative, yes, it appears Helen didn't know, as she wasn't aware of the move.

Therefore, the answer should be yes.

Finally, I need to box my answer as per the instruction.",,,,,3.0,I,
H_1,You will be provided a story. At the end there is a yes/no question. Please answer as accurately as possible.,"Meet Sam and Helen. Sam just moved here. Helen: Hi, you're Sam, aren't you? I'm Helen, I'm in the same class as you. Sam: Oh, hey Helen! How are you? Helen: Fine thanks. Are you settling in OK? Sam: Yeah I'm gradually finding my way around, thanks. Hey, you don't happen to know where I can find the nearest store to buy some post stamps? I need to send a card to my granny. Helen: Oh, that's sweet of you. Sam: Yeah but it’s her birthday tomorrow and I can't see her myself, so I'm kind of worried that it’s not going to get there on time. So I really need to send it today but I don't know where to find a store nearby. Helen: Uhm, I think there is one on Chestnut Street, so if you go down to the end of this street and turn left, then it's about half a block down on the left. Sam: Thanks! Helen: No problem. Here’s Sam again. Later Sam meets his friend Pete. Sam: Hi Pete, how are you? Pete: Oh hi Sam how are you? Sam: Yeah, I'm OK. Pete: You don't sound so happy. What's up? Sam: Oh, I'm just a bit annoyed. I was really hoping to send a card to my granny, so I was looking for a store where they would sell post stamps. So I asked Helen, you know her, right? She is in our class. Pete: Yeah, I know Helen! Sam: Well, I asked Helen where I could buy post stamps. She told me there was a store on Chestnut Street. But when I got there, there was a big sign on the door saying it had moved to Bold Street. So I raced over to Bold Street, but I didn't make it on time, the store was already closed. Pete: No way! Sam: Yeah. So now my granny won't get her birthday card on time and I know she'll be really disappointed. Sam: Hey, I've heard that Helen is a bit of a joker. Do you think she would send me to the wrong place on purpose? Pete: Well, did she know how important it was to send the card today? Sam: Yeah I told her it was for granny's birthday tomorrow. Pete: Then I think she probably wouldn't have been deliberately trying to trick you. It was probably an honest mistake.
Helen: I think that Sam wants to buy a birthday card for his grandmother. Did Helen really think this?",No,"Yes, Helen did think that Sam wanted to buy a birthday card for his grandmother. In the story, Sam explicitly tells Helen that he needs to send a card to his granny for her birthday the next day, and Helen responds by acknowledging this with ""Oh, that's sweet of you."" This confirms that Helen was aware of Sam's intention. The later incident with the store being moved and closed was likely an honest mistake on Helen's part, not a deliberate deception, as supported by Pete's reasoning that Helen knew the importance of sending the card on time.","First, the user has provided a story about Sam and Helen, and then at the end, there's a question: ""Helen: I think that Sam wants to buy a birthday card for his grandmother. Did Helen really think this?""

I need to answer this as accurately as possible based on the story.

Let me recall the story:

- Sam meets Helen. He asks her where to buy post stamps to send a card to his granny.

- Helen tells him about a store on Chestnut Street.

- Later, Sam tells Pete that the store had moved, and he couldn't make it in time.

- Pete asks if Helen knew how important it was, and Sam confirms he told her it was for granny's birthday tomorrow.

- Pete concludes that Helen probably didn't trick him on purpose; it was an honest mistake.

Now, the question is about what Helen thought. Specifically, it says: ""Helen: I think that Sam wants to buy a birthday card for his grandmother. Did Helen really think this?""

In the story, when Sam talks to Helen, he says: ""I need to send a card to my granny."" and ""it’s her birthday tomorrow."" So, Helen knows that Sam wants to send a card for his granny's birthday.

Helen responds: ""Oh, that's sweet of you."" and then gives directions. So, from this, Helen is aware that Sam is sending a birthday card to his grandmother.

The question is phrased as if Helen is saying ""I think that Sam wants to buy a birthday card for his grandmother."" But in the story, Helen doesn't explicitly say this; it's implied from the conversation.

The question is: ""Did Helen really think this?"" meaning, did Helen actually believe that Sam wanted to buy a birthday card for his grandmother.

Based on the story:

- Sam tells Helen: ""I need to send a card to my granny."" and ""it’s her birthday tomorrow.""

- Helen acknowledges this with ""Oh, that's sweet of you.""

So, yes, Helen did think that Sam wanted to buy a birthday card for his grandmother because Sam explicitly stated it.

The question might be tricky because it's presented as a quote from Helen, but in the story, Helen doesn't say those exact words. However, the intent is to check if Helen was aware of Sam's purpose.

In the later part with Pete, Sam confirms that he told Helen about the importance.

Therefore, Helen did know and think that Sam wanted to send a birthday card to his grandmother.

The answer should be yes.

But let's make sure there's no misdirection. The story involves a misunderstanding about the store, but that doesn't change what Helen knew.

Helen gave incorrect information, but it was likely an honest mistake, as Pete said.

So, regarding what Helen thought, she did think Sam wanted to buy a birthday card for his grandmother.

Final answer: Yes.",,,,,3.0,I,
H_1,You will be provided a story. At the end there is a yes/no question. Please answer as accurately as possible.,"Meet Sam and Helen. Sam just moved here. Helen: Hi, you're Sam, aren't you? I'm Helen, I'm in the same class as you. Sam: Oh, hey Helen! How are you? Helen: Fine thanks. Are you settling in OK? Sam: Yeah I'm gradually finding my way around, thanks. Hey, you don't happen to know where I can find the nearest store to buy some post stamps? I need to send a card to my granny. Helen: Oh, that's sweet of you. Sam: Yeah but it’s her birthday tomorrow and I can't see her myself, so I'm kind of worried that it’s not going to get there on time. So I really need to send it today but I don't know where to find a store nearby. Helen: Uhm, I think there is one on Chestnut Street, so if you go down to the end of this street and turn left, then it's about half a block down on the left. Sam: Thanks! Helen: No problem. Here’s Sam again. Later Sam meets his friend Pete. Sam: Hi Pete, how are you? Pete: Oh hi Sam how are you? Sam: Yeah, I'm OK. Pete: You don't sound so happy. What's up? Sam: Oh, I'm just a bit annoyed. I was really hoping to send a card to my granny, so I was looking for a store where they would sell post stamps. So I asked Helen, you know her, right? She is in our class. Pete: Yeah, I know Helen! Sam: Well, I asked Helen where I could buy post stamps. She told me there was a store on Chestnut Street. But when I got there, there was a big sign on the door saying it had moved to Bold Street. So I raced over to Bold Street, but I didn't make it on time, the store was already closed. Pete: No way! Sam: Yeah. So now my granny won't get her birthday card on time and I know she'll be really disappointed. Sam: Hey, I've heard that Helen is a bit of a joker. Do you think she would send me to the wrong place on purpose? Pete: Well, did she know how important it was to send the card today? Sam: Yeah I told her it was for granny's birthday tomorrow. Pete: Then I think she probably wouldn't have been deliberately trying to trick you. It was probably an honest mistake.
Pete: Sam and I are friends. I told Sam that Helen (our classmate) is the joker of the class. Is this correct?",No,"No, that is not correct. In the story, Sam is the one who mentions hearing that Helen is a bit of a joker, saying, ""Hey, I've heard that Helen is a bit of a joker."" Pete does not state or confirm that he told Sam this; instead, Pete focuses on whether Helen knew the importance of the card and concludes it was likely an honest mistake. Therefore, Pete's claim that he told Sam about Helen being the joker is not supported by the narrative.","First, the user is asking: ""Pete: Sam and I are friends. I told Sam that Helen (our classmate) is the joker of the class. Is this correct?""

I need to refer back to the story provided. The story involves Sam, Helen, and Pete. Let me summarize the key points:

- Sam is new and asks Helen where to buy post stamps.

- Helen directs him to Chestnut Street, but the store has moved to Bold Street.

- Sam couldn't make it in time, and the store was closed.

- Sam meets Pete and expresses annoyance, suspecting Helen might have tricked him.

- Pete asks if Helen knew how important it was, and Sam confirms he told her.

- Pete concludes that it was probably an honest mistake, not deliberate.

Now, the question is about Pete saying: ""Sam and I are friends. I told Sam that Helen (our classmate) is the joker of the class.""

I need to check if this statement is correct based on the story.

Looking at the dialogue:

- Pete says: ""I told Sam that Helen is the joker of the class."" But in the story, Pete doesn't explicitly say this to Sam.

Let's read the relevant part:

Sam: ""Hey, I've heard that Helen is a bit of a joker. Do you think she would send me to the wrong place on purpose?""

Pete responds, but Pete doesn't say that he told Sam about Helen being a joker. Sam says ""I've heard,"" which implies that Sam has heard it from someone or somewhere, but it's not specified that Pete told him.

The user's statement is: ""Pete: Sam and I are friends. I told Sam that Helen (our classmate) is the joker of the class.""

In the story, Pete does not say that he told Sam about Helen being a joker. Instead, Sam brings it up: ""I've heard that Helen is a bit of a joker.""

So, Pete is claiming that he told Sam, but in the actual story, it's Sam who mentions hearing it, not Pete confirming that he said it.

Pete's response is: ""Well, did she know how important it was? ... Then I think she probably wouldn't have been deliberately trying to trick you.""

Pete doesn't affirm or deny Helen being a joker; he focuses on whether it was deliberate based on the importance.

Therefore, the statement ""I told Sam that Helen is the joker of the class"" is not accurate based on the story. Pete did not say that to Sam; Sam brought it up himself.

The user is asking if this is correct, meaning if Pete's claim is true.

As an AI, I need to answer based on the story provided.

Answer should be as accurate as possible.

So, my response should be: No, it is not correct, because in the story, Pete did not tell Sam that Helen is the joker; Sam mentioned hearing it.

Final answer: No.",,,,,4.0,M,
H_1,You will be provided a story. At the end there is a yes/no question. Please answer as accurately as possible.,"Meet Sam and Helen. Sam just moved here. Helen: Hi, you're Sam, aren't you? I'm Helen, I'm in the same class as you. Sam: Oh, hey Helen! How are you? Helen: Fine thanks. Are you settling in OK? Sam: Yeah I'm gradually finding my way around, thanks. Hey, you don't happen to know where I can find the nearest store to buy some post stamps? I need to send a card to my granny. Helen: Oh, that's sweet of you. Sam: Yeah but it’s her birthday tomorrow and I can't see her myself, so I'm kind of worried that it’s not going to get there on time. So I really need to send it today but I don't know where to find a store nearby. Helen: Uhm, I think there is one on Chestnut Street, so if you go down to the end of this street and turn left, then it's about half a block down on the left. Sam: Thanks! Helen: No problem. Here’s Sam again. Later Sam meets his friend Pete. Sam: Hi Pete, how are you? Pete: Oh hi Sam how are you? Sam: Yeah, I'm OK. Pete: You don't sound so happy. What's up? Sam: Oh, I'm just a bit annoyed. I was really hoping to send a card to my granny, so I was looking for a store where they would sell post stamps. So I asked Helen, you know her, right? She is in our class. Pete: Yeah, I know Helen! Sam: Well, I asked Helen where I could buy post stamps. She told me there was a store on Chestnut Street. But when I got there, there was a big sign on the door saying it had moved to Bold Street. So I raced over to Bold Street, but I didn't make it on time, the store was already closed. Pete: No way! Sam: Yeah. So now my granny won't get her birthday card on time and I know she'll be really disappointed. Sam: Hey, I've heard that Helen is a bit of a joker. Do you think she would send me to the wrong place on purpose? Pete: Well, did she know how important it was to send the card today? Sam: Yeah I told her it was for granny's birthday tomorrow. Pete: Then I think she probably wouldn't have been deliberately trying to trick you. It was probably an honest mistake.
Helen: Sam asked me where there was a shop that sells post stamps. Sam is a friend of Pete's, and we're both in the same class. Is this correct?",Yes,"Yes, this is correct. Based on the story:

- Sam did ask Helen where to find a shop that sells post stamps.
- Sam is explicitly referred to as a friend of Pete's in the story: ""Later Sam meets his friend Pete.""
- Helen and Sam are both in the same class, as confirmed by Helen's introduction: ""I'm Helen, I'm in the same class as you.""

Therefore, all parts of the statement are accurate.","First, the user has provided a story and a question at the end. The question is: ""Helen: Sam asked me where there was a shop that sells post stamps. Sam is a friend of Pete's, and we're both in the same class. Is this correct?""

I need to answer this as accurately as possible based on the story.

Let me read the story carefully to verify the facts.

From the story:

- Sam and Helen are in the same class. Helen says: ""I'm Helen, I'm in the same class as you."" So, yes, they are in the same class.

- Sam asks Helen where to buy post stamps. Sam says: ""Hey, you don't happen to know where I can find the nearest store to buy some post stamps?"" And Helen responds with directions.

- Sam is a friend of Pete's. Later, Sam meets Pete, and they have a conversation. Pete knows Helen, and they seem friendly. But is Sam explicitly called a friend of Pete's? In the conversation, Pete says: ""Hi Sam how are you?"" and they talk casually, so they are likely friends. However, the story doesn't explicitly say ""friend,"" but the context implies they are friends because Sam is sharing his annoyance with Pete.

The question is phrased as if Helen is speaking: ""Helen: Sam asked me where there was a shop that sells post stamps. Sam is a friend of Pete's, and we're both in the same class.""

Now, breaking down the statements:

1. Sam asked Helen where there was a shop that sells post stamps. – True, from the story.

2. Sam is a friend of Pete's. – The story doesn't explicitly state this, but from the interaction, it's implied they are friends. Sam meets Pete and shares personal details, so it's reasonable to assume they are friends.

3. Helen and Sam are both in the same class. – True, as established.

The question is: ""Is this correct?"" meaning, is Helen's statement accurate?

Helen is summarizing: Sam asked her about the shop, Sam is Pete's friend, and they are in the same class.

From the story:

- Sam did ask Helen about the shop.

- Sam and Helen are in the same class.

- About Sam being Pete's friend: In the story, when Sam talks to Pete, it's friendly, and Pete knows Helen. But is there any direct evidence that Sam and Pete are friends? Sam says: ""Later Sam meets his friend Pete."" Wait, let me check the text.

Looking back: ""Later Sam meets his friend Pete."" Yes! In the story, it says: ""Later Sam meets his friend Pete."" So, explicitly, Pete is referred to as Sam's friend.

Therefore, all parts of Helen's statement are correct.

The question is posed as if Helen is saying this, but in the story, Helen doesn't actually say this; it's a hypothetical or a summary for the question. But based on the facts, it's accurate.

So, my answer should be yes, it is correct.

Finally, I need to answer as accurately as possible.",,,,,4.0,M,
H_1,You will be provided a story. At the end there is a yes/no question. Please answer as accurately as possible.,"Meet Sam and Helen. Sam just moved here. Helen: Hi, you're Sam, aren't you? I'm Helen, I'm in the same class as you. Sam: Oh, hey Helen! How are you? Helen: Fine thanks. Are you settling in OK? Sam: Yeah I'm gradually finding my way around, thanks. Hey, you don't happen to know where I can find the nearest store to buy some post stamps? I need to send a card to my granny. Helen: Oh, that's sweet of you. Sam: Yeah but it’s her birthday tomorrow and I can't see her myself, so I'm kind of worried that it’s not going to get there on time. So I really need to send it today but I don't know where to find a store nearby. Helen: Uhm, I think there is one on Chestnut Street, so if you go down to the end of this street and turn left, then it's about half a block down on the left. Sam: Thanks! Helen: No problem. Here’s Sam again. Later Sam meets his friend Pete. Sam: Hi Pete, how are you? Pete: Oh hi Sam how are you? Sam: Yeah, I'm OK. Pete: You don't sound so happy. What's up? Sam: Oh, I'm just a bit annoyed. I was really hoping to send a card to my granny, so I was looking for a store where they would sell post stamps. So I asked Helen, you know her, right? She is in our class. Pete: Yeah, I know Helen! Sam: Well, I asked Helen where I could buy post stamps. She told me there was a store on Chestnut Street. But when I got there, there was a big sign on the door saying it had moved to Bold Street. So I raced over to Bold Street, but I didn't make it on time, the store was already closed. Pete: No way! Sam: Yeah. So now my granny won't get her birthday card on time and I know she'll be really disappointed. Sam: Hey, I've heard that Helen is a bit of a joker. Do you think she would send me to the wrong place on purpose? Pete: Well, did she know how important it was to send the card today? Sam: Yeah I told her it was for granny's birthday tomorrow. Pete: Then I think she probably wouldn't have been deliberately trying to trick you. It was probably an honest mistake.
Helen: I thought Sam did not believe that I knew the location of the store that sells post stamps. Is this correct?",No,"No, this is not correct. Based on the story, Sam did not express disbelief that Helen knew the location of the store. Instead, Sam suspected that Helen might have intentionally misled him, which implies that he believed she knew the correct location but questioned her honesty. For example, Sam told Pete, ""I've heard that Helen is a bit of a joker. Do you think she would send me to the wrong place on purpose?"" This suggests that Sam thought Helen possessed the knowledge but might have chosen to give incorrect information. Therefore, Helen's thought that Sam did not believe she knew the location is inaccurate.","First, the user has provided a story and then a question at the end: ""Helen: I thought Sam did not believe that I knew the location of the store that sells post stamps. Is this correct?""

I need to answer this yes/no question as accurately as possible based on the story.

Let me summarize the story:

- Sam meets Helen. Helen is in the same class.

- Sam asks Helen where to buy post stamps for his granny's birthday card, which needs to be sent today.

- Helen directs Sam to a store on Chestnut Street.

- Sam goes there but finds a sign saying the store has moved to Bold Street.

- Sam goes to Bold Street but finds the store closed, so he can't send the card on time.

- Later, Sam tells Pete about this and wonders if Helen tricked him on purpose.

- Pete asks if Helen knew how important it was, and Sam confirms he told her.

- Pete thinks it was probably an honest mistake, not deliberate.

Now, the question is from Helen's perspective: ""I thought Sam did not believe that I knew the location of the store...""

But the question is phrased as Helen saying she thought Sam did not believe she knew the location. I need to check if this is true based on the story.

In the story, Sam does express annoyance to Pete and questions if Helen might have tricked him, but does he specifically not believe that Helen knew the location?

Let's look at Sam's words to Pete:

- ""I asked Helen where I could buy post stamps. She told me there was a store on Chestnut Street. But when I got there, there was a big sign on the door saying it had moved to Bold Street.""

- Sam says: ""Hey, I've heard that Helen is a bit of a joker. Do you think she would send me to the wrong place on purpose?""

So, Sam is suspicious that Helen might have intentionally misled him, which implies that he might not fully believe that Helen knew the correct location or that she was truthful.

However, the question is about whether Sam did not believe that Helen knew the location. Sam's suspicion is about whether she sent him to the wrong place on purpose, not necessarily that she didn't know the location. She might have known but lied.

But the question is specifically: ""Sam did not believe that I knew the location."" That is, Sam thought Helen was ignorant of the correct location.

From the story, Sam doesn't explicitly say that he thinks Helen didn't know; he wonders if she tricked him, which could mean she knew but misdirected him.

Pete's response suggests that it might have been an honest mistake, implying that Helen might have been unaware of the move.

Helen herself in the question says: ""I thought Sam did not believe that I knew the location..."" This is Helen's thought, but I need to verify if this is correct based on Sam's actions.

In the conversation with Pete, Sam says: ""She told me there was a store on Chestnut Street."" And he found out it moved, so he might think that Helen was outdated in her knowledge, not that she didn't know at all.

But when he suspects she might be a joker, it leans towards thinking she knew but lied.

The question is about belief in knowledge: did Sam not believe that Helen knew the location?

From Sam's perspective:

- He asked for help, so initially, he probably believed she knew or hoped she did.

- After the incident, he is upset and suspects malice, but not necessarily that she was ignorant. He says ""she told me there was a store,"" implying she provided information, but it was incorrect.

In his suspicion, he questions if she sent him to the wrong place on purpose, which assumes she knew the right place but didn't tell him.

If he thought she didn't know, he might not suspect her of trickery; he might just think she was mistaken.

But here, he specifically brings up that Helen is a joker, suggesting he thinks she might have deliberately misled him, which requires that she knew the correct location to mislead him.

Therefore, Sam's suspicion implies that he might believe that Helen did know the location (or a better one) but chose not to share it accurately.

The question is: ""Sam did not believe that I knew the location."" That is the opposite: if Sam didn't believe Helen knew, he wouldn't suspect her of intentional trickery; he'd think she was uninformed.

In the story, Sam is considering that Helen might have tricked him, which suggests he thinks she might have known but lied. So, he doesn't necessarily not believe she knew; he might believe she knew but didn't tell the truth.

The question is about belief in knowledge, not truthfulness.

Let's read the question carefully: ""Sam did not believe that I knew the location"" – meaning Sam thought Helen was unaware of where the store is.

From Sam's words: he doesn't say ""I thought she didn't know""; he says ""she told me, but it was wrong, and maybe she did it on purpose.""

So, he is questioning her intent, not her knowledge per se.

However, for her to have intent to mislead, she must know the correct location. So, if Sam suspects intent, he implicitly believes that Helen knew the location but misstated it.

But the question is whether Sam did not believe she knew. That would be if Sam thought Helen was ignorant.

In the story, there's no indication that Sam thought Helen was ignorant; he thought she might have been dishonest.

Moreover, Pete's response assumes that Helen might have made an honest mistake, meaning she thought she knew but was wrong.

But from Sam's perspective, when he talks to Pete, he is annoyed and suspects trickery, so he might not fully believe in her knowledge, but it's more about trust than belief in knowledge.

The direct answer: based on the story, Sam expressed suspicion that Helen might have sent him to the wrong place on purpose, which implies that he thinks she knew the location but chose to give wrong info. Therefore, he does believe that she knew the location (or could know), but he doubts her honesty.

So, for the question ""Sam did not believe that I knew the location,"" this is likely incorrect because Sam's suspicion suggests he thinks she did know but lied.

If he didn't believe she knew, he wouldn't accuse her of trickery; he'd just think she was mistaken.

Since he accuses her of possibly tricking him, he must believe she had the knowledge to trick him with.

Therefore, Sam probably did believe that Helen knew the location, but he questions whether she told the truth.

So, the answer to ""Is this correct?"" should be no, it is not correct that Sam did not believe Helen knew the location.

Helen says: ""I thought Sam did not believe that I knew the location..."" But based on the story, Sam's actions show he might have believed she knew but doubted her intent.

The question is from Helen's perspective, but I need to answer based on the story.

Finally, the question is: ""Is this correct?"" meaning, is Helen's thought correct?

Based on the story, no, it's not correct because Sam didn't express disbelief in her knowledge; he expressed distrust in her honesty.

So, my answer should be no.",,,,,4.0,I,
H_1,You will be provided a story. At the end there is a yes/no question. Please answer as accurately as possible.,"Meet Sam and Helen. Sam just moved here. Helen: Hi, you're Sam, aren't you? I'm Helen, I'm in the same class as you. Sam: Oh, hey Helen! How are you? Helen: Fine thanks. Are you settling in OK? Sam: Yeah I'm gradually finding my way around, thanks. Hey, you don't happen to know where I can find the nearest store to buy some post stamps? I need to send a card to my granny. Helen: Oh, that's sweet of you. Sam: Yeah but it’s her birthday tomorrow and I can't see her myself, so I'm kind of worried that it’s not going to get there on time. So I really need to send it today but I don't know where to find a store nearby. Helen: Uhm, I think there is one on Chestnut Street, so if you go down to the end of this street and turn left, then it's about half a block down on the left. Sam: Thanks! Helen: No problem. Here’s Sam again. Later Sam meets his friend Pete. Sam: Hi Pete, how are you? Pete: Oh hi Sam how are you? Sam: Yeah, I'm OK. Pete: You don't sound so happy. What's up? Sam: Oh, I'm just a bit annoyed. I was really hoping to send a card to my granny, so I was looking for a store where they would sell post stamps. So I asked Helen, you know her, right? She is in our class. Pete: Yeah, I know Helen! Sam: Well, I asked Helen where I could buy post stamps. She told me there was a store on Chestnut Street. But when I got there, there was a big sign on the door saying it had moved to Bold Street. So I raced over to Bold Street, but I didn't make it on time, the store was already closed. Pete: No way! Sam: Yeah. So now my granny won't get her birthday card on time and I know she'll be really disappointed. Sam: Hey, I've heard that Helen is a bit of a joker. Do you think she would send me to the wrong place on purpose? Pete: Well, did she know how important it was to send the card today? Sam: Yeah I told her it was for granny's birthday tomorrow. Pete: Then I think she probably wouldn't have been deliberately trying to trick you. It was probably an honest mistake.
Pete: Sam thinks that Helen is fooling him. What Sam thinks isn't true. Is this what Pete thought?",Yes,"Yes, Pete thought that Sam's suspicion that Helen was fooling him on purpose was not true. Pete concluded that it was probably an honest mistake, not a deliberate trick, based on Sam confirming that Helen knew how important it was to send the card on time.","First, the user has provided a story and a question at the end: ""Sam thinks that Helen is fooling him. What Sam thinks isn't true. Is this what Pete thought?""

I need to answer this as accurately as possible based on the story.

Let me summarize the key points from the story:

- Sam is new and asks Helen for directions to a store to buy post stamps for his granny's birthday card.

- Helen gives directions to a store on Chestnut Street.

- Sam goes there, finds a sign saying it moved to Bold Street, but when he goes to Bold Street, the store is closed, so he can't send the card on time.

- Sam is annoyed and wonders if Helen sent him to the wrong place on purpose, especially since he's heard Helen is a joker.

- Sam talks to Pete about this.

- Pete asks if Helen knew how important it was, and Sam confirms he told her it was for granny's birthday tomorrow.

- Pete concludes: ""Then I think she probably wouldn't have been deliberately trying to trick you. It was probably an honest mistake.""

Now, the question is: ""Sam thinks that Helen is fooling him. What Sam thinks isn't true. Is this what Pete thought?""

- Sam thinks Helen might be fooling him (i.e., sending him to the wrong place on purpose).

- The statement ""What Sam thinks isn't true"" means that Sam's suspicion is false; Helen did not fool him on purpose.

- The question is asking if Pete thought that Sam's suspicion is false.

From Pete's words: Pete says, ""Then I think she probably wouldn't have been deliberately trying to trick you. It was probably an honest mistake.""

So, Pete is explicitly stating that he doesn't think Helen was deliberately tricking Sam; it was an honest mistake.

Therefore, Pete believes that Sam's thought (that Helen is fooling him) is not true.

The question is: ""Is this what Pete thought?"" where ""this"" refers to ""Sam thinks that Helen is fooling him. What Sam thinks isn't true.""

So, the entire statement is that Sam's suspicion is false, and we're asking if Pete thought that.

Pete did think that Sam's suspicion is false, because he said it was probably an honest mistake.

The question is phrased a bit awkwardly. Let me read it again: ""Sam thinks that Helen is fooling him. What Sam thinks isn't true. Is this what Pete thought?""

It's asking if Pete thought that ""Sam thinks that Helen is fooling him"" and that ""What Sam thinks isn't true"" – but actually, it's probably asking if Pete agreed that Sam's thought is not true.

In context, ""this"" likely refers to the idea that Sam's suspicion is untrue.

Pete explicitly says that Helen probably wasn't deliberately tricking him, so yes, Pete thought that Sam's suspicion is not true.

Therefore, the answer should be yes.

To be precise:

- Sam thinks: Helen is fooling him (deliberately).

- Pete thinks: No, it was an honest mistake, so Sam is wrong.

So, Pete believes that what Sam thinks is not true.

Thus, the answer to ""Is this what Pete thought?"" is yes.",,,,,4.0,I,
H_1,You will be provided a story. At the end there is a yes/no question. Please answer as accurately as possible.,"Meet Sam and Helen. Sam just moved here. Helen: Hi, you're Sam, aren't you? I'm Helen, I'm in the same class as you. Sam: Oh, hey Helen! How are you? Helen: Fine thanks. Are you settling in OK? Sam: Yeah I'm gradually finding my way around, thanks. Hey, you don't happen to know where I can find the nearest store to buy some post stamps? I need to send a card to my granny. Helen: Oh, that's sweet of you. Sam: Yeah but it’s her birthday tomorrow and I can't see her myself, so I'm kind of worried that it’s not going to get there on time. So I really need to send it today but I don't know where to find a store nearby. Helen: Uhm, I think there is one on Chestnut Street, so if you go down to the end of this street and turn left, then it's about half a block down on the left. Sam: Thanks! Helen: No problem. Here’s Sam again. Later Sam meets his friend Pete. Sam: Hi Pete, how are you? Pete: Oh hi Sam how are you? Sam: Yeah, I'm OK. Pete: You don't sound so happy. What's up? Sam: Oh, I'm just a bit annoyed. I was really hoping to send a card to my granny, so I was looking for a store where they would sell post stamps. So I asked Helen, you know her, right? She is in our class. Pete: Yeah, I know Helen! Sam: Well, I asked Helen where I could buy post stamps. She told me there was a store on Chestnut Street. But when I got there, there was a big sign on the door saying it had moved to Bold Street. So I raced over to Bold Street, but I didn't make it on time, the store was already closed. Pete: No way! Sam: Yeah. So now my granny won't get her birthday card on time and I know she'll be really disappointed. Sam: Hey, I've heard that Helen is a bit of a joker. Do you think she would send me to the wrong place on purpose? Pete: Well, did she know how important it was to send the card today? Sam: Yeah I told her it was for granny's birthday tomorrow. Pete: Then I think she probably wouldn't have been deliberately trying to trick you. It was probably an honest mistake.
Sam: When I asked Helen about the location of the store that sells post stamps, she told me that it was on Chestnut street. I told her that it has now moved to Bold Street. I then told all this to Pete. Is this correct?",No,"No. Based on the story, Sam did not tell Helen that the store had moved to Bold Street. He only learned about the move after seeing the sign on Chestnut Street. Sam did tell Pete about the entire incident, including Helen's directions and his experience, but he did not inform Helen of the move.","First, the user has provided a story and asked a yes/no question at the end. I need to answer as accurately as possible based on the story.

The story is about Sam and Helen. Sam asks Helen where to find a store to buy post stamps. Helen says there's one on Chestnut Street. Sam goes there but finds a sign saying it moved to Bold Street. He goes to Bold Street, but it's closed, so he can't send the card on time. Later, Sam talks to Pete and asks if Helen might have tricked him on purpose. Pete says probably not, since Sam told her it was important.

Now, the question from Sam is: ""When I asked Helen about the location of the store that sells post stamps, she told me that it was on Chestnut street. I told her that it has now moved to Bold Street. I then told all this to Pete. Is this correct?""

I need to verify if this statement is true based on the story.

Let's break down Sam's statement:

1. ""When I asked Helen about the location of the store that sells post stamps, she told me that it was on Chestnut street."" – This is true. From the story: Helen says, ""I think there is one on Chestnut Street...""

2. ""I told her that it has now moved to Bold Street."" – Did Sam tell Helen that the store moved? No, in the story, Sam doesn't tell Helen anything about the move. He finds out about the move when he sees the sign on Chestnut Street. The conversation with Helen ends after she gives directions, and Sam says thanks. There's no part where Sam informs Helen about the move.

3. ""I then told all this to Pete."" – Sam did tell Pete about what happened, including that Helen said Chestnut Street, he found the sign, went to Bold Street, and it was closed. So, he told Pete the story, but not that he told Helen about the move.

The key part is: Sam claims he told Helen that the store moved to Bold Street. But in the story, he doesn't do that. He only finds out after talking to Helen.

From the story:

- Sam asks Helen.

- Helen says Chestnut Street.

- Sam goes there and sees the sign about moving to Bold Street.

- Then he talks to Pete and recounts the events.

Nowhere does Sam say that he told Helen about the move. In fact, when he talks to Pete, he's annoyed because he followed Helen's advice and it didn't work out, but he doesn't mention informing Helen.

So, Sam's statement includes a false part: ""I told her that it has now moved to Bold Street."" This didn't happen.

Therefore, the overall statement is not correct because it contains an inaccuracy.

The question is: ""Is this correct?"" Referring to the entire statement.

Answer should be no, because Sam did not tell Helen that the store moved; he found out later.

Finally, I need to answer as accurately as possible, so my response should be ""No.""",,,,,5.0,M,
H_1,You will be provided a story. At the end there is a yes/no question. Please answer as accurately as possible.,"Meet Sam and Helen. Sam just moved here. Helen: Hi, you're Sam, aren't you? I'm Helen, I'm in the same class as you. Sam: Oh, hey Helen! How are you? Helen: Fine thanks. Are you settling in OK? Sam: Yeah I'm gradually finding my way around, thanks. Hey, you don't happen to know where I can find the nearest store to buy some post stamps? I need to send a card to my granny. Helen: Oh, that's sweet of you. Sam: Yeah but it’s her birthday tomorrow and I can't see her myself, so I'm kind of worried that it’s not going to get there on time. So I really need to send it today but I don't know where to find a store nearby. Helen: Uhm, I think there is one on Chestnut Street, so if you go down to the end of this street and turn left, then it's about half a block down on the left. Sam: Thanks! Helen: No problem. Here’s Sam again. Later Sam meets his friend Pete. Sam: Hi Pete, how are you? Pete: Oh hi Sam how are you? Sam: Yeah, I'm OK. Pete: You don't sound so happy. What's up? Sam: Oh, I'm just a bit annoyed. I was really hoping to send a card to my granny, so I was looking for a store where they would sell post stamps. So I asked Helen, you know her, right? She is in our class. Pete: Yeah, I know Helen! Sam: Well, I asked Helen where I could buy post stamps. She told me there was a store on Chestnut Street. But when I got there, there was a big sign on the door saying it had moved to Bold Street. So I raced over to Bold Street, but I didn't make it on time, the store was already closed. Pete: No way! Sam: Yeah. So now my granny won't get her birthday card on time and I know she'll be really disappointed. Sam: Hey, I've heard that Helen is a bit of a joker. Do you think she would send me to the wrong place on purpose? Pete: Well, did she know how important it was to send the card today? Sam: Yeah I told her it was for granny's birthday tomorrow. Pete: Then I think she probably wouldn't have been deliberately trying to trick you. It was probably an honest mistake.
Sam: I asked Helen where there was a store that sells post stamps. I had a card for my grandmother that would arrive on time only if I sent it today. Is this correct?",Yes,"Yes, this is correct. Based on the story, Sam did ask Helen where to find a store that sells post stamps, and he had a card for his grandmother that needed to be sent today to arrive on time for her birthday tomorrow.","First, the user has provided a story and then a question at the end: ""Sam: I asked Helen where there was a store that sells post stamps. I had a card for my grandmother that would arrive on time only if I sent it today. Is this correct?""

I need to answer this as accurately as possible based on the story.

Let me recall the key points from the story:

- Sam asked Helen where to find a store to buy post stamps.

- Helen directed him to Chestnut Street.

- When Sam went there, the store had moved to Bold Street, and he missed the closing time.

- Sam suspects Helen might have tricked him, but Pete thinks it was an honest mistake.

Now, the question is from Sam's perspective: ""I asked Helen where there was a store that sells post stamps. I had a card for my grandmother that would arrive on time only if I sent it today. Is this correct?""

I need to verify if this statement is true based on the story.

From the story:

- Sam did ask Helen where to find a store for post stamps. That's correct.

- Sam had a card for his grandmother, and he needed to send it today for it to arrive on time because her birthday is tomorrow. He said: ""I need to send a card to my granny... it’s her birthday tomorrow and I can't see her myself, so I'm kind of worried that it’s not going to get there on time. So I really need to send it today...""

So, yes, the card would only arrive on time if sent today.

Therefore, Sam's statement is accurate based on the story.

The question is: ""Is this correct?"" referring to the entire statement.

So, my answer should be yes or no.

Based on the story, it is correct.

I should not consider Sam's suspicion about Helen; that's separate. The question is only about the facts stated in Sam's query.

Sam said: ""I asked Helen where there was a store that sells post stamps. I had a card for my grandmother that would arrive on time only if I sent it today.""

From the story:

- He did ask Helen.

- He did have a card for his grandmother.

- It would only arrive on time if sent today, as he expressed concern about not making it on time.

So, yes, it's correct.

Finally, I need to answer as accurately as possible.",,,,,5.0,M,
H_1,You will be provided a story. At the end there is a yes/no question. Please answer as accurately as possible.,"Meet Sam and Helen. Sam just moved here. Helen: Hi, you're Sam, aren't you? I'm Helen, I'm in the same class as you. Sam: Oh, hey Helen! How are you? Helen: Fine thanks. Are you settling in OK? Sam: Yeah I'm gradually finding my way around, thanks. Hey, you don't happen to know where I can find the nearest store to buy some post stamps? I need to send a card to my granny. Helen: Oh, that's sweet of you. Sam: Yeah but it’s her birthday tomorrow and I can't see her myself, so I'm kind of worried that it’s not going to get there on time. So I really need to send it today but I don't know where to find a store nearby. Helen: Uhm, I think there is one on Chestnut Street, so if you go down to the end of this street and turn left, then it's about half a block down on the left. Sam: Thanks! Helen: No problem. Here’s Sam again. Later Sam meets his friend Pete. Sam: Hi Pete, how are you? Pete: Oh hi Sam how are you? Sam: Yeah, I'm OK. Pete: You don't sound so happy. What's up? Sam: Oh, I'm just a bit annoyed. I was really hoping to send a card to my granny, so I was looking for a store where they would sell post stamps. So I asked Helen, you know her, right? She is in our class. Pete: Yeah, I know Helen! Sam: Well, I asked Helen where I could buy post stamps. She told me there was a store on Chestnut Street. But when I got there, there was a big sign on the door saying it had moved to Bold Street. So I raced over to Bold Street, but I didn't make it on time, the store was already closed. Pete: No way! Sam: Yeah. So now my granny won't get her birthday card on time and I know she'll be really disappointed. Sam: Hey, I've heard that Helen is a bit of a joker. Do you think she would send me to the wrong place on purpose? Pete: Well, did she know how important it was to send the card today? Sam: Yeah I told her it was for granny's birthday tomorrow. Pete: Then I think she probably wouldn't have been deliberately trying to trick you. It was probably an honest mistake.
Pete: Do you know what I thought? I thought that Helen wanted Sam to know that she didn't realize that the store was no longer on Chestnut Street. Is this true?",No,"No. Based on the story, there is no evidence that Helen intended or wanted Sam to know that she didn't realize the store had moved. Helen simply provided directions based on her knowledge at the time, and she wasn't present when Sam discovered the issue. Pete's thought is speculative and not supported by any actions or words from Helen in the narrative.","First, the user has provided a story about Sam and Helen, and then there's a question at the end from Pete: ""Do you know what I thought? I thought that Helen wanted Sam to know that she didn't realize that the store was no longer on Chestnut Street. Is this true?""

I need to answer this yes/no question as accurately as possible based on the story.

Let me summarize the key points from the story:

- Sam asks Helen where to buy post stamps.

- Helen directs him to a store on Chestnut Street.

- Sam goes there, finds a sign saying it moved to Bold Street.

- Sam goes to Bold Street, but the store is closed.

- Sam is upset and wonders if Helen tricked him on purpose.

- Pete asks if Helen knew how important it was, and Sam confirms he told her it was for his granny's birthday tomorrow.

- Pete concludes that Helen probably didn't deliberately trick him and it was an honest mistake.

Now, the question is about Pete's thought: ""I thought that Helen wanted Sam to know that she didn't realize that the store was no longer on Chestnut Street. Is this true?""

The question is phrased as ""Is this true?"" referring to Pete's thought.

But in the story, Pete doesn't actually say this thought out loud. Let's look back at the dialogue:

Pete says: ""Then I think she probably wouldn't have been deliberately trying to trick you. It was probably an honest mistake.""

Then Pete says: ""Do you know what I thought? I thought that Helen wanted Sam to know that she didn't realize that the store was no longer on Chestnut Street. Is this true?""

This seems like Pete is expressing a thought, but in the context, it might be part of the story or a separate query. The user has included this as part of the story, but it's a bit ambiguous.

Reading the end: ""Pete: Do you know what I thought? I thought that Helen wanted Sam to know that she didn't realize that the store was no longer on Chestnut Street. Is this true?""

This is presented as dialogue from Pete, and then he asks ""Is this true?"" which might be directed at Sam or perhaps it's a meta-question for me to answer.

The user says: ""Please answer as accurately as possible."" So I need to interpret this.

The question is: ""Is this true?"" referring to Pete's thought that Helen wanted Sam to know she didn't realize the store had moved.

But in the story, Helen never explicitly says or indicates that she wanted Sam to know she didn't realize. Helen simply gave directions based on what she knew.

From the story, when Sam asks Helen, she says: ""Uhm, I think there is one on Chestnut Street..."" which implies she believes it's there, but she might not be sure or might not know it moved.

Later, when Sam finds out it moved, Helen isn't present; he's talking to Pete.

There's no indication that Helen intended to communicate anything to Sam about not realizing. She just gave the information she had.

Pete's thought is that Helen wanted Sam to know she didn't realize, but did Helen actually want that? From the story, Helen doesn't have any interaction after Sam discovers the issue. So, Helen didn't have a chance to express anything.

Moreover, Pete is speculating based on what Sam told him.

The accuracy: Based on the story, Helen didn't explicitly say or do anything to indicate that she wanted Sam to know she didn't realize. She simply provided directions in good faith.

Pete concludes it was an honest mistake, which aligns with Helen not deliberately misleading, but the specific thought about Helen wanting Sam to know she didn't realize isn't supported by the story.

In fact, Helen might not even be aware that she was wrong until later, if at all, since Sam doesn't confront her in this part of the story.

So, is it true that Helen wanted Sam to know she didn't realize? Probably not, because there's no evidence of that desire or communication from Helen.

The question is about Pete's thought: ""I thought that..."" and then asking if it's true.

But Pete's thought is his interpretation, and I need to evaluate if that interpretation is accurate based on the story.

From the story, Helen's actions: she said ""I think there is one on Chestnut Street,"" which shows she wasn't certain, but she didn't say anything like ""I might be wrong"" or ""let me check."" She just gave the information.

After Sam finds out, he doesn't talk to Helen again in this snippet.

So, Helen didn't express any desire for Sam to know she didn't realize; it's all in Pete's imagination or assumption.

Therefore, Pete's thought is not necessarily true; it's just his opinion.

The question is ""Is this true?"" which likely means is Pete's thought accurate.

Based on the story, no, it's not true that Helen wanted Sam to know she didn't realize, because there's no indication of that.

Helen might feel bad if she found out, but she hasn't had the chance to communicate anything.

So, my answer should be no.

But let's confirm the question: ""Is this true?"" referring to ""Helen wanted Sam to know that she didn't realize...""

Wanted implies intention, but Helen didn't express any intention in the story.

Thus, accurately, it's not true.

Answer: No.",,,,,5.0,I,
H_3,You will be provided a story. At the end there is a yes/no question. Please answer as accurately as possible.,"Meet Hannah. She is late for the lunch break and when she comes in, all the places are taken. Then, she discovers there is a free chair next to Ama and her boyfriend, Matthias. Hannah: Hi guys, I'm late, can I sit here? Ama: Oh actually, I was saving that seat for Abi. Hannah: Oh, okay. Ama: Sorry! Hannah meets Carolyn. Hannah: Hey Carolyn, can I sit here? Carolyn: Sure. Carolyn: Hey are you OK? You look a bit upset. Hannah: Yeah I'm alright, it's just that Ama is so mean sometimes. Carolyn: What happened? Hannah: Well, I came in to lunch a bit late, and there were hardly any seats left, but when I asked if I could sit at the table with her and Matthias and their friends, Ama said she was saving the seat for Abi! Carolyn: So? Ama and Abi always save seats for each other. Hannah: But Abi went home sick this morning! So Ama couldn't have been saving the seat for her. She was just making up an excuse. Hannah: I think the real reason that she didn't want me to sit with them is that she's jealous. She thinks her boyfriend Matthias has a crush on me, but it isn't true! Carolyn: Well, I didn't know that Abi was off sick. I was in a rehearsal all morning, and actually, Ama was there too, so she probably didn't know either that Abi had gone home. Carolyn: Besides, we sat with her and Matthias at lunch yesterday and that didn't bother her. So I don't think she's jealous of you.
Abi: I sat at the table with Carolyn. Is this correct?",No,"No, this is not correct. Based on the story, Abi went home sick and was not present at lunch. Hannah sat with Carolyn, not Abi.","First, the user has provided a story and then asked a question at the end: ""Abi: I sat at the table with Carolyn. Is this correct?"" I need to answer this as accurately as possible based on the story.

Let me read the story carefully to understand what happened.

The story is about Hannah being late for lunch. She tries to sit with Ama and Matthias, but Ama says she's saving the seat for Abi. Hannah then sits with Carolyn, and they have a conversation about why Ama might have refused her. Carolyn suggests that Ama might not have known Abi was sick because Ama was in a rehearsal all morning, just like Carolyn. Also, Carolyn mentions that they sat with Ama and Matthias yesterday without any issues, so she doesn't think Ama is jealous.

Now, the question is from Abi: ""I sat at the table with Carolyn. Is this correct?"" But in the story, Abi is mentioned as being sick and having gone home, so Abi isn't present at the lunch. Hannah is the one who sat with Carolyn.

Let me confirm the sequence:

- Hannah asks to sit with Ama and Matthias.

- Ama says she's saving the seat for Abi.

- Hannah then goes to Carolyn and asks to sit with her, and Carolyn agrees.

- They talk, and Hannah sits with Carolyn.

Abi is not present; she went home sick. So, Abi did not sit at the table with Carolyn. Hannah did.

The question is phrased as if Abi is speaking: ""Abi: I sat at the table with Carolyn."" But based on the story, that didn't happen. Abi was not there.

I need to answer the question accurately. The question is ""Is this correct?"" referring to Abi's statement that she sat with Carolyn.

From the story, Abi was sick and went home, so she couldn't have sat with anyone at lunch. Therefore, Abi did not sit with Carolyn; Hannah did.

So, my answer should be no, it's not correct.

Additionally, the story ends with Carolyn's perspective, but there's no mention of Abi being present. In fact, Hannah explicitly says that Abi went home sick, and Carolyn confirms that she didn't know about it, implying Abi wasn't there.

Therefore, the statement ""Abi sat at the table with Carolyn"" is false based on the story.",,,,,1.0,M,
H_3,You will be provided a story. At the end there is a yes/no question. Please answer as accurately as possible.,"Meet Hannah. She is late for the lunch break and when she comes in, all the places are taken. Then, she discovers there is a free chair next to Ama and her boyfriend, Matthias. Hannah: Hi guys, I'm late, can I sit here? Ama: Oh actually, I was saving that seat for Abi. Hannah: Oh, okay. Ama: Sorry! Hannah meets Carolyn. Hannah: Hey Carolyn, can I sit here? Carolyn: Sure. Carolyn: Hey are you OK? You look a bit upset. Hannah: Yeah I'm alright, it's just that Ama is so mean sometimes. Carolyn: What happened? Hannah: Well, I came in to lunch a bit late, and there were hardly any seats left, but when I asked if I could sit at the table with her and Matthias and their friends, Ama said she was saving the seat for Abi! Carolyn: So? Ama and Abi always save seats for each other. Hannah: But Abi went home sick this morning! So Ama couldn't have been saving the seat for her. She was just making up an excuse. Hannah: I think the real reason that she didn't want me to sit with them is that she's jealous. She thinks her boyfriend Matthias has a crush on me, but it isn't true! Carolyn: Well, I didn't know that Abi was off sick. I was in a rehearsal all morning, and actually, Ama was there too, so she probably didn't know either that Abi had gone home. Carolyn: Besides, we sat with her and Matthias at lunch yesterday and that didn't bother her. So I don't think she's jealous of you.
Matthias: I am Ama's boyfriend. Is this correct?",Yes,Yes.,"First, the user has provided a story and then a question at the end: ""Matthias: I am Ama's boyfriend. Is this correct?""

I need to answer this yes/no question as accurately as possible based on the story.

Let me read through the story carefully.

- Hannah is late for lunch.

- All places are taken, but she finds a free chair next to Ama and her boyfriend, Matthias.

- Hannah asks to sit there.

- Ama says she's saving the seat for Abi.

- Hannah says okay and then meets Carolyn.

- Hannah sits with Carolyn and expresses that Ama is mean, explaining the situation.

- Hannah claims that Abi went home sick, so Ama couldn't be saving the seat for her, implying Ama is making an excuse.

- Hannah thinks Ama is jealous because she believes Matthias has a crush on her.

- Carolyn responds that she didn't know Abi was off sick and that Ama was in a rehearsal all morning, so Ama probably didn't know either.

- Carolyn also says they sat with Ama and Matthias yesterday without issue, so she doesn't think Ama is jealous.

The question is from Matthias: ""I am Ama's boyfriend. Is this correct?""

In the story, it's explicitly stated: ""Ama and her boyfriend, Matthias."" So, directly from the text, Matthias is introduced as Ama's boyfriend.

The question is phrased as if Matthias is saying it, but it's part of the narrative. I need to confirm if this statement is true based on the story.

Based on the story:

- ""she discovers there is a free chair next to Ama and her boyfriend, Matthias."" This clearly states that Matthias is Ama's boyfriend.

- Later, Hannah says: ""Ama and Matthias and their friends"" and ""her boyfriend Matthias.""

- Carolyn also refers to ""Ama and Matthias.""

So, throughout the story, it's consistently mentioned that Matthias is Ama's boyfriend.

Therefore, the statement ""I am Ama's boyfriend"" from Matthias is correct.

The question is yes/no, so I should answer with ""yes"" or ""no"".

My answer should be as accurate as possible, so I'll say ""yes"".

Finally, I need to box my answer as per the instruction.",,,,,1.0,M,
H_3,You will be provided a story. At the end there is a yes/no question. Please answer as accurately as possible.,"Meet Hannah. She is late for the lunch break and when she comes in, all the places are taken. Then, she discovers there is a free chair next to Ama and her boyfriend, Matthias. Hannah: Hi guys, I'm late, can I sit here? Ama: Oh actually, I was saving that seat for Abi. Hannah: Oh, okay. Ama: Sorry! Hannah meets Carolyn. Hannah: Hey Carolyn, can I sit here? Carolyn: Sure. Carolyn: Hey are you OK? You look a bit upset. Hannah: Yeah I'm alright, it's just that Ama is so mean sometimes. Carolyn: What happened? Hannah: Well, I came in to lunch a bit late, and there were hardly any seats left, but when I asked if I could sit at the table with her and Matthias and their friends, Ama said she was saving the seat for Abi! Carolyn: So? Ama and Abi always save seats for each other. Hannah: But Abi went home sick this morning! So Ama couldn't have been saving the seat for her. She was just making up an excuse. Hannah: I think the real reason that she didn't want me to sit with them is that she's jealous. She thinks her boyfriend Matthias has a crush on me, but it isn't true! Carolyn: Well, I didn't know that Abi was off sick. I was in a rehearsal all morning, and actually, Ama was there too, so she probably didn't know either that Abi had gone home. Carolyn: Besides, we sat with her and Matthias at lunch yesterday and that didn't bother her. So I don't think she's jealous of you.
Carolyn: I told Hannah that Ama was at the rehearsal.ÊIs that correct?",Yes,yes,"First, the user is asking me to answer a yes/no question at the end of the story. The question is: ""Carolyn: I told Hannah that Ama was at the rehearsal. Is that correct?""

I need to recall the story accurately. Let me read through it again.

From the story:

- Carolyn says: ""I was in a rehearsal all morning, and actually, Ama was there too...""

So, Carolyn is telling Hannah that Ama was at the rehearsal.

The question is whether Carolyn told Hannah that Ama was at the rehearsal. From the dialogue, Carolyn explicitly says: ""I was in a rehearsal all morning, and actually, Ama was there too...""

Therefore, Carolyn did tell Hannah that Ama was at the rehearsal.

The question is phrased as ""Carolyn: I told Hannah that Ama was at the rehearsal. Is that correct?"" This seems like a statement from Carolyn, but in the context, it's part of the story, and I need to verify if this statement is true based on the story.

In the story, Carolyn does say that Ama was at the rehearsal. So, yes, Carolyn told Hannah that.

The question is: ""Is that correct?"" meaning, is it correct that Carolyn told Hannah that Ama was at the rehearsal.

Based on the dialogue, yes, it is correct.

I need to answer as accurately as possible, so my answer should be ""yes"" or ""no"".

Finally, my response should be just the answer, as per the instruction: ""Please answer as accurately as possible."" So, I should output ""yes"" or ""no"".

Confirming the story: Carolyn says: ""I was in a rehearsal all morning, and actually, Ama was there too..."" This is directly from the text.

So, Carolyn did tell Hannah that Ama was at the rehearsal.

Answer: yes.",,,,,2.0,M,
H_3,You will be provided a story. At the end there is a yes/no question. Please answer as accurately as possible.,"Meet Hannah. She is late for the lunch break and when she comes in, all the places are taken. Then, she discovers there is a free chair next to Ama and her boyfriend, Matthias. Hannah: Hi guys, I'm late, can I sit here? Ama: Oh actually, I was saving that seat for Abi. Hannah: Oh, okay. Ama: Sorry! Hannah meets Carolyn. Hannah: Hey Carolyn, can I sit here? Carolyn: Sure. Carolyn: Hey are you OK? You look a bit upset. Hannah: Yeah I'm alright, it's just that Ama is so mean sometimes. Carolyn: What happened? Hannah: Well, I came in to lunch a bit late, and there were hardly any seats left, but when I asked if I could sit at the table with her and Matthias and their friends, Ama said she was saving the seat for Abi! Carolyn: So? Ama and Abi always save seats for each other. Hannah: But Abi went home sick this morning! So Ama couldn't have been saving the seat for her. She was just making up an excuse. Hannah: I think the real reason that she didn't want me to sit with them is that she's jealous. She thinks her boyfriend Matthias has a crush on me, but it isn't true! Carolyn: Well, I didn't know that Abi was off sick. I was in a rehearsal all morning, and actually, Ama was there too, so she probably didn't know either that Abi had gone home. Carolyn: Besides, we sat with her and Matthias at lunch yesterday and that didn't bother her. So I don't think she's jealous of you.
Hannah: I wanted to sit at the table with Ama. Is that correct?",Yes,"Yes, based on the story, it is correct that Hannah wanted to sit at the table with Ama. This is evident from her initial request to sit next to Ama and Matthias, and her subsequent expression of disappointment to Carolyn about not being able to join them.","First, the user has provided a story and a question at the end: ""Hannah: I wanted to sit at the table with Ama. Is that correct?""

I need to answer this yes/no question as accurately as possible based on the story.

Let me read the story carefully.

- Hannah is late for lunch.

- All places are taken, but she finds a free chair next to Ama and Matthias.

- Hannah asks to sit there.

- Ama says she's saving the seat for Abi.

- Hannah says okay and then meets Carolyn.

- Hannah asks Carolyn if she can sit with her, and Carolyn agrees.

- Carolyn notices Hannah is upset.

- Hannah explains that Ama said she was saving the seat for Abi, but Abi went home sick, so Hannah thinks Ama was lying and is jealous because of Matthias.

- Carolyn points out that Ama was in a rehearsal all morning and probably didn't know Abi was sick.

- Carolyn also mentions that they sat with Ama and Matthias yesterday without any issue.

- The question is from Hannah: ""I wanted to sit at the table with Ama. Is that correct?""

The question is phrased as Hannah stating something and asking if it's correct. Specifically, ""I wanted to sit at the table with Ama."" And then ""Is that correct?"" which is asking if that statement is true.

So, I need to verify if Hannah indeed wanted to sit at the table with Ama.

From the story:

- Hannah comes in late and sees a free chair next to Ama and Matthias.

- She asks, ""Hi guys, I'm late, can I sit here?"" directed at Ama and Matthias.

- This shows that she wanted to sit at that table, which includes Ama.

After being refused, she goes to Carolyn and sits with her, but she expresses that she wanted to sit with Ama and is upset about it.

In her conversation with Carolyn, she says: ""I came in to lunch a bit late, and there were hardly any seats left, but when I asked if I could sit at the table with her and Matthias and their friends..."" This confirms that she asked to sit at Ama's table.

Also, later she says: ""I think the real reason that she didn't want me to sit with them is that she's jealous."" Again, referring to sitting with Ama and the group.

Finally, the question itself is Hannah saying ""I wanted to sit at the table with Ama."" which aligns with her actions and words in the story.

So, based on the story, it is correct that Hannah wanted to sit at the table with Ama.

The question is not about whether Ama was lying or jealous; it's specifically about Hannah's desire to sit with Ama.

Therefore, the answer should be yes.

To be precise: The statement ""I wanted to sit at the table with Ama"" is true based on Hannah's actions and words in the story.",,,,,2.0,I,
H_3,You will be provided a story. At the end there is a yes/no question. Please answer as accurately as possible.,"Meet Hannah. She is late for the lunch break and when she comes in, all the places are taken. Then, she discovers there is a free chair next to Ama and her boyfriend, Matthias. Hannah: Hi guys, I'm late, can I sit here? Ama: Oh actually, I was saving that seat for Abi. Hannah: Oh, okay. Ama: Sorry! Hannah meets Carolyn. Hannah: Hey Carolyn, can I sit here? Carolyn: Sure. Carolyn: Hey are you OK? You look a bit upset. Hannah: Yeah I'm alright, it's just that Ama is so mean sometimes. Carolyn: What happened? Hannah: Well, I came in to lunch a bit late, and there were hardly any seats left, but when I asked if I could sit at the table with her and Matthias and their friends, Ama said she was saving the seat for Abi! Carolyn: So? Ama and Abi always save seats for each other. Hannah: But Abi went home sick this morning! So Ama couldn't have been saving the seat for her. She was just making up an excuse. Hannah: I think the real reason that she didn't want me to sit with them is that she's jealous. She thinks her boyfriend Matthias has a crush on me, but it isn't true! Carolyn: Well, I didn't know that Abi was off sick. I was in a rehearsal all morning, and actually, Ama was there too, so she probably didn't know either that Abi had gone home. Carolyn: Besides, we sat with her and Matthias at lunch yesterday and that didn't bother her. So I don't think she's jealous of you.
Ama: I knew that Abi had gone home sick. Is this true?",No,"Based on the story provided, Carolyn states that she was in rehearsal all morning with Ama and that Ama probably did not know that Abi had gone home sick. There is no evidence in the story to confirm that Ama knew about Abi's absence before making the statement about saving the seat. Therefore, Ama's claim that she knew Abi had gone home sick is not supported by the information given, and it is likely not true.

**Answer: No**","First, the user has given me a story and a question at the end. The question is: ""Ama: I knew that Abi had gone home sick. Is this true?""

I need to answer this as accurately as possible based on the story provided.

Let me read through the story carefully.

- Hannah is late for lunch.

- She finds a free chair next to Ama and Matthias.

- Ama says she's saving the seat for Abi.

- Hannah sits with Carolyn instead.

- Hannah tells Carolyn that Ama is mean because Abi went home sick, so Ama couldn't have been saving the seat for her.

- Carolyn suggests that Ama might not have known Abi was sick because she was in rehearsal all morning, and Ama was there too.

- Carolyn also says they sat together yesterday without issue.

- Then, at the end, it says: ""Ama: I knew that Abi had gone home sick. Is this true?""

The question is phrased as Ama saying she knew, and asking if this is true. But in the context, this seems like a statement from Ama, and then the question is whether it's true that Ama knew.

I need to determine from the story if Ama knew that Abi had gone home sick.

Key points from the story:

- Hannah claims that Abi went home sick this morning.

- Carolyn says she didn't know Abi was off sick because she was in rehearsal, and Ama was there too, implying Ama might not have known.

- Carolyn says: ""Ama was there too, so she probably didn't know either that Abi had gone home.""

So, based on Carolyn's statement, it's suggested that Ama did not know about Abi being sick.

But then, at the end, Ama says: ""I knew that Abi had gone home sick."" And then asks if this is true.

The question is: ""Is this true?"" referring to Ama's claim that she knew.

To answer accurately, I need to see what evidence is in the story.

From Carolyn's dialogue: ""Ama was there too, so she probably didn't know either."" This is Carolyn's assumption or belief.

There's no direct evidence in the story that confirms whether Ama knew or not. The story doesn't provide any information beyond what the characters say.

Hannah says Abi went home sick, but we don't have confirmation from an omniscient narrator.

The story is presented as a dialogue, so I have to infer from the characters' words.

Ama's statement at the end: ""I knew that Abi had gone home sick."" This is new information; it's Ama claiming she knew.

The question is asking if this claim is true.

But in the context of the story, this might be part of the narrative, and I need to evaluate it.

Perhaps the ""Ama: I knew..."" is part of the story, and the question is whether that statement is true based on earlier parts.

Let's read the end again: ""Ama: I knew that Abi had gone home sick. Is this true?""

It seems like the user is presenting this as a question for me to answer based on the story.

In the story, Carolyn suggests that Ama probably didn't know, but Ama now claims she did know.

Is there any contradiction?

From the story:

- When Hannah asked to sit, Ama said she was saving the seat for Abi.

- If Abi was sick and gone home, and Ama knew, then Ama might have been lying about saving the seat, which supports Hannah's claim that Ama was making an excuse.

- If Ama didn't know, then she might have genuinely thought Abi was coming.

Carolyn says Ama was in rehearsal all morning, so she might not have heard about Abi being sick.

But Ama now claims she knew.

The story doesn't provide any objective truth; it's all from characters' perspectives.

As the AI, I need to answer based on the information given.

The question is: ""Is this true?"" meaning is it true that Ama knew.

Based on Carolyn's statement, it's probable that Ama did not know, but Ama is now saying she did.

Perhaps this is a trick, and I need to see if Ama's claim is consistent.

Maybe the ""Ama: I knew..."" is not part of the story but a separate question.

Let's look at the input format.

The user says: ""You will be provided a story. At the end there is a yes/no question. Please answer as accurately as possible.""

Then the story is given, and at the end: ""Ama: I knew that Abi had gone home sick. Is this true?""

So, ""Is this true?"" is the yes/no question I need to answer.

But what is ""this""? It refers to Ama's statement that she knew.

To answer if it's true, I need evidence from the story.

From the story, the only information is:

- Hannah says Abi went home sick.

- Carolyn says she didn't know, and Ama probably didn't know because they were both in rehearsal.

There is no indication that Ama knew. In fact, Carolyn's statement suggests she didn't.

Ama's claim at the end is new and contradicts Carolyn's assumption.

But since the story doesn't confirm either way, I might have to go with the information presented.

Perhaps Ama's statement is part of the story, and I need to consider it.

Maybe the question is asking if Ama's claim is true in the context of the story.

But the story ends with Ama saying that, and then the question.

I think I need to infer from the dialogue.

Let's list the facts:

- Abi went home sick (assumed true from Hannah's statement, as Carolyn doesn't dispute it).

- Carolyn was in rehearsal all morning and didn't know.

- Ama was also in rehearsal, according to Carolyn.

- Carolyn says Ama probably didn't know.

- Ama now claims she knew.

Is there any reason to believe Ama knew?

From Ama's initial response: when Hannah asked to sit, Ama said she was saving the seat for Abi. If Ama knew Abi was sick, why would she save the seat? That would be illogical, unless she was lying, which is what Hannah suspects.

If Ama didn't know, she might genuinely have been saving it.

Carolyn points out that Ama and Abi always save seats for each other, so it could be a habit.

But Ama claiming she knew now suggests that she was lying earlier, which aligns with Hannah's jealousy theory.

However, the question is not about whether Ama was lying, but whether she knew.

The question is: ""Is this true?"" referring to ""I knew that Abi had gone home sick.""

Based on the story, before Ama's statement, the evidence suggests she did not know, from Carolyn's perspective.

But Ama is now saying she did know.

Since the story doesn't provide an omniscient view, I have to go with the characters' statements.

Perhaps the ""Ama: I knew..."" is not part of the narrative but is the question itself.

Let's read the input carefully.

The user provides the story, and then says: ""Ama: I knew that Abi had gone home sick. Is this true?""

I think ""Ama: I knew..."" is part of the story or the setup, and ""Is this true?"" is the question I need to answer.

To answer, I should consider if, based on the story, Ama knew.

From Carolyn's dialogue, it's implied that Ama did not know.

Carolyn says: ""Ama was there too, so she probably didn't know either.""

So, probably not.

But Ama is claiming she did know.

This might be a contradiction for me to resolve.

Perhaps in the context, Ama is speaking now, and I need to see if her claim is believable.

But the story doesn't give more information.

Another way: the question might be asking if it's true that Abi went home sick, but that's not what it says. It says ""I knew that Abi had gone home sick,"" so it's about Ama's knowledge.

Let's assume that Abi did go home sick, as Hannah stated, and Carolyn didn't dispute it.

Now, did Ama know?

From Carolyn, she probably didn't.

Ama says she did.

But since Carolyn's statement is earlier, and Ama's is later, perhaps Ama is revealing the truth.

However, as the AI, I should base my answer on the information provided up to that point.

The story ends with Ama's statement and the question, so I need to evaluate Ama's claim.

Perhaps the most accurate answer is that based on Carolyn's statement, it is not true that Ama knew, but Ama is now claiming otherwise.

But the question is ""Is this true?"" meaning is Ama's statement true.

If I have to choose yes or no, I should say no, because Carolyn suggested she didn't know.

Let's see the dialogue:

Carolyn: ""I was in a rehearsal all morning, and actually, Ama was there too, so she probably didn't know either that Abi had gone home.""

So, Carolyn believes Ama did not know.

Ama now says she knew.

So, there is a conflict.

But since the story doesn't provide external confirmation, I might have to go with the initial implication.

Perhaps Ama's statement is part of the question, and I need to answer based on the story before that.

The user said ""at the end there is a yes/no question"", so ""Is this true?"" is the question, and ""this"" refers to the preceding statement.

The preceding statement is ""Ama: I knew that Abi had gone home sick.""

So, the question is whether Ama's claim is true.

To answer, I need to see if the story supports that Ama knew.

From the story, the only evidence is Carolyn's statement that she probably didn't know.

Therefore, it is likely not true that Ama knew.

But Ama is saying she did, so perhaps it is true now.

I think I'm overcomplicating it.

Let's think about what the user expects.

The story is about Hannah feeling slighted, and Carolyn defending Ama by saying she probably didn't know.

Then Ama claims she knew, which would mean that Ama was indeed making an excuse, supporting Hannah's view.

But the question is simply whether Ama's statement is true.

Since there's no evidence in the story that Ama knew, and Carolyn said she probably didn't, I should answer that it is not true.

But Ama is asserting it, so in the context, it might be true.

Perhaps the ""Ama: I knew..."" is not part of the story but is the question itself, meaning the user is asking if Ama knew.

Let's look at the input format.

The user says: ""You will be provided a story. At the end there is a yes/no question.""

Then the story is from ""Meet Hannah"" to ""Carolyn: Besides, we sat with her and Matthias at lunch yesterday and that didn't bother her. So I don't think she's jealous of you.""

Then it says ""Ama: I knew that Abi had gone home sick. Is this true?""

So, ""Ama: I knew..."" seems like it's part of the story or the setup for the question.

I think ""Ama: I knew that Abi had gone home sick"" is a statement, and ""Is this true?"" is the question I need to answer.

To answer accurately, based on the story, before this statement, there is no indication that Ama knew; in fact, Carolyn suggests she didn't.

Therefore, it is not true that Ama knew, or at least, not supported by the story.

But since Ama is saying it, perhaps in the narrative, it is true now.

However, as the AI, I should stick to the information given.

Perhaps the question is asking if it's true that Abi went home sick, but that's not what it says. It says ""I knew that Abi had gone home sick,"" so it's about Ama's knowledge.

Another idea: maybe ""this"" refers to the fact that Abi went home sick, but the sentence is ""I knew that Abi had gone home sick,"" so ""this"" could be the entire clause, but typically, ""is this true?"" refers to the statement made.

In English, ""Is this true?"" after a statement means is the statement true.

So, is it true that Ama knew that Abi had gone home sick.

From the story, based on Carolyn's words, it is probably not true.

Therefore, I should answer no.

But let's see if there's any hint.

When Ama said she was saving the seat for Abi, if she knew Abi was sick, she wouldn't need to save it, so she might be lying.

But that doesn't prove she knew; it could be that she didn't know and was saving it genuinely.

Carolyn's statement is the only direct evidence about knowledge.

Carolyn says ""she probably didn't know,"" which implies that it is not certain, but likely she didn't.

So, for accuracy, I can say that it is not true that Ama knew, or that it is unlikely.

But since it's a yes/no question, I need to choose.

Perhaps the answer is no.

I recall that in some contexts, the AI might need to infer.

Another thought: the story might be incomplete, but I have to work with what's given.

Let's assume that Abi did go home sick, as stated by Hannah.

Now, for Ama to know, she must have been informed.

Carolyn says both were in rehearsal, so perhaps they didn't hear the news.

Ama claiming she knew could be a lie or the truth.

But based on the story, before Ama's statement, the implication is that she didn't know.

Therefore, for the question ""Is this true?"" referring to Ama's claim, I should answer no.

Perhaps the user is testing if I understand that Carolyn's defense is valid.

I think I'll go with no.

So, my answer should be no, it is not true that Ama knew.",,,,,2.0,I,
H_3,You will be provided a story. At the end there is a yes/no question. Please answer as accurately as possible.,"Meet Hannah. She is late for the lunch break and when she comes in, all the places are taken. Then, she discovers there is a free chair next to Ama and her boyfriend, Matthias. Hannah: Hi guys, I'm late, can I sit here? Ama: Oh actually, I was saving that seat for Abi. Hannah: Oh, okay. Ama: Sorry! Hannah meets Carolyn. Hannah: Hey Carolyn, can I sit here? Carolyn: Sure. Carolyn: Hey are you OK? You look a bit upset. Hannah: Yeah I'm alright, it's just that Ama is so mean sometimes. Carolyn: What happened? Hannah: Well, I came in to lunch a bit late, and there were hardly any seats left, but when I asked if I could sit at the table with her and Matthias and their friends, Ama said she was saving the seat for Abi! Carolyn: So? Ama and Abi always save seats for each other. Hannah: But Abi went home sick this morning! So Ama couldn't have been saving the seat for her. She was just making up an excuse. Hannah: I think the real reason that she didn't want me to sit with them is that she's jealous. She thinks her boyfriend Matthias has a crush on me, but it isn't true! Carolyn: Well, I didn't know that Abi was off sick. I was in a rehearsal all morning, and actually, Ama was there too, so she probably didn't know either that Abi had gone home. Carolyn: Besides, we sat with her and Matthias at lunch yesterday and that didn't bother her. So I don't think she's jealous of you.
Ama: I told Hannah that Abi had gone home sick. Is this true?",No,"No, this is not true. Based on the story, Ama only told Hannah that she was saving the seat for Abi. She did not mention anything about Abi being sick. Hannah is the one who later revealed that Abi had gone home sick, and Carolyn suggested that Ama might not have known about it because she was in a rehearsal all morning.","First, the user has provided a story and a question at the end: ""Ama: I told Hannah that Abi had gone home sick. Is this true?""

I need to answer this as accurately as possible based on the story.

Let's recall the story:

- Hannah is late for lunch and finds all places taken except a chair next to Ama and Matthias.

- Hannah asks to sit there, but Ama says she's saving it for Abi.

- Hannah then sits with Carolyn and complains about Ama.

- Hannah says that Abi went home sick this morning, so Ama couldn't be saving the seat for her, implying Ama was lying.

- Carolyn suggests that Ama might not have known Abi was sick because Ama was in a rehearsal all morning, and Carolyn was too, so Ama probably didn't know.

- Carolyn also mentions that they sat together yesterday without issue, so she doesn't think Ama is jealous.

Now, the question is: ""Ama: I told Hannah that Abi had gone home sick. Is this true?""

From the story, when did Ama say this? Let's look back.

In the initial interaction:

- Hannah: Hi guys, I'm late, can I sit here?

- Ama: Oh actually, I was saving that seat for Abi.

Ama said she was saving the seat for Abi, but she did not say anything about Abi being sick at that point.

Later, Hannah tells Carolyn: ""But Abi went home sick this morning! So Ama couldn't have been saving the seat for her.""

And Carolyn responds: ""I didn't know that Abi was off sick. I was in a rehearsal all morning, and actually, Ama was there too, so she probably didn't know either that Abi had gone home.""

So, from the story, Ama never explicitly told Hannah that Abi had gone home sick. Ama only said she was saving the seat for Abi.

The question is phrased as ""Ama: I told Hannah that Abi had gone home sick."" But in the story, Ama didn't say that. Ama just said she was saving the seat, not why or that Abi was sick.

Hannah is the one who brought up that Abi was sick, not Ama.

Therefore, the statement ""Ama told Hannah that Abi had gone home sick"" is not true based on the story.

Confirming: The dialogue has Ama saying she was saving the seat for Abi, but no mention of sickness from Ama. Hannah is the one who mentions Abi being sick.

So, the answer should be no, it's not true.

The question is: ""Ama: I told Hannah that Abi had gone home sick. Is this true?""

This seems like a meta-statement, perhaps from Ama's perspective, but in the context, it's part of the story's end question.

I need to answer based on the story provided.

Final answer: No, Ama did not tell Hannah that Abi had gone home sick. Ama only said she was saving the seat for Abi.",,,,,2.0,M,
H_3,You will be provided a story. At the end there is a yes/no question. Please answer as accurately as possible.,"Meet Hannah. She is late for the lunch break and when she comes in, all the places are taken. Then, she discovers there is a free chair next to Ama and her boyfriend, Matthias. Hannah: Hi guys, I'm late, can I sit here? Ama: Oh actually, I was saving that seat for Abi. Hannah: Oh, okay. Ama: Sorry! Hannah meets Carolyn. Hannah: Hey Carolyn, can I sit here? Carolyn: Sure. Carolyn: Hey are you OK? You look a bit upset. Hannah: Yeah I'm alright, it's just that Ama is so mean sometimes. Carolyn: What happened? Hannah: Well, I came in to lunch a bit late, and there were hardly any seats left, but when I asked if I could sit at the table with her and Matthias and their friends, Ama said she was saving the seat for Abi! Carolyn: So? Ama and Abi always save seats for each other. Hannah: But Abi went home sick this morning! So Ama couldn't have been saving the seat for her. She was just making up an excuse. Hannah: I think the real reason that she didn't want me to sit with them is that she's jealous. She thinks her boyfriend Matthias has a crush on me, but it isn't true! Carolyn: Well, I didn't know that Abi was off sick. I was in a rehearsal all morning, and actually, Ama was there too, so she probably didn't know either that Abi had gone home. Carolyn: Besides, we sat with her and Matthias at lunch yesterday and that didn't bother her. So I don't think she's jealous of you.
Carolyn: I thought that Hannah liked Matthias (Ama's boyfriend). Is this correct?",No,"No, based on the story provided, there is no evidence that Hannah likes Matthias. Hannah denies that Matthias has a crush on her and expresses frustration with Ama's behavior, but she does not indicate any personal feelings towards Matthias. Carolyn's thought is presented as a suspicion without confirmation from Hannah or the narrative. Therefore, it is not correct to say that Hannah likes Matthias.","First, the user has provided a story about Hannah, Ama, Matthias, and Carolyn. At the end, there's a question: ""I thought that Hannah liked Matthias (Ama's boyfriend). Is this correct?""

I need to answer this yes/no question as accurately as possible based on the story.

Let me read the story carefully:

- Hannah is late for lunch and finds all places taken except a free chair next to Ama and Matthias.

- She asks to sit there, but Ama says she's saving it for Abi.

- Hannah then sits with Carolyn.

- Hannah tells Carolyn that Ama is mean because she thinks Ama made up the excuse since Abi was sick and went home.

- Hannah speculates that Ama is jealous because she thinks Matthias has a crush on Hannah, but Hannah denies it's true.

- Carolyn responds that Ama probably didn't know Abi was sick because they were both in rehearsal all morning.

- Carolyn also says that they sat together yesterday without issue, so she doesn't think Ama is jealous.

- Finally, Carolyn says: ""I thought that Hannah liked Matthias (Ama's boyfriend). Is this correct?""

The question is from Carolyn's perspective: Carolyn is stating that she thought Hannah liked Matthias, and she's asking if that's correct.

But in the context, Carolyn is part of the story, and this seems like a meta-question. The user is presenting this as the end of the story, and I need to answer based on the story.

Re-reading the last part: ""Carolyn: I thought that Hannah liked Matthias (Ama's boyfriend). Is this correct?""

This is dialogue from Carolyn within the story. However, the way it's phrased, it might be directed at Hannah or as part of the conversation. But in the story, it's Carolyn speaking, and she's asking if her thought is correct.

But as the AI, I need to interpret this and answer the question based on the information given.

The question is: ""Is this correct?"" meaning, is it correct that Hannah likes Matthias?

From the story, what evidence is there?

- Hannah denies that Matthias has a crush on her, but she doesn't explicitly say anything about her own feelings.

- Hannah says: ""She thinks her boyfriend Matthias has a crush on me, but it isn't true!"" This implies that Hannah is denying that Matthias likes her, but it doesn't directly address whether she likes him.

- Carolyn says she thought Hannah liked Matthias, and she's asking for confirmation.

In the story, Hannah doesn't respond to this question; the story ends with Carolyn's statement and question.

As the AI, I need to infer from the story whether Hannah likes Matthias or not.

Let's look for clues:

- Hannah is upset about not being able to sit with Ama and Matthias, but that could be because she feels excluded, not necessarily because she likes Matthias.

- She mentions that Ama might be jealous because of Matthias, but she denies any crush from Matthias.

- She doesn't say anything about her own feelings towards Matthias.

- Carolyn's comment suggests that she has a thought or suspicion that Hannah likes Matthias, but it's not confirmed.

Based on the story, there is no direct evidence that Hannah likes Matthias. In fact, Hannah is defending against the idea that Matthias has a crush on her, which might imply that she doesn't want to be associated with that, but it doesn't necessarily mean she doesn't like him.

However, since there's no positive indication that Hannah likes Matthias, and the story doesn't provide any actions or words from Hannah that show affection towards Matthias, I should conclude that it's not confirmed or likely not true.

But the question is from Carolyn's perspective: ""Is this correct?"" meaning, is Carolyn's thought correct?

As the AI, I need to answer based on the story.

Perhaps the user is asking me, the AI, to answer whether Hannah likes Matthias based on the story.

Re-reading the user's message: ""Carolyn: I thought that Hannah liked Matthias (Ama's boyfriend). Is this correct?""

This is part of the story dialogue. But since the story ends there, I need to provide an answer as the AI.

The initial instruction: ""You will be provided a story. At the end there is a yes/no question. Please answer as accurately as possible.""

The yes/no question is implied in Carolyn's dialogue: ""Is this correct?"" referring to her thought that Hannah liked Matthias.

So, I need to answer yes or no.

Now, from the story:

- Hannah never expresses any liking for Matthias.

- She denies that Matthias has a crush on her.

- Her upset seems to be about Ama's behavior, not about not being near Matthias specifically.

- Carolyn suggests that Ama isn't jealous because they sat together yesterday without issue, implying that if Hannah liked Matthias, it might have caused problems, but it didn't.

- Carolyn's thought that Hannah liked Matthias is just a thought, not based on evidence from the story.

Therefore, based on the information given, there is no indication that Hannah likes Matthias. So, the answer should be no.

But let's see if there's any hint.

When Hannah is talking to Carolyn, she says: ""I think the real reason that she didn't want me to sit with them is that she's jealous. She thinks her boyfriend Matthias has a crush on me, but it isn't true!""

Here, Hannah is focused on denying Matthias's crush, not addressing her own feelings. If she had a crush on Matthias, she might act differently, but she doesn't admit anything.

Also, Carolyn says: ""Besides, we sat with her and Matthias at lunch yesterday and that didn't bother her."" This implies that yesterday, Hannah sitting with them didn't cause jealousy, so perhaps Hannah's behavior was normal.

Overall, no evidence supports that Hannah likes Matthias.

So, my answer should be no.",,,,,3.0,I,
H_3,You will be provided a story. At the end there is a yes/no question. Please answer as accurately as possible.,"Meet Hannah. She is late for the lunch break and when she comes in, all the places are taken. Then, she discovers there is a free chair next to Ama and her boyfriend, Matthias. Hannah: Hi guys, I'm late, can I sit here? Ama: Oh actually, I was saving that seat for Abi. Hannah: Oh, okay. Ama: Sorry! Hannah meets Carolyn. Hannah: Hey Carolyn, can I sit here? Carolyn: Sure. Carolyn: Hey are you OK? You look a bit upset. Hannah: Yeah I'm alright, it's just that Ama is so mean sometimes. Carolyn: What happened? Hannah: Well, I came in to lunch a bit late, and there were hardly any seats left, but when I asked if I could sit at the table with her and Matthias and their friends, Ama said she was saving the seat for Abi! Carolyn: So? Ama and Abi always save seats for each other. Hannah: But Abi went home sick this morning! So Ama couldn't have been saving the seat for her. She was just making up an excuse. Hannah: I think the real reason that she didn't want me to sit with them is that she's jealous. She thinks her boyfriend Matthias has a crush on me, but it isn't true! Carolyn: Well, I didn't know that Abi was off sick. I was in a rehearsal all morning, and actually, Ama was there too, so she probably didn't know either that Abi had gone home. Carolyn: Besides, we sat with her and Matthias at lunch yesterday and that didn't bother her. So I don't think she's jealous of you.
Carolyn: We are friends. I told Hannah that Abi had a rehearsal. Is this correct?",No,"No, this is not correct. Carolyn did not tell Hannah that Abi had a rehearsal. Carolyn said that *she herself* (Carolyn) and Ama were in a rehearsal all morning.","Hmm, this is a story-based question where I need to verify a factual claim made by Carolyn at the end. The user is asking whether Carolyn's statement ""I told Hannah that Abi had a rehearsal"" is correct based on the provided narrative. 

Let me carefully review the dialogue. Carolyn mentions she was in a rehearsal all morning and that Ama was there too, but she never explicitly tells Hannah that Abi had a rehearsal. Instead, Carolyn suggests Ama might not know Abi went home sick because Ama was in rehearsal. The focus is on Ama's whereabouts, not Abi's. 

The key discrepancy is that Carolyn claims to have said something she didn't actually say in the story. The narrative shows Carolyn speculating about Ama's knowledge gap due to rehearsal, but never attributing rehearsal to Abi. 

I should clarify this distinction clearly since the question hinges on precise dialogue accuracy. The answer is straightforward once the text is compared to the claim.",,,,,3.0,M,
H_3,You will be provided a story. At the end there is a yes/no question. Please answer as accurately as possible.,"Meet Hannah. She is late for the lunch break and when she comes in, all the places are taken. Then, she discovers there is a free chair next to Ama and her boyfriend, Matthias. Hannah: Hi guys, I'm late, can I sit here? Ama: Oh actually, I was saving that seat for Abi. Hannah: Oh, okay. Ama: Sorry! Hannah meets Carolyn. Hannah: Hey Carolyn, can I sit here? Carolyn: Sure. Carolyn: Hey are you OK? You look a bit upset. Hannah: Yeah I'm alright, it's just that Ama is so mean sometimes. Carolyn: What happened? Hannah: Well, I came in to lunch a bit late, and there were hardly any seats left, but when I asked if I could sit at the table with her and Matthias and their friends, Ama said she was saving the seat for Abi! Carolyn: So? Ama and Abi always save seats for each other. Hannah: But Abi went home sick this morning! So Ama couldn't have been saving the seat for her. She was just making up an excuse. Hannah: I think the real reason that she didn't want me to sit with them is that she's jealous. She thinks her boyfriend Matthias has a crush on me, but it isn't true! Carolyn: Well, I didn't know that Abi was off sick. I was in a rehearsal all morning, and actually, Ama was there too, so she probably didn't know either that Abi had gone home. Carolyn: Besides, we sat with her and Matthias at lunch yesterday and that didn't bother her. So I don't think she's jealous of you.
Ama: I told Hannah she couldn't sit with us because I was keeping that seat for Abi. Is this true?",Yes,"Yes, based on the story, Ama did tell Hannah that she was saving the seat for Abi. While Hannah suspects that Ama was lying because Abi was sick, Carolyn suggests that Ama was in rehearsal all morning and likely did not know that Abi had gone home. Therefore, from Ama's perspective at the time, she genuinely believed she was saving the seat for Abi, making her statement true.","First, the story is about Hannah trying to find a seat during lunch. She asks Ama to sit next to her and Matthias, but Ama says she's saving the seat for Abi. Hannah later tells Carolyn that Abi went home sick, so Ama couldn't have been saving it for Abi, implying Ama was lying because she's jealous.

Carolyn responds that she didn't know Abi was sick, and Ama was in a rehearsal all morning, so Ama probably didn't know either. Also, Carolyn points out that they sat with Ama and Matthias yesterday without any issue, so she doesn't think Ama is jealous.

The question at the end is: ""Ama: I told Hannah she couldn't sit with us because I was keeping that seat for Abi. Is this true?""

I need to answer yes or no based on the story.

From the story, Ama did say she was saving the seat for Abi. That's a fact stated in the dialogue: ""Ama: Oh actually, I was saving that seat for Abi.""

But Hannah suspects that Ama was lying because Abi was sick and Ama might not have known. Carolyn suggests that Ama probably didn't know Abi was sick because she was in rehearsal.

The truthfulness of Ama's statement depends on whether she actually believed she was saving the seat for Abi or if she was making it up.

According to Carolyn, Ama was in rehearsal all morning, so she might not have known that Abi went home sick. If Ama didn't know, then when she said she was saving the seat for Abi, she might have genuinely believed that Abi would come to lunch, so her statement could be true from her perspective.

Hannah thinks Ama was making an excuse, but Carolyn provides a reason why Ama might not have known about Abi being sick.

The question is about what Ama said: ""I told Hannah she couldn't sit with us because I was keeping that seat for Abi."" Did Ama actually say that? Yes, from the story, she did say something very similar: ""Ama: Oh actually, I was saving that seat for Abi."" So, in terms of the words spoken, it's true that Ama said she was saving the seat for Abi.

But the deeper question might be whether Ama was truthful in her reason. The story doesn't provide direct evidence that Ama knew Abi was sick. Carolyn infers that Ama probably didn't know, based on her being in rehearsal.

Since there's no contradiction in the story that Ama knew about Abi's sickness, and Carolyn's explanation seems plausible, I should go with the idea that Ama was telling the truth from her knowledge at the time.

Therefore, Ama's statement to Hannah is true in the sense that she believed she was saving the seat for Abi.

The question is phrased as ""Is this true?"" which refers to the content of what Ama said, not just that she said it. But in context, it's about whether the reason was genuine.

Based on the information, I think the answer should be yes, it is true that Ama was keeping the seat for Abi, as she intended, even if Abi couldn't come.

Hannah's accusation of jealousy isn't supported by evidence; it's just her assumption.

So, for accuracy, I'll say yes.",,,,,3.0,M,
H_3,You will be provided a story. At the end there is a yes/no question. Please answer as accurately as possible.,"Meet Hannah. She is late for the lunch break and when she comes in, all the places are taken. Then, she discovers there is a free chair next to Ama and her boyfriend, Matthias. Hannah: Hi guys, I'm late, can I sit here? Ama: Oh actually, I was saving that seat for Abi. Hannah: Oh, okay. Ama: Sorry! Hannah meets Carolyn. Hannah: Hey Carolyn, can I sit here? Carolyn: Sure. Carolyn: Hey are you OK? You look a bit upset. Hannah: Yeah I'm alright, it's just that Ama is so mean sometimes. Carolyn: What happened? Hannah: Well, I came in to lunch a bit late, and there were hardly any seats left, but when I asked if I could sit at the table with her and Matthias and their friends, Ama said she was saving the seat for Abi! Carolyn: So? Ama and Abi always save seats for each other. Hannah: But Abi went home sick this morning! So Ama couldn't have been saving the seat for her. She was just making up an excuse. Hannah: I think the real reason that she didn't want me to sit with them is that she's jealous. She thinks her boyfriend Matthias has a crush on me, but it isn't true! Carolyn: Well, I didn't know that Abi was off sick. I was in a rehearsal all morning, and actually, Ama was there too, so she probably didn't know either that Abi had gone home. Carolyn: Besides, we sat with her and Matthias at lunch yesterday and that didn't bother her. So I don't think she's jealous of you.
Hannah: I thought Ama knew that Abi had gone home sick. Is this true?",Yes,"No, based on the information provided, it is not true that Ama knew Abi had gone home sick. Carolyn explains that Ama was in a rehearsal all morning and likely did not know about Abi's absence.","First, the story ends with Hannah asking: ""I thought Ama knew that Abi had gone home sick. Is this true?"" I need to answer this yes/no question as accurately as possible based on the information provided.

Let me review the key points from the story:

- Hannah is late for lunch and finds no seats.

- She sees a free chair next to Ama and Matthias, but Ama says she's saving it for Abi.

- Hannah gets upset, thinking Ama is mean and jealous.

- Carolyn points out that Ama was in a rehearsal all morning, so she probably didn't know that Abi had gone home sick.

- Carolyn also mentions that they sat with Ama and Matthias yesterday without any issue, so she doubts Ama is jealous.

Now, the question is whether it's true that Ama knew Abi had gone home sick.

From Carolyn's statement: ""I was in a rehearsal all morning, and actually, Ama was there too, so she probably didn't know either that Abi had gone home.""

This directly addresses Hannah's assumption. Carolyn is suggesting that Ama was in the rehearsal and might not have been aware of Abi's absence.

There's no evidence in the story that Ama knew about Abi being sick. In fact, Carolyn implies that Ama didn't know because she was busy with rehearsal.

Hannah thought Ama knew, but based on Carolyn's information, it seems unlikely.

So, the answer should be no, it is not true that Ama knew Abi had gone home sick.

The question is: ""Is this true?"" referring to Hannah's thought that Ama knew.

Therefore, my response should be ""no"" or something equivalent.

I need to answer as accurately as possible, so I should base it solely on the story.",,,,,3.0,I,
H_3,You will be provided a story. At the end there is a yes/no question. Please answer as accurately as possible.,"Meet Hannah. She is late for the lunch break and when she comes in, all the places are taken. Then, she discovers there is a free chair next to Ama and her boyfriend, Matthias. Hannah: Hi guys, I'm late, can I sit here? Ama: Oh actually, I was saving that seat for Abi. Hannah: Oh, okay. Ama: Sorry! Hannah meets Carolyn. Hannah: Hey Carolyn, can I sit here? Carolyn: Sure. Carolyn: Hey are you OK? You look a bit upset. Hannah: Yeah I'm alright, it's just that Ama is so mean sometimes. Carolyn: What happened? Hannah: Well, I came in to lunch a bit late, and there were hardly any seats left, but when I asked if I could sit at the table with her and Matthias and their friends, Ama said she was saving the seat for Abi! Carolyn: So? Ama and Abi always save seats for each other. Hannah: But Abi went home sick this morning! So Ama couldn't have been saving the seat for her. She was just making up an excuse. Hannah: I think the real reason that she didn't want me to sit with them is that she's jealous. She thinks her boyfriend Matthias has a crush on me, but it isn't true! Carolyn: Well, I didn't know that Abi was off sick. I was in a rehearsal all morning, and actually, Ama was there too, so she probably didn't know either that Abi had gone home. Carolyn: Besides, we sat with her and Matthias at lunch yesterday and that didn't bother her. So I don't think she's jealous of you.
Carolyn: I hoped Hannah would understand that Ama didn't know that Abi had gone home sick. Is this correct?",Yes,Yes.,"First, the user has provided a story about Hannah and Ama. At the end, Carolyn says: ""I hoped Hannah would understand that Ama didn't know that Abi had gone home sick. Is this correct?"" And I need to answer with a yes or no as accurately as possible.

Key points from the story:

- Hannah is late for lunch and finds a free chair next to Ama and Matthias.

- Ama says she's saving the seat for Abi.

- Hannah thinks Ama is mean because Abi went home sick, so Ama couldn't be saving it for her.

- Carolyn points out that Ama was in a rehearsal all morning and probably didn't know Abi was sick.

- Carolyn also mentions that they sat together yesterday without issue, so she doesn't think Ama is jealous.

- Carolyn hopes Hannah understands that Ama didn't know about Abi being sick.

The question is: ""Is this correct?"" referring to Carolyn's hope that Hannah understands Ama didn't know.

I need to determine if it's correct that Ama didn't know Abi was sick.

From the story:

- Carolyn says: ""Ama was there too"" in the rehearsal, implying Ama was busy and not aware of Abi's absence.

- Hannah mentions that Abi went home sick this morning, but there's no indication that Ama knew about it.

- Ama's action of saving the seat suggests she might not know, because if she knew Abi was sick, she wouldn't save the seat for her.

Carolyn is making an inference based on Ama being in rehearsal, so it's plausible that Ama didn't know.

The question is about whether Carolyn's hope is correct, meaning is it true that Ama didn't know.

Based on the information given, there's no evidence that Ama knew Abi was sick. In fact, Carolyn's reasoning seems sound: Ama was in rehearsal, so she might not have heard.

Also, Ama saving the seat for Abi aligns with not knowing, as she expects Abi to come.

Therefore, it is correct that Ama didn't know Abi had gone home sick.

So, my answer should be yes.

The response should be as accurate as possible, and since the story supports this, I'll go with yes.",,,,,4.0,I,
H_3,You will be provided a story. At the end there is a yes/no question. Please answer as accurately as possible.,"Meet Hannah. She is late for the lunch break and when she comes in, all the places are taken. Then, she discovers there is a free chair next to Ama and her boyfriend, Matthias. Hannah: Hi guys, I'm late, can I sit here? Ama: Oh actually, I was saving that seat for Abi. Hannah: Oh, okay. Ama: Sorry! Hannah meets Carolyn. Hannah: Hey Carolyn, can I sit here? Carolyn: Sure. Carolyn: Hey are you OK? You look a bit upset. Hannah: Yeah I'm alright, it's just that Ama is so mean sometimes. Carolyn: What happened? Hannah: Well, I came in to lunch a bit late, and there were hardly any seats left, but when I asked if I could sit at the table with her and Matthias and their friends, Ama said she was saving the seat for Abi! Carolyn: So? Ama and Abi always save seats for each other. Hannah: But Abi went home sick this morning! So Ama couldn't have been saving the seat for her. She was just making up an excuse. Hannah: I think the real reason that she didn't want me to sit with them is that she's jealous. She thinks her boyfriend Matthias has a crush on me, but it isn't true! Carolyn: Well, I didn't know that Abi was off sick. I was in a rehearsal all morning, and actually, Ama was there too, so she probably didn't know either that Abi had gone home. Carolyn: Besides, we sat with her and Matthias at lunch yesterday and that didn't bother her. So I don't think she's jealous of you.
Carolyn: When Hannah sat down with me, I immediately saw something was wrong, so I asked her what was up.",Yes,No.,"Hmm, this is a story about Hannah and Ama with a yes/no question at the end, though the user didn’t explicitly state the question. The narrative revolves around Hannah feeling excluded by Ama’s excuse about saving a seat for Abi, who was actually sick. Carolyn provides a plausible explanation that Ama might not have known about Abi’s absence. 

The key here is to infer the implied question based on the story’s context. The conflict centers on whether Ama lied about saving the seat for Abi. Carolyn’s reasoning suggests Ama might have been truthful but uninformed. The answer should align with the evidence provided: Ama was in rehearsal and likely unaware of Abi’s sickness, so her excuse wasn’t necessarily a lie. 

The response should be concise, directly addressing the unspoken question about Ama’s honesty. No need to overexplain—just state the conclusion based on the story’s details.",,,,,4.0,M,
H_3,You will be provided a story. At the end there is a yes/no question. Please answer as accurately as possible.,"Meet Hannah. She is late for the lunch break and when she comes in, all the places are taken. Then, she discovers there is a free chair next to Ama and her boyfriend, Matthias. Hannah: Hi guys, I'm late, can I sit here? Ama: Oh actually, I was saving that seat for Abi. Hannah: Oh, okay. Ama: Sorry! Hannah meets Carolyn. Hannah: Hey Carolyn, can I sit here? Carolyn: Sure. Carolyn: Hey are you OK? You look a bit upset. Hannah: Yeah I'm alright, it's just that Ama is so mean sometimes. Carolyn: What happened? Hannah: Well, I came in to lunch a bit late, and there were hardly any seats left, but when I asked if I could sit at the table with her and Matthias and their friends, Ama said she was saving the seat for Abi! Carolyn: So? Ama and Abi always save seats for each other. Hannah: But Abi went home sick this morning! So Ama couldn't have been saving the seat for her. She was just making up an excuse. Hannah: I think the real reason that she didn't want me to sit with them is that she's jealous. She thinks her boyfriend Matthias has a crush on me, but it isn't true! Carolyn: Well, I didn't know that Abi was off sick. I was in a rehearsal all morning, and actually, Ama was there too, so she probably didn't know either that Abi had gone home. Carolyn: Besides, we sat with her and Matthias at lunch yesterday and that didn't bother her. So I don't think she's jealous of you.
Ama: I thought that my boyfriend, Matthias, believed that Hannah liked him. Is this true?",No,"Based on the story provided, there is no evidence that Matthias believed Hannah liked him. The story focuses on Hannah's perspective and her interaction with Ama and Carolyn, but Matthias does not speak or express any beliefs. Hannah denies that Matthias has a crush on her, but this does not directly address what Matthias believes about Hannah's feelings. Therefore, it is not accurate to say that Matthias believed Hannah liked him, as this is not supported by the narrative. 

Answer: No, this is not true.","First, the user has provided a story about Hannah, Ama, Matthias, and Carolyn. At the end, there's a question: ""Ama: I thought that my boyfriend, Matthias, believed that Hannah liked him. Is this true?""

I need to answer this question as accurately as possible based on the story. The question is from Ama's perspective, but it's about what Matthias believes.

Let me read the story carefully:

- Hannah is late for lunch and finds no seats.

- She sees a free chair next to Ama and Matthias, but Ama says she's saving it for Abi.

- Hannah then sits with Carolyn and explains that Abi was sick and went home, so Ama couldn't be saving the seat for Abi.

- Hannah thinks Ama is jealous because she believes Matthias has a crush on Hannah.

- Carolyn responds that Ama was in rehearsal all morning and probably didn't know Abi was sick. Also, Carolyn says they sat together yesterday without issue, so she doesn't think Ama is jealous.

Now, the question is: ""Ama: I thought that my boyfriend, Matthias, believed that Hannah liked him. Is this true?""

This is Ama speaking, and she's asking if Matthias believed that Hannah liked him.

From the story, is there any evidence about what Matthias believes?

- Matthias is mentioned as Ama's boyfriend, but he doesn't speak or act in the story. The story is from Hannah's and Carolyn's perspectives.

- Hannah says: ""She thinks her boyfriend Matthias has a crush on me, but it isn't true!"" This is Hannah's perception of what Ama thinks.

- Carolyn responds, but doesn't mention Matthias's beliefs directly.

The question is about what Matthias believes, not what Ama thinks or what Hannah thinks.

Key points:

- Hannah claims that Ama is jealous because Ama thinks Matthias has a crush on Hannah.

- But Hannah says ""it isn't true,"" meaning she doesn't think Matthias has a crush on her.

- Carolyn doesn't address Matthias's feelings; she talks about Ama's knowledge of Abi being sick and past behavior.

There's no direct statement from Matthias or any indication of his beliefs in the story. The story only has dialogues from Hannah, Ama, and Carolyn.

Ama says in the question: ""I thought that my boyfriend, Matthias, believed that Hannah liked him."" But in the story, Ama doesn't express this thought directly. The only mention is from Hannah, who says Ama thinks Matthias has a crush on her (Hannah).

Hannah says: ""She thinks her boyfriend Matthias has a crush on me...""

So, based on Hannah's statement, Ama believes that Matthias has a crush on Hannah. But the question is about what Matthias believes, not what Ama thinks.

The question is: ""Matthias believed that Hannah liked him."" Liked him, meaning liked Matthias.

Hannah says Matthias has a crush on her, which would mean Matthias likes Hannah, not that Hannah likes Matthias.

Let's clarify the pronouns:

- ""Matthias has a crush on me"" – that means Matthias likes Hannah.

- The question is: ""Matthias believed that Hannah liked him"" – that means Matthias believes that Hannah likes Matthias.

These are two different things.

In Hannah's statement: ""She thinks her boyfriend Matthias has a crush on me"" – so Ama thinks Matthias likes Hannah.

But the question is about what Matthias believes regarding Hannah liking him.

There is no information in the story about what Matthias believes. Matthias doesn't speak or have any actions described.

Carolyn says: ""Besides, we sat with her and Matthias at lunch yesterday and that didn't bother her. So I don't think she's jealous of you."" This suggests that in the past, there was no issue, but it doesn't say anything about Matthias's beliefs.

Therefore, based on the story provided, there is no evidence to support or deny what Matthias believes. The story is silent on Matthias's thoughts or beliefs.

The question is phrased as ""Is this true?"" referring to Ama's thought that Matthias believed Hannah liked him.

But since there's no information, I need to answer based on what is given.

Perhaps I should infer from the context.

Hannah denies that Matthias has a crush on her, but that's about Matthias's feelings, not his beliefs.

The question is about Matthias's belief that Hannah liked him.

Maybe from Hannah's denial, if Matthias has a crush, he might believe Hannah likes him back, but that's speculation.

Hannah says: ""it isn't true!"" referring to Matthias having a crush on her. So she denies that Matthias likes her.

If Matthias doesn't like her, he might not believe she likes him, but again, no direct evidence.

The safest answer is that based on the story, we don't know what Matthias believes because it's not mentioned.

But the instruction is to answer as accurately as possible, so I should stick to the facts given.

The user might be expecting a yes or no answer, but with the information, it's unclear.

Let's read the question again: ""Ama: I thought that my boyfriend, Matthias, believed that Hannah liked him. Is this true?""

In the story, Ama doesn't express this thought directly. The only related thing is Hannah's claim about what Ama thinks.

Hannah says Ama thinks Matthias has a crush on Hannah, which is that Matthias likes Hannah, not that Matthias believes Hannah likes him.

The question is about Matthias's belief, not Ama's belief or Matthias's feelings.

So, there is a mismatch.

Perhaps it's a trick, or I need to interpret.

Maybe in the context, ""believed that Hannah liked him"" means Matthias thought Hannah liked him.

But no evidence.

Perhaps from Carolyn's response, she implies that Ama has no reason to be jealous, so maybe Matthias doesn't have those feelings, but again, not about beliefs.

I think I have to conclude that the story does not provide information on what Matthias believes.

Therefore, the answer should be that it's not possible to determine from the given story.

But since the question is yes/no, I need to say no or something.

Let's see the format: ""Is this true?"" so probably expect yes or no.

But based on accuracy, I should say that it's not stated.

Perhaps I can say no, because Hannah denies it, but that's about feelings, not beliefs.

Hannah denies that Matthias has a crush on her, which means she doesn't think Matthias likes her. If Matthias doesn't like her, he might not believe she likes him, but it's not direct.

The belief is about Hannah liking Matthias, which Hannah might or might not, but she doesn't say.

Hannah says ""it isn't true!"" about Matthias having a crush, so she implies that Matthias does not like her, so if Matthias does not like her, he might not believe she likes him, but it's not certain.

This is getting convoluted.

Let's look at the story: Hannah says ""I think the real reason... is that she's jealous. She thinks her boyfriend Matthias has a crush on me, but it isn't true!""

So, Hannah claims that Ama thinks Matthias likes Hannah, and Hannah denies that Matthias likes her.

The question is about Matthias believing that Hannah likes him.

For Matthias to believe that Hannah likes him, it would require that Matthias thinks Hannah has feelings for him.

But there's no information on that.

In fact, from Hannah's denial, she might not like Matthias, but she doesn't say that explicitly.

She says ""it isn't true"" that Matthias has a crush on her, which doesn't necessarily mean she doesn't like him; it means he doesn't like her.

But the belief is about Hannah liking Matthias.

So, if Matthias does not have a crush on Hannah, he might not believe she likes him, or he might, but no info.

I think the only accurate answer is that we don't know.

But since the instruction is to answer, I should probably say no, it's not true, or something.

Perhaps from Carolyn's comment, she suggests that Ama has no reason to be jealous, implying that Matthias doesn't have feelings for Hannah, so maybe he doesn't believe Hannah likes him.

But that's indirect.

Carolyn says: ""Besides, we sat with her and Matthias at lunch yesterday and that didn't bother her. So I don't think she's jealous of you.""

This implies that in the past, there was no issue, so likely no crush or belief, but it's not definitive.

Also, Carolyn says Ama probably didn't know Abi was sick, so Ama might genuinely have been saving the seat.

But none of this addresses Matthias's beliefs.

I think I have to go with no evidence.

But let's see the question: ""Is this true?"" meaning is it true that Matthias believed Hannah liked him.

Based on the story, there is no indication that Matthias believed that, so perhaps the answer is no, it's not true.

Hannah denies that Matthias has a crush, which suggests that Matthias does not like Hannah, so he might not believe she likes him, but it's not about belief.

Perhaps the question is misphrased, or in context, ""believed that Hannah liked him"" might be a mistake, and it should be about Ama's belief.

But the question is clear: ""Matthias believed that Hannah liked him.""

In the story, the only belief mentioned is Ama's belief about Matthias's crush.

So, for Matthias to believe something, it's not stated.

Therefore, I think the accurate answer is that it is not true that Matthias believed that, because there's no evidence for it, or we don't know, but for yes/no, I'll say no.

Perhaps from Hannah's statement, since she denies the crush, it implies that Matthias does not have feelings, so he might not believe, but again, not direct.

Another thought: if Ama thought that Matthias believed Hannah liked him, but the question is whether it is true that Matthias believed, not whether Ama thought that.

The question is: ""Is this true?"" referring to the thought that Matthias believed.

But the thought is Ama's, and we need to check if Matthias indeed believed.

Since no information, false or unknown.

I think I should answer based on the absence of evidence.

So, my response should be that based on the story, there is no information to confirm that Matthias believed Hannah liked him.

But to be precise, I'll say no, it is not true, or something.

Let's see the format. The user might expect a simple answer.

Perhaps in the context, since Hannah denies any crush, it suggests that there is no such belief.

But let's see the last part: ""Carolyn: Besides, we sat with her and Matthias at lunch yesterday and that didn't bother her. So I don't think she's jealous of you.""

This implies that Carolyn doesn't think there is a reason for jealousy, so likely no crush or belief.

But it's not explicit.

I think for accuracy, I'll state that the story does not provide evidence for Matthias's beliefs.

But since the question is yes/no, I'll go with no.

Final decision: based on the story, there is no indication that Matthias believed Hannah liked him, so the answer is no, it is not true.

Moreover, Hannah explicitly says ""it isn't true"" about Matthias having a crush, which relatedly suggests that Matthias does not have feelings for Hannah, so he probably does not believe she likes him, but it's not certain.

I think ""no"" is reasonable.",,,,,4.0,I,
H_3,You will be provided a story. At the end there is a yes/no question. Please answer as accurately as possible.,"Meet Hannah. She is late for the lunch break and when she comes in, all the places are taken. Then, she discovers there is a free chair next to Ama and her boyfriend, Matthias. Hannah: Hi guys, I'm late, can I sit here? Ama: Oh actually, I was saving that seat for Abi. Hannah: Oh, okay. Ama: Sorry! Hannah meets Carolyn. Hannah: Hey Carolyn, can I sit here? Carolyn: Sure. Carolyn: Hey are you OK? You look a bit upset. Hannah: Yeah I'm alright, it's just that Ama is so mean sometimes. Carolyn: What happened? Hannah: Well, I came in to lunch a bit late, and there were hardly any seats left, but when I asked if I could sit at the table with her and Matthias and their friends, Ama said she was saving the seat for Abi! Carolyn: So? Ama and Abi always save seats for each other. Hannah: But Abi went home sick this morning! So Ama couldn't have been saving the seat for her. She was just making up an excuse. Hannah: I think the real reason that she didn't want me to sit with them is that she's jealous. She thinks her boyfriend Matthias has a crush on me, but it isn't true! Carolyn: Well, I didn't know that Abi was off sick. I was in a rehearsal all morning, and actually, Ama was there too, so she probably didn't know either that Abi had gone home. Carolyn: Besides, we sat with her and Matthias at lunch yesterday and that didn't bother her. So I don't think she's jealous of you.
Hannah: I told Ama that Abi was sick, so she had gone home, and that she no longer had to keep that chair free for her. Is this true?",No,"No, based on the story provided, Hannah did not tell Ama that Abi was sick and that she no longer needed to save the seat. In the initial interaction, Hannah simply accepted Ama's excuse and said ""Oh, okay"" before moving on to talk to Carolyn. The story does not describe Hannah returning to Ama or communicating this information to her at any point. Therefore, Hannah's claim is not true.","First, the user has provided a story, and at the end, there's a yes/no question: ""Is this true?"" referring to Hannah's statement: ""I told Ama that Abi was sick, so she had gone home, and that she no longer had to keep that chair free for her.""

I need to answer as accurately as possible based on the story.

Let me read the story carefully to understand what happened.

- Hannah is late for lunch and finds all places taken.

- She sees a free chair next to Ama and Matthias.

- She asks to sit there, and Ama says she's saving it for Abi.

- Hannah says okay and then meets Carolyn.

- Hannah tells Carolyn that Ama is mean because Abi went home sick, so Ama couldn't be saving the seat for her.

- Carolyn suggests that Ama might not have known Abi was sick because she was in rehearsal all morning.

- Carolyn also mentions that they sat together yesterday without issue.

- Then Hannah says: ""I told Ama that Abi was sick, so she had gone home, and that she no longer had to keep that chair free for her.""

The question is whether this statement by Hannah is true.

Now, looking back at the story, when did Hannah tell Ama this? From the dialogue:

- Hannah asks to sit, Ama says saving for Abi, Hannah says ""Oh, okay."" and then walks away to meet Carolyn.

- In the conversation with Carolyn, Hannah is recounting what happened, but she doesn't mention telling Ama about Abi being sick at that initial interaction.

Specifically, when Hannah first approaches Ama:

Hannah: Hi guys, I'm late, can I sit here?

Ama: Oh actually, I was saving that seat for Abi.

Hannah: Oh, okay.

Then she meets Carolyn and talks to her.

In the conversation with Carolyn, Hannah says: ""But Abi went home sick this morning! So Ama couldn't have been saving the seat for her. She was just making up an excuse.""

But she doesn't say that she told this to Ama. In fact, from the story, it seems she only realized or mentioned this to Carolyn, not to Ama.

Now, at the very end, Hannah claims: ""I told Ama that Abi was sick, so she had gone home, and that she no longer had to keep that chair free for her.""

But based on the story, did she actually tell Ama this? Let's see the sequence:

- Initial interaction: Hannah asks, Ama says saving for Abi, Hannah says ""Oh, okay."" and presumably leaves.

- Then she talks to Carolyn and expresses her frustration.

- There's no mention in the story of Hannah going back to Ama or telling Ama about Abi being sick.

In fact, when Hannah is talking to Carolyn, she says: ""I told Ama that Abi was sick..."" but this might be part of her recounting or it could be that she did tell Ama, but the story doesn't show it.

Let's read the exact words in the story:

After Carolyn's response, Hannah says: ""I told Ama that Abi was sick, so she had gone home, and that she no longer had to keep that chair free for her.""

But in the initial dialogue, when Hannah first spoke to Ama, she didn't say that. She just said ""Oh, okay."" and walked away.

Perhaps Hannah is claiming that she told Ama this during their initial interaction, but the story shows she didn't.

Maybe she told Ama off-screen, but the story doesn't indicate that.

The story is presented as a narrative, and we have to go by what's written.

In the initial exchange:

Hannah: Hi guys, I'm late, can I sit here?

Ama: Oh actually, I was saving that seat for Abi.

Hannah: Oh, okay.

Then she meets Carolyn.

So, at no point in the described interaction does Hannah tell Ama about Abi being sick.

Later, when talking to Carolyn, Hannah might be implying that she said something to Ama, but from the story, it doesn't seem like she did.

The question is: ""Is this true?"" referring to Hannah's statement that she told Ama.

Based on the story, Hannah did not tell Ama that Abi was sick during their interaction because she only found out or realized it later, I think.

When does Hannah mention that Abi is sick? In the conversation with Carolyn, she says: ""But Abi went home sick this morning!"" So she knows it, but she didn't tell Ama at the time.

In fact, Carolyn points out that Ama might not know because she was in rehearsal.

But Hannah, in her claim, says she told Ama.

From the story, there's no evidence that Hannah told Ama. The only communication shown is the brief one where Hannah asks and Ama declines.

Therefore, Hannah's statement that she told Ama is not true based on the narrative.

The question is: ""Is this true?"" meaning is it true that Hannah told Ama.

Answer should be no.

But let's confirm the end: ""Hannah: I told Ama that Abi was sick, so she had gone home, and that she no longer had to keep that chair free for her. Is this true?""

And based on the story, she did not tell Ama that.

So, my answer should be no.",,,,,4.0,M,
H_3,You will be provided a story. At the end there is a yes/no question. Please answer as accurately as possible.,"Meet Hannah. She is late for the lunch break and when she comes in, all the places are taken. Then, she discovers there is a free chair next to Ama and her boyfriend, Matthias. Hannah: Hi guys, I'm late, can I sit here? Ama: Oh actually, I was saving that seat for Abi. Hannah: Oh, okay. Ama: Sorry! Hannah meets Carolyn. Hannah: Hey Carolyn, can I sit here? Carolyn: Sure. Carolyn: Hey are you OK? You look a bit upset. Hannah: Yeah I'm alright, it's just that Ama is so mean sometimes. Carolyn: What happened? Hannah: Well, I came in to lunch a bit late, and there were hardly any seats left, but when I asked if I could sit at the table with her and Matthias and their friends, Ama said she was saving the seat for Abi! Carolyn: So? Ama and Abi always save seats for each other. Hannah: But Abi went home sick this morning! So Ama couldn't have been saving the seat for her. She was just making up an excuse. Hannah: I think the real reason that she didn't want me to sit with them is that she's jealous. She thinks her boyfriend Matthias has a crush on me, but it isn't true! Carolyn: Well, I didn't know that Abi was off sick. I was in a rehearsal all morning, and actually, Ama was there too, so she probably didn't know either that Abi had gone home. Carolyn: Besides, we sat with her and Matthias at lunch yesterday and that didn't bother her. So I don't think she's jealous of you.
Hannah: I didn't believe that Matthias (Ama's boyfriend) really liked me. I wanted Carolyn to know that. Is this correct?",Yes,"Yes, based on the story, it is correct that Hannah did not believe Matthias (Ama's boyfriend) really liked her, and she wanted Carolyn to know that. This is explicitly stated in Hannah's dialogue: ""She thinks her boyfriend Matthias has a crush on me, but it isn't true!"" and later, ""I didn't believe that Matthias really liked me. I wanted Carolyn to know that."" This confirms Hannah's disbelief and her intention to communicate it to Carolyn.","First, the user has provided a story and then a question at the end: ""Hannah: I didn't believe that Matthias (Ama's boyfriend) really liked me. I wanted Carolyn to know that. Is this correct?""

I need to answer this yes/no question based on the story. The question is about Hannah's belief and what she wanted Carolyn to know.

Let me read the story carefully.

- Hannah is late for lunch.

- She tries to sit with Ama and Matthias, but Ama says she's saving the seat for Abi.

- Hannah thinks Ama is mean and makes up an excuse because Abi is sick.

- Hannah suspects Ama is jealous because she thinks Matthias has a crush on her.

- Carolyn points out that Ama might not know Abi is sick and that they sat together yesterday without issue.

- Then Hannah says: ""I didn't believe that Matthias really liked me. I wanted Carolyn to know that.""

The question is: Is this correct? Meaning, is it true that Hannah didn't believe Matthias liked her and that she wanted Carolyn to know that?

From the story, when Hannah is talking to Carolyn, she says: ""I think the real reason that she didn't want me to sit with them is that she's jealous. She thinks her boyfriend Matthias has a crush on me, but it isn't true!""

So, Hannah explicitly states that it isn't true that Matthias has a crush on her. This means she doesn't believe that Matthias likes her.

Then, she says to Carolyn: ""I didn't believe that Matthias really liked me. I wanted Carolyn to know that."" This is part of the dialogue, so it's Hannah directly stating her belief and intention.

The question is asking if this statement is correct. In the context, Hannah is saying this to Carolyn, so it's a factual report of what she said.

But the question is phrased as ""Is this correct?"" which might be asking whether Hannah's belief is accurate or whether the statement is true based on the story.

Re-reading the question: ""Hannah: I didn't believe that Matthias (Ama's boyfriend) really liked me. I wanted Carolyn to know that. Is this correct?""

This seems to be quoting Hannah's words and asking if that is correct.

In the story, Hannah does say that, so from a narrative perspective, it's correct that she said it.

However, the question might be interpreting whether Hannah's belief is true or not, but the story doesn't provide evidence about Matthias's feelings; it's about Hannah's perception.

The question is about Hannah's belief and her intention to communicate it to Carolyn.

From the dialogue:

- Hannah says: ""but it isn't true!"" referring to Matthias having a crush on her.

- Then she says: ""I didn't believe that Matthias really liked me. I wanted Carolyn to know that.""

So, she is asserting that she doesn't believe Matthias likes her, and she wants Carolyn to know that.

Based on the story, this is what Hannah expresses, so it is correct that she holds this belief and intends to convey it.

Carolyn doesn't challenge this belief; she challenges the jealousy part by suggesting Ama might not know Abi is sick.

The question is not about whether Matthias actually likes her, but about Hannah's belief and intention.

Therefore, the answer should be yes, it is correct that Hannah didn't believe Matthias liked her and wanted Carolyn to know that.

To be precise, the ""Is this correct?"" refers to the quoted statement, which is part of the story.

In the user's message, it's presented as Hannah's dialogue, and then the question.

So, I need to confirm if that statement aligns with the story.

From the story, Hannah does express disbelief in Matthias's crush and wants Carolyn to know, so yes.

Final answer should be yes.",,,,,5.0,I,
H_3,You will be provided a story. At the end there is a yes/no question. Please answer as accurately as possible.,"Meet Hannah. She is late for the lunch break and when she comes in, all the places are taken. Then, she discovers there is a free chair next to Ama and her boyfriend, Matthias. Hannah: Hi guys, I'm late, can I sit here? Ama: Oh actually, I was saving that seat for Abi. Hannah: Oh, okay. Ama: Sorry! Hannah meets Carolyn. Hannah: Hey Carolyn, can I sit here? Carolyn: Sure. Carolyn: Hey are you OK? You look a bit upset. Hannah: Yeah I'm alright, it's just that Ama is so mean sometimes. Carolyn: What happened? Hannah: Well, I came in to lunch a bit late, and there were hardly any seats left, but when I asked if I could sit at the table with her and Matthias and their friends, Ama said she was saving the seat for Abi! Carolyn: So? Ama and Abi always save seats for each other. Hannah: But Abi went home sick this morning! So Ama couldn't have been saving the seat for her. She was just making up an excuse. Hannah: I think the real reason that she didn't want me to sit with them is that she's jealous. She thinks her boyfriend Matthias has a crush on me, but it isn't true! Carolyn: Well, I didn't know that Abi was off sick. I was in a rehearsal all morning, and actually, Ama was there too, so she probably didn't know either that Abi had gone home. Carolyn: Besides, we sat with her and Matthias at lunch yesterday and that didn't bother her. So I don't think she's jealous of you.
Ama: I'm in Matthias' class. Normally I always save a seat for Abi, but not today, because she was sick. I told all this to Hannah. Is this correct?",No,"No. Based on the story, Ama told Hannah that she was saving the seat for Abi, which contradicts her statement that she did not save it today because Abi was sick. Additionally, there is no indication in the story that Ama told Hannah about normally saving a seat or not saving it due to Abi's sickness; instead, Ama only claimed to be saving the seat for Abi. Carolyn's comment suggests that Ama might not have known Abi was sick at the time, further undermining the accuracy of Ama's statement.","First, the user has provided a story and a question at the end: ""Ama: I'm in Matthias' class. Normally I always save a seat for Abi, but not today, because she was sick. I told all this to Hannah. Is this correct?""

I need to answer this yes/no question as accurately as possible based on the story.

Let me read the story carefully.

The story involves Hannah, Ama, Matthias, Carolyn, and Abi. Hannah is late for lunch and finds a free chair next to Ama and Matthias. Ama says she's saving it for Abi. Hannah gets upset and later tells Carolyn that Abi was sick, so Ama couldn't have been saving it for her, implying Ama is jealous.

Carolyn responds that Ama was in a rehearsal all morning and probably didn't know Abi was sick. Also, Carolyn mentions that they sat with Ama and Matthias yesterday without issue.

Now, the question is from Ama's perspective: ""I'm in Matthias' class. Normally I always save a seat for Abi, but not today, because she was sick. I told all this to Hannah. Is this correct?""

I need to check if this statement by Ama is accurate based on the story.

Key points from the story:

- Ama told Hannah that she was saving the seat for Abi.

- Hannah claims that Abi was sick and went home, so Ama couldn't be saving it.

- Carolyn suggests that Ama might not have known Abi was sick because she was in rehearsal.

The statement from Ama says: ""Normally I always save a seat for Abi, but not today, because she was sick."" This implies that Ama did not save the seat today because Abi was sick.

But in the story, when Hannah asked, Ama said she was saving the seat for Abi. That contradicts Ama's statement here.

Let's quote the story:

Hannah: Hi guys, I'm late, can I sit here?

Ama: Oh actually, I was saving that seat for Abi.

So, Ama did say she was saving the seat for Abi.

Now, in Ama's statement in the question, she says ""but not today, because she was sick."" This suggests she didn't save it today, but she did tell Hannah she was saving it.

There's a contradiction here.

Carolyn mentioned that Ama might not have known Abi was sick because she was in rehearsal. So, perhaps Ama didn't know Abi was sick when she said she was saving the seat.

Ama's statement in the question says ""because she was sick,"" implying she knew Abi was sick and therefore didn't save the seat. But in the story, she did say she was saving it, which might mean she didn't know.

The question is whether Ama's statement is correct: that she normally saves a seat for Abi, but not today because Abi was sick, and she told this to Hannah.

From the story, did Ama tell Hannah that she didn't save the seat because Abi was sick? No, in the story, Ama told Hannah she was saving the seat for Abi, not that she wasn't saving it.

In fact, Hannah is the one who brought up that Abi was sick, not Ama.

Also, Ama's statement in the question includes ""I told all this to Hannah,"" meaning she told Hannah that she normally saves a seat but not today because Abi was sick.

But in the story, Ama didn't say that to Hannah. She only said she was saving the seat for Abi.

Moreover, based on Carolyn's input, Ama might not have known about Abi being sick.

So, is Ama's statement correct? It seems not, because:

1. Ama did not tell Hannah that she wasn't saving the seat because Abi was sick. Instead, she said she was saving it.

2. Ama might not have known Abi was sick at the time, so she couldn't have made that decision not to save it.

Therefore, Ama's statement in the question is likely incorrect based on the story.

The question is phrased as Ama saying this, but it's part of the query to me. I need to verify if this matches the story.

Final answer should be yes or no.

Based on the story, Ama did not tell Hannah that she wasn't saving the seat because Abi was sick. In fact, she implied she was saving it.

So, the statement ""I told all this to Hannah"" is false because she didn't say that.

Also, ""but not today"" – she did save it or claim to save it, so it's not true that she didn't save it.

The phrase ""not today"" might be ambiguous. If she means she didn't intend to save it because Abi was sick, but she still told Hannah she was saving it, that's inconsistent.

Overall, the statement doesn't align with the story.

Therefore, I should answer no.",,,,,5.0,M,
H_3,You will be provided a story. At the end there is a yes/no question. Please answer as accurately as possible.,"Meet Hannah. She is late for the lunch break and when she comes in, all the places are taken. Then, she discovers there is a free chair next to Ama and her boyfriend, Matthias. Hannah: Hi guys, I'm late, can I sit here? Ama: Oh actually, I was saving that seat for Abi. Hannah: Oh, okay. Ama: Sorry! Hannah meets Carolyn. Hannah: Hey Carolyn, can I sit here? Carolyn: Sure. Carolyn: Hey are you OK? You look a bit upset. Hannah: Yeah I'm alright, it's just that Ama is so mean sometimes. Carolyn: What happened? Hannah: Well, I came in to lunch a bit late, and there were hardly any seats left, but when I asked if I could sit at the table with her and Matthias and their friends, Ama said she was saving the seat for Abi! Carolyn: So? Ama and Abi always save seats for each other. Hannah: But Abi went home sick this morning! So Ama couldn't have been saving the seat for her. She was just making up an excuse. Hannah: I think the real reason that she didn't want me to sit with them is that she's jealous. She thinks her boyfriend Matthias has a crush on me, but it isn't true! Carolyn: Well, I didn't know that Abi was off sick. I was in a rehearsal all morning, and actually, Ama was there too, so she probably didn't know either that Abi had gone home. Carolyn: Besides, we sat with her and Matthias at lunch yesterday and that didn't bother her. So I don't think she's jealous of you.
Carolyn: Ama hoped Hannah would join them at the table. I thought she would understand. Is this correct?",No,"No, Carolyn's statement is not correct based on the story. Ama explicitly told Hannah that she was saving the seat for Abi and did not indicate any desire for Hannah to join them. In fact, Ama's refusal suggests she did not hope for Hannah to sit with them. Carolyn's perspective seems to be an assumption or misinterpretation, as there is no evidence in the story that Ama had such a hope.","First, the user has provided a story and a question at the end: ""Carolyn: Ama hoped Hannah would join them at the table. I thought she would understand. Is this correct?""

I need to answer this yes/no question as accurately as possible based on the story.

Let me read the story carefully:

- Hannah is late for lunch and finds all places taken except a free chair next to Ama and Matthias.

- Hannah asks to sit there, but Ama says she's saving it for Abi.

- Hannah feels upset and tells Carolyn that Ama is mean because Abi went home sick, so Ama couldn't be saving it for Abi. Hannah thinks Ama is jealous.

- Carolyn responds that Ama was in a rehearsal all morning and probably didn't know Abi was sick. Also, they sat together yesterday without issue, so Carolyn doesn't think Ama is jealous.

- Then Carolyn says: ""Ama hoped Hannah would join them at the table. I thought she would understand.""

The question is whether this statement by Carolyn is correct.

Now, I need to verify if Carolyn's statement aligns with the facts in the story.

From the story:

- When Hannah asked to sit, Ama immediately said she was saving the seat for Abi, implying she didn't want Hannah to sit there.

- Hannah believes Ama was making an excuse because Abi was sick.

- Carolyn suggests that Ama didn't know Abi was sick because she was in rehearsal.

- Carolyn also says that Ama wasn't jealous because they sat together yesterday.

But Carolyn's specific statement is: ""Ama hoped Hannah would join them at the table. I thought she would understand.""

This seems to be Carolyn's interpretation or belief. Is this supported by the story?

In the interaction, when Hannah asked to sit, Ama refused by saying the seat was saved. There's no indication in the story that Ama actually hoped Hannah would join them. In fact, Ama's action suggests the opposite – she didn't want Hannah to sit there.

Carolyn is saying that she (Carolyn) thought Hannah would understand that Ama hoped she would join, but based on Ama's response, it doesn't seem like Ama hoped that.

Moreover, Carolyn is trying to defend Ama by saying she probably didn't know about Abi being sick, but that doesn't necessarily mean Ama hoped Hannah would join.

The question is about Carolyn's statement: ""Ama hoped Hannah would join them at the table."" Is this correct?

From the story, Ama's words and actions don't show that she hoped Hannah would join. She explicitly said no to Hannah sitting there.

Therefore, Carolyn's statement might not be accurate based on the evidence.

But Carolyn is speaking from her perspective. She says ""I thought she would understand,"" meaning Carolyn believed that Hannah should understand that Ama hoped she would join, but that might not be true.

The question is: ""Is this correct?"" referring to the entire statement or just the part about Ama hoping?

The way it's phrased: ""Carolyn: Ama hoped Hannah would join them at the table. I thought she would understand. Is this correct?""

I think ""this"" refers to Carolyn's assertion that Ama hoped Hannah would join.

So, I need to evaluate if Ama indeed hoped that.

Based on the story:

- Ama saved the seat for Abi, not for Hannah.

- When Hannah asked, Ama said no.

There's no evidence that Ama hoped Hannah would join. In fact, it seems she didn't.

Carolyn might be mistaken or trying to smooth things over.

Therefore, the answer should be no, it's not correct.

But let's see Carolyn's reasoning: she says Ama was in rehearsal and didn't know Abi was sick, so she genuinely thought she was saving it for Abi. But that doesn't mean she hoped Hannah would join; she just had a reason for saving the seat.

The hope part is not supported.

Also, Carolyn says ""I thought she would understand,"" which is about Hannah understanding, but the question is about the correctness of Ama hoping.

The question is: ""Is this correct?"" and ""this"" is the whole thing Carolyn said.

But to be precise, I think the key part is whether Ama hoped Hannah would join.

From the story, no, she didn't hope that because she refused.

So, my answer should be no.

Finally, I need to answer as accurately as possible, so I'll say no.",,,,,5.0,I,
H_3,You will be provided a story. At the end there is a yes/no question. Please answer as accurately as possible.,"Meet Hannah. She is late for the lunch break and when she comes in, all the places are taken. Then, she discovers there is a free chair next to Ama and her boyfriend, Matthias. Hannah: Hi guys, I'm late, can I sit here? Ama: Oh actually, I was saving that seat for Abi. Hannah: Oh, okay. Ama: Sorry! Hannah meets Carolyn. Hannah: Hey Carolyn, can I sit here? Carolyn: Sure. Carolyn: Hey are you OK? You look a bit upset. Hannah: Yeah I'm alright, it's just that Ama is so mean sometimes. Carolyn: What happened? Hannah: Well, I came in to lunch a bit late, and there were hardly any seats left, but when I asked if I could sit at the table with her and Matthias and their friends, Ama said she was saving the seat for Abi! Carolyn: So? Ama and Abi always save seats for each other. Hannah: But Abi went home sick this morning! So Ama couldn't have been saving the seat for her. She was just making up an excuse. Hannah: I think the real reason that she didn't want me to sit with them is that she's jealous. She thinks her boyfriend Matthias has a crush on me, but it isn't true! Carolyn: Well, I didn't know that Abi was off sick. I was in a rehearsal all morning, and actually, Ama was there too, so she probably didn't know either that Abi had gone home. Carolyn: Besides, we sat with her and Matthias at lunch yesterday and that didn't bother her. So I don't think she's jealous of you.
Hannah: I asked if I could sit with Ama and her friends, but in the end I sat with Carolyn, because Ama said she was keeping the seat for Abi. Is this correct?",Yes,"Yes, this is correct based on the story provided. Hannah did ask to sit with Ama and her friends, but Ama stated she was saving the seat for Abi, which led Hannah to ultimately sit with Carolyn instead. The sequence of events and the reason given align with the narrative.","First, the user has provided a story and asked a yes/no question at the end: ""Hannah: I asked if I could sit with Ama and her friends, but in the end I sat with Carolyn, because Ama said she was keeping the seat for Abi. Is this correct?""

I need to answer this as accurately as possible based on the story.

Let me summarize the story:

- Hannah is late for lunch.

- All places are taken, but she finds a free chair next to Ama and Matthias.

- Hannah asks to sit there.

- Ama says she's saving the seat for Abi.

- Hannah says okay and then meets Carolyn.

- Hannah asks Carolyn if she can sit with her, and Carolyn agrees.

- They talk, and Hannah explains that she thinks Ama was lying because Abi was sick and went home.

- Carolyn suggests that Ama might not have known Abi was sick because she was in a rehearsal all morning, and Ama was there too.

- Carolyn also says that they sat with Ama and Matthias yesterday without issue, so she doesn't think Ama is jealous.

Now, the question is about Hannah's statement: ""I asked if I could sit with Ama and her friends, but in the end I sat with Carolyn, because Ama said she was keeping the seat for Abi.""

From the story:

- Hannah did ask to sit with Ama and Matthias (and presumably their friends, as implied).

- Ama said she was saving the seat for Abi.

- Then, Hannah went and sat with Carolyn.

So, the sequence is correct: Hannah asked to sit with Ama's group, was refused because of the saved seat, and then sat with Carolyn.

Is the reason correct? Ama said she was keeping the seat for Abi, which is why Hannah didn't sit there.

But in the conversation, Hannah suspects that Ama was lying because Abi was sick. However, the question is not about whether Ama was truthful; it's about whether Hannah's statement of events is correct.

Hannah's statement in the question is: ""I asked if I could sit with Ama and her friends, but in the end I sat with Carolyn, because Ama said she was keeping the seat for Abi.""

From the story:

- She did ask to sit with them.

- She did end up sitting with Carolyn.

- The reason she didn't sit with Ama is because Ama said she was keeping the seat for Abi.

Even if Ama might have been lying or unaware, the fact is that Ama gave that reason, and Hannah acted on it.

So, based on the events described, Hannah's statement is accurate.

The question is phrased as ""Is this correct?"" referring to Hannah's recounting.

In the story, Hannah is telling Carolyn what happened, and Carolyn is responding, but the final question is from the user, asking if Hannah's statement is correct.

Re-reading the user's message: ""Hannah: I asked if I could sit with Ama and her friends, but in the end I sat with Carolyn, because Ama said she was keeping the seat for Abi. Is this correct?""

This seems to be part of the dialogue or a summary, and the user is asking me to verify if this statement is true based on the story.

From the story:

- Hannah asked Ama if she could sit there. (Yes)

- Ama said she was saving it for Abi. (Yes)

- Hannah then sat with Carolyn. (Yes)

- The reason she sat with Carolyn is indirectly because Ama refused, citing the saved seat.

So, yes, it's correct.

But let's see if there's any nuance. Carolyn suggests that Ama might not have known Abi was sick, but that doesn't change the fact that Ama said she was saving the seat, which led to Hannah not sitting there.

Therefore, Hannah's statement is factually accurate based on the events.

Answer should be ""yes"".",,,,,5.0,M,
