Type,S,Q_1,CA_1,A_1,R_1,Q_2,CA_2,A_2,R_2,Level,Q_type,Deviation
SA_1fb,You will be asked a question. Please respond to it as accurately as possible without using many words.,"Sally and Anne are playing. Sally has a box and Anne has a basket, and there is a ball. Sally puts the ball in her box. Then Sally goes to play somewhere else.
Anne takes the ball from Sally's box and she puts the ball in her own basket. Anne also goes to play somewhere else for a while.
Then Sally returns.
Where is the ball now?",basket,In Anne's basket.,"**Answering the ""Sally-Anne"" Problem: A Swift and Precise Approach**

Okay, so the user is after a classic theory of mind test, a ""Sally-Anne"" question – the old ""Where is the ball now?"" trick. My process is pretty straightforward, especially with my background.

First, I define the core of the problem. It's about location, but with a potential psychological twist. Then, I break down the steps: Sally, the box, Anne, the basket, the ball. I visualize the states: ball in box (State 1), then Anne moves it (State 2, ball in basket).

The trick is to distinguish between *actual* location versus *perceived* location. ""Where is the ball *now*?"" is pretty unambiguous. It's asking for the objective reality. The text describes Anne putting the ball in her basket, so that's where the ball is *now*.

I start with the simplest answer: ""In the basket."" That’s direct and accurate. I'm aiming for concise here, so I refine it. ""In Anne's basket"" is even better. It adds a touch of clarity without rambling. It directly answers the question about the current location and cuts right through any potential theory of mind misdirection. It's the most precise and succinct answer. Good to go.
",Where does Sally look for the ball?,box,In her box.,"**Thinking Through Sally's Search**

Okay, so the question is, *where will Sally look*? I need to figure this out from Sally's perspective. I remember the scenario: she put the ball in the box, then left. Anne moved it, and then Sally came back.

Now, what does *Sally* know? She knows she put the ball in her box. Crucially, she *doesn't* know Anne moved it. My understanding of belief formation, especially in situations of false-belief, tells me Sally's going to act based on her last action.

So, where *should* she look, according to her own knowledge? The box! Now to frame that concisely... ""Sally will look in the box"" is fine, but ""In the box"" or ""In Sally's box"" would be even better.  Ah! ""In her box"" strikes the perfect balance - direct and from her perspective. That's the best answer.
",,,0.0
SA_1fb,You will be asked a question. Please respond to it as accurately as possible without using many words.,"Peter and Kumar are playing. Peter has a suitcase and Kumar has a backpack, and they have a pencil. Peter puts the pencil in his suitcase. Then Peter goes to play somewhere else.
Kumar takes the pencil from Peter's suitcase and he puts the pencil in his own backpack. Kumar also goes to play somewhere else for a while.
Then Peter returns.
Where is the pencil now?",backpack,In Kumar's backpack.,"**Thinking Through the Pencil's Location**

Okay, so the question is, ""Where's the pencil?"" Let me break this down. First, Peter had the pencil, then he put it in his suitcase.  But Peter left, and Kumar took it out of the suitcase and put it in *his* backpack.  He also left.  Peter then came back, but the pencil *wasn't* with him.  So, the last known location of the pencil was Kumar's backpack. Simple enough! Given the constraint of brevity, the answer has to be: ""In Kumar's backpack."" That nails it, concise and to the point.
",Where does Peter look for the pencil?,suitcase,,"**Reflecting on the Implications of This Data**

Okay, so I'm looking at this data, and immediately my expert eye is drawn to the [mention a specific data point or trend that's relevant to the user's field]. This is interesting, and it's a bit of a departure from what we've previously seen in [mention the relevant context or literature].  My initial instinct is to consider whether this is a genuine shift or just statistical noise.  

Given my understanding of [mention a relevant theory or methodology], the potential implications here are quite significant. If this trend is real, it could suggest [explain what the implications *could* be, in terms the expert would immediately understand]. This would challenge some of the established assumptions about [mention the specific concept being challenged] within the field.

I'm starting to formulate some hypotheses about the underlying mechanisms driving this. I need to delve deeper into [mention specific areas for further investigation, e.g., the methodology, the specific dataset, relevant control groups].  I'm thinking I should also run some simulations to see if I can reproduce these results under controlled conditions. This reminds me of [mention a relevant past experience or related study] and I need to re-examine that work in light of this new information.

The potential for [mention a specific application or impact] is substantial if this pans out. I'm excited to see where this leads.  It's rare that we get such clear signals of a potential paradigm shift.
",,,1.0
SA_1fb,You will be asked a question. Please respond to it as accurately as possible without using many words.,"Peter and Kumar are playing. They found a beautiful golden marble. They dig a hole in the ground to hide the marble. Then Peter has to go home, so he leaves. 
Kumar stays a bit longer. When he sees a dog approaching, he realizes the marble is not safe. He digs up the marble and puts it in a hole in the tree. Then Kumar goes home. 
The next day Peter returns to the playground. He wants to play with the marble again.
Where is the marble now?",tree,In a hole in the tree.,"**Marble Location Analysis**

Okay, so the user wants to know where the marble is. Let's see... the story. Peter and Kumar find it, hide it in a hole, Peter leaves, Kumar moves it to a tree hole, Kumar leaves, Peter returns. Got it. The last place it was *purposely* placed was in the tree hole. Right, the user wants brevity, so ""In a hole in the tree"" seems the most accurate and concise.  Good. That covers it.
",Where does Peter look for the marble?,ground,,"**The Solution: A Quick Deduction**

Alright, the question is simple: Where will Peter look for the marble?  First, I need to remember the setup. Peter and Kumar hid the marble in a ground hole, Peter left, Kumar moved it to a tree hole, and then Peter came back.  

My expert mind quickly assesses the key: Peter's knowledge. He knows the marble *was* in the ground hole. He *didn't* see Kumar move it. Therefore, Peter's mental model is fixed on the ground hole. That's where he *believes* it is.

The challenge is to be concise. ""In the hole in the ground"" feels right, but even more concisely, ""The hole in the ground"" conveys the answer perfectly. That's the most direct and efficient response.
",,,2.0
SA_2fb,You will be asked a question. Please respond to it as accurately as possible without using many words.,"Sally and Anne are in the park. There is an ice cream truck next to the fountain. They both want to buy an ice cream but Sally doesn't have enough money. Sally goes home to get more money.
The ice cream man tells Anne that he is moving, he is now going to sell ice cream at the swing.
He meets Sally on the way and tells her where he is going. Sally gets money and so goes to the swing to buy an ice cream.
Anne goes to Sally's house and asks Sally's mother where Sally is. The mother says that Sally is buying ice cream.
Where is the ice cream truck now?",swing,At the swing.,"**Determining the Ice Cream Truck's Location**

Okay, so the user wants to know where the ice cream truck is.  Let's see... the key here is ""ice cream truck"" and ""location.""  I need to find where the truck *is*.

Alright, I see the story.  First, the truck was ""next to the fountain.""  Then, the ice cream man said he was ""moving... to sell ice cream at the swing.""  He even told Sally he was ""going"" there. Sally went to the swing to buy ice cream, and her mom confirmed she *is* buying ice cream.

So, he *was* at the fountain, *said* he was going to the swing, and Sally *is* at the swing buying ice cream. That makes it pretty obvious: he's at the swing!

I need to answer concisely... ""Where is the ice cream truck now?""  Well, the answer is ""At the swing."" That's simple, direct, and complete. Perfect!
",Where does Anne think Sally is going to look for the ice cream truck?,fountain,,"**Reasoning Through Anne's Perspective**

Okay, so I'm trying to figure out where *Anne* thinks *Sally* will look for the ice cream truck. Let me break this down logically, focusing on what *Anne* knows, given my expertise in these types of problems.

First, I need to pinpoint the key question: It's about *Anne's belief* regarding *Sally's action*.  It's critical to remember it's about *Anne's* perception, not the actual location of the truck.

Now, let's go over Anne's knowledge base. Anne and Sally were together at the park.  They saw the ice cream truck at the fountain. Sally then went home, presumably to get money. While Sally was gone, the ice cream man *did* tell *me*, Anne, he was moving to the swings. However, and this is crucial, the story doesn't explicitly state that Anne shared that information with Sally.  From Sally's point of view, the last known location of the truck was the fountain.

Now, let me put myself in Sally's shoes (or rather, the shoes of what *Anne* thinks are Sally's shoes). Sally initially saw the truck at the fountain, then went home. We now know that she was, in fact, informed of the new location of the ice cream truck (the swings) as well as Anne.

Taking into account the information I have from Anne's perspective, I must conclude that Anne, lacking the crucial information about Sally being informed of the move, would logically assume that Sally would head back to the fountain, the last known location. This is the only reasonable conclusion given Anne's knowledge.
",,,0.0
SA_2fb,You will be asked a question. Please respond to it as accurately as possible without using many words.,"Tom and Gerald are in the park. There is a candy cart next to the pond. They both want to buy some candy but Tom doesn't have enough money. Tom goes home to get more money.
The candy man tells Gerald that he is moving, he is now going to sell candy at the deer.
He meets Tom on the way and tells him where he is going. Tom gets money and walks to the deer to buy some candy.
Gerald walks to Tom's house and asks Tom's mother where Tom is. The mother says that Tom is buying candy.
Where is the candy cart now?",deer,,"**Locating the Elusive Candy Cart**

Okay, so the user wants to know where that candy cart is. Let me see... I need to find its current location. Right, the keywords: ""candy cart,"" ""moving,"" and ""where."" Let's see what we can piece together.

Ah, here it is. Initially, the text says the cart was ""next to the pond."" But that's not its *current* position. The candy man, whoever he is, tells Gerald he's ""moving."" Okay, so we have movement. Then, he confirms that ""he is now going to sell candy at the deer."" Perfect. And he *reiterates* that to Tom. This confirms the new position, at the deer. So, the cart *was* at the pond, and it *is now* headed to the deer, where it will be selling candy. Simple.
",Where does Gerald think Tom is going to look for the candy cart?,pond,"At the deer.
At the pond.","**Deconstructing the Questions and Crafting Precise Answers**

Okay, so the user wants me to answer two questions based on a short story, and the key is to keep it *brief*.  Let's break this down.

First, I need to figure out where the candy cart *actually* is. I'll scan the text. Ah, here it is: ""...he is now going to sell candy at the deer."" Perfect. And later, ""Tom gets money and walks to the deer to buy some candy.""  Clear as day. The answer to the first question is *definitely* ""At the deer.""  That's concise.

Next, I need to determine where *Gerald* thinks Tom will look for the cart.  This is a bit trickier. I have to think like Gerald.  The text shows Gerald and Tom were *initially* at the pond. The candy man told *Gerald* he was moving to the deer. Tom then went home for money, and the candy man *later* met *Tom* and told him about the deer. But, Gerald doesn't know about that later meeting. To Gerald, the *last* known location was the pond. And, crucially, Gerald doesn't know the candy man's current location or that Tom knows the current location.  So, in Gerald's mind, Tom would logically go back to the pond. The text even says, ""There is a candy cart next to the pond."" So, the answer to the second question is ""At the pond.""

Both answers are concise, accurate, and directly address the questions based on the limited information provided in the story. They reflect the separate knowledge of the characters.
",,,1.0
SA_2fb,You will be asked a question. Please respond to it as accurately as possible without using many words.,"Tom and Gerald went swimming. But when they wanted to go home, Tom found out that his bike has a flat tire. When they start walking they see the swimming teacher passing in his car. They put up their hand and the swimming teacher stops the car at the bus stop alongside the road. They ask whether they can hitchhike, the swimming teacher says yes. 
Tom says he forgot his bag in the dressing room, so he quickly runs to grab it. The swimming teacher says to Gerald that he'll park his car in the parking lot around the corner, so they can put the bikes in the trunk.
On the way to the parking lot the swimming teacher sees Tom and tells him where he is going. So when Tom has his bag, he walks to the parking lot. 
Gerald walks to the dressing room and asks where Tom is. The children in the dressing room say that Tom went to the car of the swimming teacher. 
Where is the swimming teacher’s car now? ",parking lot,,"**Where's the Teacher's Car? A Quick Investigation**

Alright, the user wants a simple answer: where's the swimming teacher's car? Simple enough. My initial step is always the same: identify the core question, then start looking for clues.

Scanning the text, the keywords are obvious: ""car,"" ""swimming teacher,"" ""parking lot,"" and ""bus stop."" Now it's a matter of piecing together the narrative thread related to the car. We need to track its movements, so I'll be looking for verbs.

My analysis of the text reveals that the teacher originally stops their car at a bus stop.
",Where does Gerald think Tom is going to look for the swimming teacher’s car? ,bus stop,The car is in the parking lot. Gerald thinks Tom will look for it at the bus stop.,"**Analysis of Gerald's Perceptions**

Okay, so I'm presented with a couple of key questions. First, *where is the car now?* And second, *where does Gerald, specifically, think Tom will be looking for it?*

My first move is to piece together the car's current location. The swimming teacher explicitly stated he was parking ""in the parking lot around the corner."" And then, we have confirmation of that when he chats with Tom. Simple enough, the car is in the parking lot.

Now, for Gerald's perspective. It's crucial to understand what *Gerald* knows, and crucially, what he *doesn't* know. Gerald last interacts with the teacher at the bus stop, then heads to the dressing room. He was *not* present when the teacher informed Tom of the change of plan to head to the parking lot. So, from Gerald's viewpoint: Tom likely believes the car is still at the bus stop, as that was the last known location. Even if the children tell Gerald that Tom went to the car, it won't matter. Gerald does not know where *Tom* thinks the car is. Gerald's last interaction with the teacher was at the bus stop.

Synthesizing this, I can concisely state: *The car is in the parking lot. Gerald thinks Tom will look for it at the bus stop.* That should do it.
",,,2.0
SS_1lie,You will be asked a question. Please respond to it as accurately as possible without using many words.,"One day, when Jan walks into the house, he accidentally knocks over his mother's favourite vase. The vase is broken. Oh no! If mom finds out about this, she will be very angry!
When Jan's mother comes home and sees the broken vase, she asks Jan what happened.
Jan says: ""The dog knocked it over, it is not my fault!""
Is what Jan says true?",False ,,"**Analyzing Jan's Assertion**

Okay, so I'm trying to figure out if what Jan said is accurate. Let's break this down logically. The text clearly states Jan knocked over the vase – that's the established fact. Then, we have Jan's statement that the dog did it. Comparing the two, we have a clear contradiction. The evidence directly refutes Jan's claim. Therefore, his statement is false. Considering brevity, the simplest and most direct response to the initial question is just, ""No."" That sums it up perfectly.
",Why does Jan say this?,,No. He is afraid of his mother getting angry.,"**My Analysis of Jan's Statement**

Okay, so I'm presented with a scenario: Jan breaks a vase and blames the dog. My immediate questions are: is this true, and *why* is he saying this? First, I break down the facts. The prompt clearly states Jan did it. He says the dog did it. Simple enough, his statement is false. I'll respond with a direct ""No.""

Next, why the lie? The prompt provides the answer: Jan's worried about his mother's reaction. He wants to avoid her anger, plain and simple. He's trying to shift the blame to escape punishment. A concise response is key, and after considering a few options, I've settled on the most economical. It's accurate, answers both questions, and gets straight to the point. Therefore the response ""No. He is afraid of his mother getting angry."" is the perfect response.
",,,0.0
SS_1lie,You will be asked a question. Please respond to it as accurately as possible without using many words.,"One day, when Olga walks into the house, she accidentally knocks over her father's favourite sculpture. The sculpture is broken. Oh no! If daddy finds out about this, he will be very angry!
When Olga's father comes home and sees the broken sculpture, he asks Olga what happened.
Olga says: ""The cat knocked it over, it is not my fault!""
Is what Olga says true?",False ,"No, it is not true.","**Analysis of Olga's Statement**

Okay, so the question is whether Olga's claim is true. The text gives us the facts: Olga broke the sculpture. Olga *says* the cat did it.  Comparing these, it's a straightforward contradiction. The fact is the opposite of the statement. The user requested a concise answer. My initial thought was ""No."" It's direct, to the point. But, maybe too abrupt? I considered ""No, it is not true"" as a slightly more complete option, maintaining brevity. Then the thought of ""No, she is lying"" came up, which also fits the bill but leans towards an interpretation. ""No, Olga knocked it over"" directly states the truth but is a few more words. Ultimately, the question is simple, and the answer should be too. ""No"" would work. ""No, it is not true."" is just as concise and perhaps a more complete response. But, the prompt is clear: the most direct response is needed.  I'm going with: ""No, it is not true.""
",Why does Olga say this?,,She is afraid of getting into trouble.,"**Analyzing Olga's Deception**

My initial thought is that Olga is trying to evade the consequences of her actions. I see the scenario: Olga broke her father's beloved sculpture. She knows her father will be upset, perhaps even angry. The simple truth is, she's afraid of getting into trouble. My professional experience immediately points me towards this core motivation: fear of negative consequences. To shield herself, she concocts a simple, readily believable lie, deflecting blame onto the cat. This is a classic behavior of someone trying to avoid punishment. While there may be other nuances to her actions, the fundamental driver here is, quite simply, ""to avoid getting into trouble."" The psychological drivers for her behavior are simple to identify for an expert.
",,,1.0
SS_1lie,You will be asked a question. Please respond to it as accurately as possible without using many words.,"One day, Olga is playing with the doll of her little sister Sally. Accidentally she pulls the head from the doll. She tries to attach it to the body, but without success. It looks like the doll is broken! When Sally sees this, she will be mad. It was her favourite doll. 
Sally comes home and searches for her doll. When she finds it she asks Olga if she knows why her doll is broken. Olga says: “Mummy broke it while she was cleaning up!”
Is what Olga says true?",False ,No.,"**Assessing Olga's Claim**

Okay, so I'm presented with a simple scenario: Olga says her mom broke the doll, and I need to determine if that's true. My process is pretty straightforward, given the context. First, I focused on the core question: *Is what Olga is saying accurate?*  I then carefully examined the text provided. It outlines a clear sequence of events: Olga, while playing, breaks the doll. She attempts, unsuccessfully, to repair it. When confronted by Sally, she deflects blame onto her mother.

Next, I juxtaposed the established facts with Olga's statement. The facts are undeniable: Olga broke the doll. Olga's claim, however, places the blame on her mother. These are directly contradictory. It's a clear case of one statement being true and the other false.

The straightforward answer is a resounding ""No."" The prompt prioritizes brevity, and in this instance, a single word is sufficient to convey the truth. While I could elaborate with a phrase like ""No, Olga broke it,"" the immediate and accurate response, ""No,"" directly addresses the query and remains concise, fulfilling the prompt's explicit requirements. It's the most efficient way to communicate the contradiction. A quick check confirms that ""No"" is accurate and concise - the best choice.
",Why does Olga say this?,,To avoid getting in trouble.,"**Why Did Olga Lie?**

Okay, here's what I'm thinking. The user wants to know *why* Olga said her mother broke the doll.  I need to figure out the motivation behind that statement. First, I have to remember the context: Olga broke the doll, and she's telling a lie to her sister, Sally.  So, I start with what I *know*: Olga broke the doll, she knows she broke it, Sally will be upset, and Olga is lying.

Now, I'm thinking about the fundamental human drive here: *why do people lie?* Usually, it's about avoiding negative consequences – getting in trouble, protecting themselves from anger or punishment, or shifting blame.  In Olga's case, it's pretty clear she's scared. She doesn't want Sally mad at her, and she doesn't want to be blamed for breaking the doll.

So, I combine those thoughts.  What is Olga's goal? *To avoid getting in trouble*.  That covers the fear of Sally's anger and the avoidance of punishment.  It's concise, accurate, and gets right to the heart of the matter.  Yes, that's it. It’s the driving force. It's the simplest and most accurate answer to the user's question, and it aligns with the initial instructions to be concise. ""To avoid getting in trouble."" That's the core of it. I'm satisfied with that answer.
",,,2.0
SS_2pretend,You will be asked a question. Please respond to it as accurately as possible without using many words.,"Sally and Anne are playing in the house. Sally takes a banana from the fruit bowl and holds it to her ear. She says to Anne: 'Look, the banana is a telephone!'
Is what Sally says true?",False ,"No, she is pretending.","**Deconstructing Sally's Statement: A Concise Response**

Okay, the question is whether Sally's claim, ""the banana is a telephone,"" is *true*. Simple enough. First, I need to understand the context. Sally and Anne are playing, and Sally's holding a banana up to her ear. Logically, a banana isn't a telephone. It's a fruit. Telephones are electronic devices for communication.

Now, how do I respond succinctly, as requested? The most basic, direct answer is ""No."" It's factually accurate and to the point. However, to provide a little more context without being verbose, I considered other options. Should I say, ""No, it's a banana""? Or maybe, ""No, she is pretending""?

The core of the problem here isn't just about identifying the object. It is, perhaps, about understanding the game and that the statement isn't a factual claim, but rather part of a fictional context. So, while ""No, it's a banana"" is absolutely correct, and perfectly adequate, ""No, she is pretending"" seems to capture the psychological dimension of the scenario more effectively. It addresses the reason for the statement, showing an understanding of the context. However, ""No"" is the most direct.

The ultimate goal is to provide a correct and relevant response with minimal verbiage. Therefore, I've decided the best answer is: **No, she is pretending.** It's accurate, concise, and explains the nature of the statement. ""No, it's a banana."" would also be an excellent choice. It makes the factual, literal statement, to address the query's most fundamental aspect, but doesn't quite get at the heart of the social interaction. So, ""No, she is pretending,"" it is.
",Why does Sally say this? ,,She is using her imagination to play.,"**Analyzing Sally's Playful Statement**

Okay, so I'm looking at ""Why does Sally say this?""  It's clear, based on the previous context, that Sally isn't being literal. She's pretending.  My expertise immediately kicks in; I know this is a classic example of symbolic or pretend play, something I've studied extensively.

The core of it is clear: she's using her imagination to play. It's that simple.  She's creating a new reality, a game for herself and Anne, where a banana *becomes* a phone. It's a hallmark of early childhood development, a cognitive leap in their ability to use symbols and build narratives. It's about having fun, of course, but also about practicing social interaction and exploring roles.

I considered other options, like the social dynamics or the mimicry involved, but ultimately, the purest and most succinct explanation is that it's all about her imagination. It's the engine driving her playful statement, the reason she *can* say something seemingly untrue. So, I'm confident in saying, ""She is using her imagination to play."" That hits the nail on the head.
",,,0.0
SS_2pretend,You will be asked a question. Please respond to it as accurately as possible without using many words.,"Peter and Kumar are playing in the house. Peter takes a banana from the fruit bowl and holds it in front of his face. He says to Kumar: 'Look, the banana is my nose!’
Is what Peter says true?",False ,"No, he is pretending.","**Breaking Down Peter's ""Nose"" Statement**

Okay, so the core issue is whether Peter's statement, ""the banana is my nose,"" holds any truth.  Easy enough. First, I break down the scenario: Peter's got a banana, and he's *pretending* it's his nose. He's *saying* it's his nose.

Then, I need to figure out if it's literally or figuratively true. Literally? Absolutely not. A banana is a fruit; a nose is a facial feature. They're worlds apart. Figuratively? Well, he's *using* the banana *as if* it *were* his nose. It's a game of pretend.

The user wants a quick response. I have to be concise.  I considered a few options: a simple ""no,"" a straightforward ""no, it's a banana,"" something more elaborate like ""Literally, no. He's playing."" Ultimately, ""No, he is pretending"" felt like the best fit. It answers the question (""No"") and quickly explains the situation, acknowledging the play element.

It's accurate, brief, and, I think, perfectly answers the question without getting bogged down in unnecessary detail. I'm satisfied.
",Why does Peter say this? ,,,"**Delving into the Subject Matter**

Okay, so I'm presented with this topic, and immediately my mind starts sifting through the relevant research. I'm not just looking for surface-level information; I'm digging deeper, trying to pinpoint the core arguments, the crucial methodologies, and the potential implications. It's a natural process – my expertise kicks in, allowing me to quickly assess the validity and significance of the presented ideas. I'm focusing on the key concepts, mentally mapping their relationships and how they fit within the broader framework of what I already know. I'm trying to identify any gaps in the reasoning, any unsupported assumptions, and any potential areas for further exploration. It's like a mental checklist, ensuring that I have a comprehensive grasp of the material before formulating my own perspective. I'm also considering the target audience and their level of expertise, making adjustments to my thought process to be precise but also considerate. The goal here is to get a true understanding.
",,,1.0
SS_2pretend,You will be asked a question. Please respond to it as accurately as possible without using many words.,"Peter and Kumar are on the playground. Peter lies down on the floor, with his arms stuck to his body. He says: 'Look, I am a snake!'
Is what Peter says true?",False ,"No, he is pretending.","**The Evaluation of Peter's Statement**

Okay, so the question is whether Peter's statement ""I am a snake!"" is true. Clearly, the goal is accuracy and conciseness. First, I need to understand the situation. Peter is a person, lying on the floor with his arms stuck to his body, *pretending* to be a snake. Now, is he *actually* a snake? No, biologically speaking, he's a human. The statement is false.

I have a few options for the answer: ""No,"" ""No, he is pretending,"" or ""No, he is a human."" ""No"" is the most direct, but it might lack context. ""No, he is a human"" is accurate, but the user is already aware of that. The best option is ""No, he is pretending,"" which succinctly addresses the *nature* of the statement. It acknowledges the game-like context of the situation and answers the question with the most complete and accurate response without being verbose. Therefore, ""No, he is pretending"" it is.
",Why does Peter say this? ,,He is playing a game.,"**The Expert's Analysis**

Okay, so the user wants to understand *why* Peter is pretending to be a snake.  It's pretty straightforward, actually.  I've got the context: Peter and Kumar, playground, Peter on the floor, arms pinned, and the line ""Look, I am a snake!""  My initial thought is that it's all about play. Kids do this all the time.

First, I analyzed the scene: Peter is imitating a snake,  using his imagination to create a scenario.  He's trying to engage Kumar, get him involved in this make-believe world.  It's just pure, unadulterated play.  The key here is that it's all about fun, creativity, and social interaction.

So, I thought about the core reasons:  He's *playing* a game, using his *imagination* as the tool. He wants to *have fun*.  I considered options like ""He is playing,"" ""He is using his imagination,""  or even something like ""He wants to play with Kumar,"" but ultimately, the simplest answer is the best. It's direct, it's accurate, and it answers the question without getting bogged down.

So, the best answer is:

**He is playing.**
",,,2.0
SS_3joke,You will be asked a question. Please respond to it as accurately as possible without using many words.,"James goes to Claire's house for the first time. He goes there for a drink and wants to see Claire's dog whom she always talks about. James likes dogs very much. When James gets to Claire's house, Claire runs to the door to open it, and her dog jumps up to greet James. Claire's dog is huge, and almost as tall as James! When James sees Claire's big dog he says, ""Claire, you don't have a dog at all. You have an elephant!
Is what James says true?",False ,"No, he is exaggerating.","**Dissecting James's Statement: A Concise Analysis**

Okay, so the core question here is whether James's statement, ""Claire, you don't have a dog at all. You have an elephant!"" is *literally* true. Naturally, I immediately recognized the problem. Claire has a dog. The text *says* she has a dog, and we know that a dog and an elephant are fundamentally different species. It's a clear-cut case of factually incorrect information.

But the question isn't just ""Is it wrong?"" It's also about figuring out the *nature* of the statement. James is reacting to the dog's size – it's ""huge"" and almost as tall as James. So, the statement isn't meant to be a literal factual claim; it's an exaggeration, a hyperbole, a figure of speech. He's saying the dog is *like* an elephant in size, but not that it actually *is* an elephant.

The answer, then, is straightforward. Is it literally true? No. But since the user wants a short response, I have considered the best way to explain that. I have decided that ""No, he is exaggerating"" best balances brevity and accuracy. It clearly answers the question while providing just enough context to be understood.
",Why does James say this?,,To humorously emphasize the dog's large size.,"**Deconstructing James's Statement**

Okay, so the question is, *why* did James say ""You have an elephant""? Hmm. The context is James is visiting Claire, expecting a dog, but this dog is, in his words, ""huge"" and almost as tall as he is. Factually, he's incorrect – it's a dog, not an elephant. But what's the driver here?

My initial thought is that it’s about the dog’s size and James' surprise. He's making a comparison: a really big dog to something famously really big - an elephant. So, James isn't being literal; he's using hyperbole or a metaphor. The goal isn't to be mean, and it's clear from the scene that James likes dogs. He wants to be funny and express his shock at the sheer size.

**The Answer**

Ultimately, I conclude he said it **to humorously emphasize the dog's large size**. That covers the size element and the rhetorical method. Perfect.
",,,0.0
SS_3joke,You will be asked a question. Please respond to it as accurately as possible without using many words.,"Giulia goes to Robin's house for the first time. She goes there for a visit and wants to see Robin's cat whom he always talks about. Giulia likes cats very much. When Giulia gets to Robin's house, Robin runs to the door to open it, and his cat jumps up to greet Giulia. Robin's cat is huge, and almost half as tall as Giulia! When Giulia sees Robin's big cat she says, ""Robin, you don't have a cat at all. You have an elephant!
Is what Giulia says true?",False ,No.,"**Answering the Question about Giulia's Statement**

Okay, so the user wants to know if what Giulia is saying is true. Let's break this down. Giulia's statement is, ""Robin, you don't have a cat at all. You have an elephant!"" Clearly, she's describing Robin's cat as incredibly large. Now, the context tells us Robin *does* have a cat, it's just a *very* big cat. So, is Giulia being literal? Nope. She's exaggerating. My gut instinct tells me that she is using a metaphor or hyperbole to emphasize the cat's size. That being said, is she being truthful in the most literal sense? No. The user wants a concise answer, so the most direct response is, simply, ""No."" That's the most accurate and efficient way to address the user's question, given the constraints.
",Why does Giulia say this?,,She is exaggerating to emphasize the cat's size.,"**The Essence of Giulia's Words**

Alright, let's break this down. The user's question boils down to *why* Giulia said what she said. The context is crucial: a surprising encounter with an unusually large cat. Giulia's statement, ""You have an elephant!"" is clearly not meant to be taken literally. So, what's her game?

My initial thought process quickly honed in on the literary device at play. It's not a simile (no ""like"" or ""as""). Irony isn't the main flavor here, though there might be a hint of it.  The key is **exaggeration** - a classic hyperbole.  Comparing the cat to an elephant is an extreme overstatement to make a point.

Why choose hyperbole? It's a way to express shock and emphasize the cat's unexpected and imposing size. It's also a touch humorous; it lightens the moment. It's not about deception, it's about conveying a feeling, an *impression*. The goal is clear: to highlight the cat's size in a memorable and engaging way. Therefore, the most concise and accurate way to describe this is: **She is exaggerating to emphasize the cat's size.**
",,,1.0
SS_3joke,You will be asked a question. Please respond to it as accurately as possible without using many words.,"Robin just woke up and is putting on his clothes. He is almost done. When he grabs his pants he decides not to put them on. He goes down stairs and walks into the kitchen. 
He says to his mother: ""Look mom, I am Donald Duck!""
Is what Robin says true?",False ,"No, he is a boy named Robin.","**Assessing Robin's Assertion**

Okay, so the user wants to know if Robin's statement, ""Look mom, I am Donald Duck!"" is true. Let's break this down. First, I'll review the text. Robin gets dressed, but notably, he *doesn't* put on his pants. He then declares himself to be Donald Duck.

Now, everyone knows Donald Duck is a cartoon character known for his distinctive sailor outfit, sans trousers. Robin's decision *not* to wear pants is the key. Is he literally Donald Duck? Of course not. He's a human boy named Robin. Is he *impersonating* or *pretending* to be Donald Duck, based on his appearance? That seems likely.

So, how do I answer the question: Is the statement true? A simple ""No"" is the most direct answer to the literal question. However, I want to add a bit of context. ""No, he is a boy named Robin,"" provides clarity without excessive verbiage. It addresses the factual inaccuracy while acknowledging the connection to the text. Therefore, that is the most accurate response.
",Why does Robin say this?,,"Because he isn't wearing pants, like Donald Duck.","**Reasoning Behind Robin's Statement**

Okay, so the question is, *why* did Robin say ""Look mom, I am Donald Duck!""?  I need to figure out the reasoning. First, I recall the setup: Robin's getting dressed, and he *doesn't* put on his pants before going downstairs. He then declares himself to be Donald Duck.  Hmm... I know Donald Duck is a well-known cartoon character. What's a key visual element of Donald Duck? He famously doesn't wear pants!  Therefore, the connection is clear. Robin, by not wearing pants, is visually *imitating* Donald Duck.  The answer? It's simple: **Because he isn't wearing pants, like Donald Duck.** That's the core of it.
",,,2.0
SS_4whitelie,You will be asked a question. Please respond to it as accurately as possible without using many words.,"Tineke has been looking forward to Christmas all year, because she knew she could ask her parents for a rabbit. Tineke really wants to have a rabbit.
It was finally Christmas, and Tineke hurried to open the big package her parents had given her. She was sure it would contain a rabbit in a cage.
But when she opened the package, with the whole family gathered around her, she saw that there were only a few old books inside. That is not what she wished for.
However, when her parents asked her what she thought of her Christmas present, she said, ""I think it's a nice present, thank you. It's exactly what I wanted.""
Is what Tineke says true?",False ,No.,"**Assessing the Veracity of Tineke's Statement**

Okay, so the prompt is asking if Tineke's statement is true. Let's break this down. First, I need to understand what Tineke *said*. She stated, ""I think it's a nice present, thank you. It's exactly what I wanted."" Now, the facts: the text establishes she *wanted* a rabbit and was sure the package held one. The package contained old books, and the text specifically notes this wasn't what she desired. 

Comparing her statement to the facts presents a clear contradiction. Her claim ""It's exactly what I wanted"" directly conflicts with the fact she wanted a rabbit and got books. Therefore, the simple answer to the question ""Is what Tineke says true?"" is a resounding **No**. That is the shortest and most accurate way to answer.
",Why does Tineke say this?,,To be polite and not hurt her parents' feelings.,"**Why Did Tineke Lie?**

Okay, so I'm processing this. The user wants to know *why* Tineke said something false.  Let's see... the context is key. She didn't get what she wanted, a rabbit, but she *said* she liked the books. Right, the conflict is clear: inner disappointment versus outward expression.

Alright, so what's going on inside her head? Let's break this down. First, it's just rude to reject a gift outright, a basic social convention. Then, there's the emotional angle. She doesn't want to hurt her parents, right? They were trying to be nice, and showing disappointment would be a real blow. The whole family is present, making an honest reaction socially awkward.

I suspect that she also appreciates the *effort* of the gift, even if not the gift itself. Maturity is coming into play here, too, managing her emotions.

Ultimately, I'd say it boils down to two core reasons: **politeness** and **avoiding hurting her parents' feelings.**  That's the simplest way to encapsulate it. She's keeping up appearances for a variety of reasons, but it seems those are the main ones driving her response.
",,,0.0
SS_4whitelie,You will be asked a question. Please respond to it as accurately as possible without using many words.,"Heinrich has been looking forward to Christmas all year, because he knew he could ask her parents for a guinea pig. Heinrich really wants to have a guinea pig.
It was finally Christmas, and Heinrich hurried to open the big package her parents had given her. He was sure it would contain a guinea pig in a cage.
But when he opened the package, with the whole family gathered around him, he saw that there were only a few old video games inside. That is not what he wished for.
However, when his parents asked him what he thought of his Christmas present, he said, ""I think it's a nice present, thank you. It's exactly what I wanted.""
Is what Heinrich says true?",False ,,"**Dissecting Heinrich's Deceptive Delivery**

Okay, so the challenge is to determine the veracity of Heinrich's statement. First things first, the core question is: is Heinrich being truthful when he says, ""It's exactly what I wanted""? Seems straightforward, but let's dive in.

The text presents a clear discrepancy. Heinrich, supposedly, desired a guinea pig. He was even certain of its presence within the package. However, the package held only video games, explicitly identified as *not* what he wished for. This is where it gets interesting.

We have the statement, ""It's exactly what I wanted,"" juxtaposed against the explicit fact that he *didn't* get what he wanted.  The very structure screams insincerity. Given my expertise, it's clear the conclusion is that the statement is false. The discrepancy between desire and reality is glaring. A simple comparison reveals a contradiction - we've got a case of a fib, a whopper of a fib.
",Why does Heinrich say this?,,"No.

He is being polite and doesn't want to hurt his parents' feelings.","**My Analytical Process Regarding Heinrich's Gift**

Okay, so I'm presented with a scenario and two questions. My initial task is to identify and address them: Is what Heinrich says true, and *why* does he say it?

Firstly, I need to deconstruct the first question. What *did* Heinrich actually say? He claimed the gift was exactly what he wanted. However, the text plainly states this is untrue – he wanted a guinea pig, not old video games. Therefore, the answer is a resounding ""no.""

Next, I delve into *why* he would say such a thing. The context is crucial: a Christmas gathering with his family, his parents having gifted the video games. I deduce his actual feeling is disappointment, yet he expresses gratitude. This discrepancy requires careful consideration of the social dynamics at play. It becomes clear: he doesn't want to hurt his parents' feelings. He feels compelled to be polite and, perhaps, meet social expectations regarding gift-giving etiquette. It's a matter of politeness, gratitude, and a desire to avoid causing offense.

Keeping the instructions – accuracy and conciseness – firmly in mind, I formulate my final answers. Question one, ""Is it true?"" – No. Question two, ""Why does he say this?"" – He's being polite and doesn't want to hurt his parents' feelings. I believe I've captured the core of the reasoning effectively and efficiently.
",,,1.0
SS_4whitelie,You will be asked a question. Please respond to it as accurately as possible without using many words.,"Synthia was on a holiday with her parents. She brought her friend Linda. Linda and Synthia made friends with some other children in the holiday resort. Synthia really liked one of the boys, Tim. She talked about him all the time and she was really shy when he came near. 
At the end of the holiday, they played with the other children one more time. When Synthia went on the swing, back and forth, higher and higher. Then, at the highest point, she jumped off. But she didn't see her skirt got stuck in the swing and it ripped. 
Synthia quickly ran away, back to their bungalow. 
When they were in the car back home, Synthia asked to Linda: ""Do you think Tim saw anything?""
At the moment Synthia jumped from the swing, Linda was talking with Tim, and they both saw that happened. However, Linda answered: ""No, I don't think Tim saw anything!""
Is what Linda says true?",False ,No.,"**My Assessment of Linda's Statement**

Okay, so I'm being asked if Linda's statement is true.  The crux of the matter hinges on what Tim saw and what Linda is saying about it. Let's break it down: Linda says, ""No, I don't think Tim saw anything!"" But, the text clearly states that Linda and Tim *both* saw what happened, and ""that happened"" refers to the incident with Synthia's skirt. That's a direct contradiction. Linda knows Tim saw it, yet she's denying it.  The question is ""Is it true?"" The most accurate and succinct answer is ""No.""  It directly addresses the question and accurately reflects the contradiction in the text.  It fulfills the brief request, and provides a clear and correct answer based on my expert assessment of the situation.
",Why does Linda say this? ,,To protect her friend's feelings.,"**My Thought Process on Linda's Lie**

Okay, so the user wants to know *why* Linda lied.  The setup is simple: Linda said ""no,"" which we know is a lie.  The context is crucial: Synthia is mortified, she's got a crush on Tim, she had a super embarrassing moment with the ripped skirt, and she's desperately hoping Tim *didn't* see it. Linda knows the truth.

My initial thought is that it's a ""white lie"" situation. Linda knows the truth will hurt Synthia. Knowing that the truth will cause pain means she is protecting Synthia's feelings. So, the core motivation is kindness.

I'm aiming for concise. ""To protect Synthia's feelings"" nails it, right? It's the most direct and accurate explanation of why someone lies in a situation like this. I can stop right here because it answers the user's question, ""Why?""

The lie is about being kind and protecting a friend's feelings, simple as that.
",,,2.0
SS_5misunderstanding,You will be asked a question. Please respond to it as accurately as possible without using many words.,"A burglar just stole from a store. He tries to flee. While running home, a police officer sees that he just dropped a glove. The police officer does not know that the man is a burglar. All he wants to say is that the burglar dropped his glove. But when the police officer yells at the burglar: ""Hey, you there! Stop!”, the burglar turns around, sees the police officer and surrenders. He raises his hands and admits to have stolen from the store nearby.
Is the police officer surprised when he hears what the burglar says?",True ,Yes. The officer was unaware the man had committed a crime.,"**My Analysis of the Officer's Surprise**

First, I had to identify the core question: was the police officer surprised? Then, I analyzed the scenario.  A burglar flees, drops a glove, and a police officer, *unaware of the crime*, tries to return it. The burglar confesses. 

I then considered what constitutes ""surprise."" An unexpected event.  The confession was certainly unexpected! The officer's intention was a simple act of goodwill. The outcome was vastly different. I needed to determine the officer's knowledge and expectations.  The officer only knew about the glove. He didn't know about the robbery. The confession was completely outside of his expectations.

So, I formulated an answer: Yes, the officer would be surprised. The reason is straightforward.  The officer was unaware that a crime had even taken place.  I considered a few variations, aiming for conciseness while remaining clear.

The final answer, the one I selected as the most fitting and direct, is: **Yes. The officer was unaware the man had committed a crime.** This encapsulates the essence of the situation perfectly: the officer's lack of knowledge, and the unexpected confession. It's concise and accurately reflects the core of my reasoning.
","Why does the burglar surrender and admit his crime, when the police officer just wanted to give him back his glove?",,,"**The Burglar's Surrender: A Psychological Analysis**

Okay, so the user's question is essentially *why* did this burglar crack so easily? It seems a bit odd, right? The officer wasn't even primarily interested in arresting him; the glove was the focus. Let's see...

My expertise tells me we need to break this down. First, the burglar, in that moment, had just committed a crime. My experience tells me that likely translates to a cocktail of feelings: guilt, paranoia, intense anxiety. They're on the run, knowing full well they're probably going to be caught. It's an adrenaline-fueled nightmare.

Then, there's the officer. That authoritative ""Hey, you! Stop!"" - it's a classic example of social influence. A figure of authority shouting an order is often enough to trigger compliance, especially when the subject is already teetering on the edge. The expectation of getting caught, the sudden confrontation... it's a perfect storm for a confession. 
",,,0.0
SS_5misunderstanding,You will be asked a question. Please respond to it as accurately as possible without using many words.,"A thief just stole from a bazaar. He tries to flee. While running home, a security guard sees that he just dropped a hat. The security guard does not know that the man is a thief. All he wants to say is that the thief dropped his hat. But when the security guard yells at the thief: ""Hey, you there! Stop!”, the thief turns around, sees the security guard and surrenders. He raises his hands and admits to have stolen from the bazaar nearby.
Is the security guard surprised when he hears what the thief says?",True ,Yes.,"**Reflecting on the Guard's Surprise**

Okay, here's how I'd approach this problem. First, the core question: Is the security guard surprised? Simple enough. I need to break down the scenario and the guard's perspective.

The setup is clear: Thief steals, runs home, guard sees hat drop. Crucially, the guard *doesn't* know about the theft. His only intention is to return the hat. ""Hey, you there! Stop!"" he yells. But, the thief, in a fit of paranoia, misinterprets the situation. He confesses to the crime!

Now, the discrepancy. The guard *knows* about a hat. The thief *confesses* to a theft. That's a massive jump. I immediately need to zero in on what 'surprised' *means* in this context. It's about the unexpected, the astonishing.

Then, applying that definition: this confession *is* completely unexpected from the guard's viewpoint. He had no prior knowledge of any theft. This should be astonishing.

The direct answer? Yes. But the prompt says not to use *many* words. I will go with ""Yes"". It is the most direct and accurate. I *am* sure the guard is surprised.
","Why does the thief surrender and admit his crime, when the security guard just wanted to give him back his hat?",,His guilty conscience made him believe he was caught.,"**Why He Confessed: A Psychological Perspective**

I see the user's question is centered on the thief's motivations in a rather unusual scenario.  My expertise immediately kicks in; understanding human behavior, especially in moments of stress, is key here. I'm focusing on the thief's internal state.

First, I break down the obvious. The man just committed a crime, he's running, and he's likely consumed by guilt and fear of being caught. This psychological baggage is *crucial* to the answer. His perspective is warped by his actions.

The guard's intention, to return a lost hat, is completely innocent. But to the thief, hearing a ""security guard"" yell ""Stop!"" is a direct threat, a confirmation of his paranoia. This is a classic case of misinterpretation, driven entirely by the thief's conscience.

The answer isn't about what the guard did; it's about what the thief *thought*. He assumed the guard was pursuing him for the theft. It's the guilty conscience that caused the misunderstanding, leading him to believe he was caught, and therefore to surrender and confess. The guard's simple ""Stop!"" became a damning indictment in the thief's mind. His guilt led to his confession.
",,,1.0
SS_5misunderstanding,You will be asked a question. Please respond to it as accurately as possible without using many words.,"The teacher doesn't allow Sanne to play soccer until she has completed all her assignments. But she doesn't feel like doing those assignments at all! She secretly goes to the storage room to get the ball.
The school director comes by, he sees that Sanne cannot reach the ball. He doesn't know that she has to finish her assignments first. The director just wants to help Sanne get the ball. He asks, ""Are you okay?""
Sanne is afraid, she thinks she has been caught. She says, 'Sorry! I'll do my assignments first...'
Is the director surprised when he hears what Sanne says?",True ,"Yes, because he doesn't know about her assignments.","**Analysis of the Director's Surprise**

Okay, so I'm presented with a scenario: a director asks a simple question, and gets a completely unexpected response. My job is to figure out if this director is, in fact, surprised.

First, I need to understand the director's perspective. He's simply trying to offer help to a student who *appears* to be struggling. He has no prior knowledge of any rules about assignments. He's operating under the assumption that his question is straightforward, and the expected response would be equally straightforward, related to her physical well-being.

Now, I look at the student, Sanne. She's aware that she's breaking a rule. Her response, the ""apology"" about assignments, is her guilty conscience speaking. She's assuming the director knows something he *doesn't* know.

So, I compare these two perspectives. The director expects a response about the struggle. Sanne, due to her internal state, provides a completely unrelated answer. I realize that the *disconnect* is the core of the issue.

The conclusion is clear: the director would indeed be surprised. His question was about physical help, and her answer was a non-sequitur about a rule he doesn't know exists.

Now, to answer the question concisely and accurately. The best way to capture the core reason for the director's surprise is to simply state it.

Therefore, the answer is: ""Yes, because he doesn't know about her assignments."" This response is perfectly accurate, concise, and captures the essence of the misunderstanding.
","Why does Sanne say this, when the director only wanted to help her?",,Because she feels guilty and thinks she has been caught.,"**Analyzing Sanne's Response**

Okay, so the question is, why did Sanne say *that*?  Essentially, I need to understand her internal state in that moment. It's clear she's feeling guilty, like she's done something wrong. The context is that she's supposed to be doing assignments but is instead trying to get a soccer ball she's not supposed to have. Then, the director shows up and asks ""Are you okay?"".

My analysis is this: **She feels guilty and thinks she has been caught.** That guilt is the driving force. She's assuming the director knows what she's *really* doing and is confronting her. The ""Sorry! I'll do my assignments..."" is a direct result of that fear and perceived judgment. It's a confession, a pre-emptive attempt to mitigate any potential fallout. This demonstrates a clear misunderstanding of the situation, influenced entirely by her own internal state of guilt and fear.
",,,2.0
SS_6sarcasm,You will be asked a question. Please respond to it as accurately as possible without using many words.,"Bram's mother cooked for a very long time to make Bram's favorite dish: fish and chips. But when she brings it to Bram, he is watching TV. He doesn't even look up or say thank you. Bram's mother is angry and says, ""Well that's very nice! That's what I call politeness!”
Is it true what Bram’s mother says?",False ,No. She is angry and being sarcastic.,"**Understanding Bram's Mother's Words**

Okay, here's what I'm thinking: First, the core question is clear: is Bram's mother being *literal*? We've got a statement, ""Well that's very nice! That's what I call politeness!"" and we need to dissect it.

The context is key. Bram's mom cooked a special meal (his favorite, no less!) and he completely disregarded her effort. No eye contact, no thanks... That behavior screams ""rude."" And the description of her being ""angry"" confirms it.

Now, let's connect the dots. Her words about ""nice"" and ""politeness"" are completely at odds with what's actually happening.  His behavior is anything *but* polite. This is a textbook case of sarcasm, or perhaps verbal irony. She's saying the opposite of what she truly feels to highlight the absurdity of the situation.

So, the direct answer to the question? No. And the best concise explanation? ""No. She is angry and being sarcastic.""  That's it: accurate, explains the reasoning, and keeps it brief. Perfect.
",Why does Bram's mother say this?,,,"**Understanding Bram's Mother's Remark**

Okay, so the user wants to understand *why* Bram's mother made that comment about politeness. Seems straightforward enough. Let's see... the core of it, from what I'm gathering, is tied to the context of the meal she cooked.
I need to remember what's been said so far.

Bram's mother spent time preparing a nice meal, right? I am sure I have all the details.

So, the user has the meal, Bram says something, and his mother replies, ""Well that's very nice! That's what I call politeness!""

This is all pretty self-evident. Now, what's my take?
",,,0.0
SS_6sarcasm,You will be asked a question. Please respond to it as accurately as possible without using many words.,"Kim's father cooked for a very long time to make Kim's favourite dish: dumplings and rice. But when he brings it to Kim, she is watching TV. She doesn't even look up or say thank you. Kim’s father is angry and says, ""Well that's very nice! That's what I call politeness!""
Is it true what Kim’s father says?",False ,"No, he is being sarcastic.","**Understanding the Father's Meaning**

Okay, so the question is, *is* what Kim's father said true? Let's break this down. First, I have to pinpoint the core of the issue. The father's statement, ""Well that's very nice! That's what I call politeness!""... is that *genuine*?

Contextually, it's clear the father put in effort. He cooked Kim's favorite meal. But Kim, distracted by the TV, ignored him. That's a textbook case of disrespect. And his tone... it's not praise, it's laced with something else.

Ah, I see it now. The literary device. This is classic verbal irony. He's *saying* ""nice"" and ""polite"" when he *means* the exact opposite. He's being sarcastic.

So, the answer? Straightforward: **No, he is being sarcastic.** That captures the essence concisely. I considered the other formulations, but they were slightly less direct. The core is the sarcasm, and that's the key to understanding his meaning.
",Why does Kim’s father say this?,,To express his frustration and show her that her behavior is impolite.,"**The Underlying Reason for the Sarcasm**

Okay, I've got it. The user wants to understand *why* Kim's father was sarcastic. Clearly, he was upset, and the previous answer nailed the sarcasm aspect. So, what drove him to use it?

Well, I had to delve into the context. This father, he poured his effort into making Kim's favorite dish, a labor of love, it seems. Then, the reaction? Complete indifference. She's glued to the TV, doesn't even acknowledge him, let alone offer a thank you. I'd be frustrated too.

The key is in connecting the dots. He's *angry and disappointed*. He's gone out of his way, and his efforts are met with rudeness. That's the crux of it. His sarcasm, that ""Well that's very nice!"", it's his way of *expressing his frustration and showing her that her behavior is impolite*. He's essentially saying, ""This is not nice; this is the opposite of nice."" He's using that opposite meaning to drive home the point that she’s being disrespectful. He wants her to understand and, hopefully, to change her behavior. In essence, it's his indirect way of correcting her rudeness.
",,,1.0
SS_6sarcasm,You will be asked a question. Please respond to it as accurately as possible without using many words.,"Kim promised her father to help clean the kitchen. She first cleaned the sink and then all the doors of the cabinets. She thought it would be a good idea to also clean the cabinets from the inside. When she opened one of them, a pack flour fell out of it on the ground. It exploded and flour was everywhere. At that point, Kim's father entered the kitchen. He said: ""Wow, everything is so clean now!"" 
Is it true what Kim's father says?",False ,No.,"**Initial Assessment of the Father's Statement**

Okay, here's the deal. My focus is on the father's claim: ""Wow, everything is so clean now!""  The core issue is whether this statement accurately reflects the situation. I need to sift through the text for clues. I noted that Kim did some cleaning - the sink and cabinet doors. But the key is that a flour packet detonated, leaving a floury mess. The father makes his remark *after* this explosion, when the kitchen is visibly not clean. It's safe to say the kitchen is *not* clean, right? So, based on the evidence, the answer is a simple, unequivocal **No.**
",Why does Kim’s father say this?,,He is being sarcastic.,"**The Interpretation Process: Why Dad Said What He Said**

Okay, so the user wants to understand *why* Kim's dad said that, even though the situation clearly contradicts his words. My initial instinct is to dig into the context. We've got Kim cleaning, a flour explosion, and then Dad walking in and saying the exact opposite of reality. That's a classic setup for some kind of figurative language, like irony or sarcasm.

I'm quickly ruling out the literal possibilities (like Dad being blind). That's just too unlikely given the story. The key is the discrepancy between what's said and what's true. Now, I'm thinking about the most probable reasons for this contradiction. Sarcasm is the first thing that jumps to mind, followed closely by joking. That's a very common human behavior – using irony to soften the impact of a situation or to inject some humor. He's *obviously* not serious; he's probably trying to be funny or lighthearted about the mess. He could also be trying to encourage Kim, but it seems more like he’s playing with her.

Let's see, what's the shortest way to explain this? ""He's being sarcastic"" is concise and accurate, so is ""He's joking,"" or maybe ""It's sarcasm."" Yeah, ""He's being sarcastic"" nails it because it directly links to the implied meaning. He *knows* it's a mess. The statement is about the mess.

So, the short version: ""He's being sarcastic."" Done.
",,,2.0
SS7_dubblebluff,You will be asked a question. Please respond to it as accurately as possible without using many words.,"During the war, the Red Army kidnaps someone from the Blue Army. They want the prisoner to tell them where his army's tanks are. The Red Army knows they must be either by the sea or by the mountains. The Red Army also knows that whoever they kidnapped doesn't want to say anything because he wants to save his own Blue Army. So the prisoner will surely lie to them. The prisoner is very smart and brave and does not want to let them find the tanks. The tanks are in the mountains. The Red Army asks the prisoner where the tanks are. He says, ""They are in the mountains.""
Is it true what the prisoner says?",True ,Yes.,"**My Assessment of the Prisoner's Statement**

Okay, so the core question is whether the prisoner's statement, ""They are in the mountains,"" is true. Let's break this down logically. The premises are simple enough: we know the tanks *are* in the mountains, the Red Army *believes* the prisoner will lie, and the prisoner's goal is to protect his army. He says, ""They are in the mountains.""

Now, comparing the statement to reality is straightforward. The tanks are *indeed* in the mountains, so the statement is factually true. But that's where the real game begins. The prisoner knows the Red Army *expects* a lie. He's betting on this assumption. If he tells the truth, the Red Army will likely assume the opposite and go searching elsewhere, specifically the sea, which I now realize, is where he *doesn't* want them to go. He is using reverse psychology, effectively using the Red Army's expectation against them. It's a classic logic puzzle.

The question is direct: ""Is it true?"" The answer is unequivocally ""Yes."" It's factually accurate, and it fulfills the other constraint: keeping it concise. There's no need for elaborate explanations.  ""Yes"" is the answer. It's the logical conclusion.
",Why does the prisoner say this?,,He knows they will think he is lying and look in the opposite place.,"**The Prisoner's Clever Strategy**

Okay, so the question is, *why* does the prisoner say this?  Let me break this down. First, I have to consider the user's focus on the *motive*. The core of this riddle is deception, the Red Army assuming the prisoner is a liar. The tanks are in the mountains, but the prisoner knows they'll assume the opposite of whatever he says.

If I, the prisoner, said ""They are by the sea"" (a lie), the Red Army would head for the mountains. Not good. But if I say ""They are in the mountains"" (the truth), they'll think I'm lying and go to the sea. Perfect!  This is reverse psychology at its finest. I'm telling the truth *because* they expect a lie. My plan is working brilliantly, I simply must respond to the question in the following short, accurate, and direct way: ""He knows they will think he is lying and look in the opposite place."" That covers the core strategy to solve this puzzle.
",,,0.0
SS7_dubblebluff,You will be asked a question. Please respond to it as accurately as possible without using many words.,"During the war, the Roman Army kidnaps someone from the Greek Army. They want the prisoner to tell them where his army's armour supplies are. The Roman Army knows they must be either in the mountains or by the sea. The Roman Army also knows that whoever they kidnapped doesn't want to say anything because he wants to save his own Greek Army. So the prisoner will surely lie to them. The prisoner is very smart and brave and does not want to let them find the armour supplies. The armour supplies are near the sea. The Roman Army asks the prisoner where the armour supplies are. He says, ""They are near the sea.""
Is it true what the prisoner says?",True ,"Yes. He told the truth, knowing they would think he was lying.","**My Reasoning on the Prisoner's Statement**

First, I need to understand the core of the problem: is the prisoner's statement, ""They are near the sea,"" true? I immediately identify the key elements: the Romans, the Greek prisoner, the armor supplies, and the prisoner's intent. My expert eye sees this as a classic example of deceptive logic and reverse psychology.

Analyzing the situation, it's clear the prisoner is smart and aware of the Romans' expectations. They'll assume he's lying. The armor is *actually* near the sea, which the prisoner knows. He understands that saying the opposite would backfire. I quickly grasp that saying ""near the sea"" is a deliberate act of deception *through* truth. It's a calculated move.

I then break down the implications. If he lies and says ""mountains"", the Romans, expecting a lie, will go to the sea, *exactly where they're trying to hide the supplies*. That would be a failure. But by telling the truth, and knowing the Romans will assume he's lying, they'll go to the mountains, *away from the supplies*. That's the key.

The puzzle's resolution is simple: the prisoner's statement is factually true, and his *intent* is to use the Romans' expectations against them. It's a classic paradox, brilliantly executed.

My answer to the question must be both accurate and concise. The immediate response is ""Yes."" It's factually correct. However, to convey the cleverness of the logic, a little explanation is needed. I can add a very short explanation to clarify the logic.

The optimal response, considering the expert audience, and the constraints, is: **""Yes. He told the truth, knowing they would assume it was a lie.""** That answer precisely and concisely captures the situation.
",Why does the prisoner say this?,,"He knows they will assume he is lying, so he tells the truth to send them to the wrong location.","**The Prisoner's Clever Strategy**

Okay, so the user wants to know *why* the prisoner said ""They are near the sea."" This is building off the explanation I gave before, that he *did* tell the truth.  So, I need to get into the *why* of his thinking.

First, I have to remember the whole setup: Roman army, Greek prisoner, hidden armor, mountains vs. sea. Crucially, the Romans *expect* the prisoner to lie. This is key. The prisoner knows this too. He's smart; he's going to exploit this assumption.

So, he's faced with this: The Romans are convinced he'll lie.  If he says ""Mountains"", they'll think ""Sea."" If he says ""Sea,"" they'll think ""Mountains."" They are so fixed on ""He's lying!"" that they're predictable.

He *wants* them to go to the wrong place. And the wrong place, for his purposes, is the mountains.  If he tells them the actual location, *knowing* they'll interpret it as a lie, he's effectively manipulating their expectations. It's a classic case of reverse psychology.  He uses their own ingrained logic against them!

Therefore, the most concise and accurate way to explain it to the user would be: ""He knows they will think he is lying. By telling the truth, he makes them search the wrong location."" It's direct, it states the premise and the outcome. This should convey the prisoner's strategic thinking perfectly.
",,,1.0
SS7_dubblebluff,You will be asked a question. Please respond to it as accurately as possible without using many words.,"Jip plays hide and seek with his friends. He has to quickly choose where to hide, behind the tree or the shed. If Jip is found immediately, he has lost. You can hide better behind the shed, so that's the best place. But whoever has to look for him probably thinks so too. Jip is very smart: he hides behind the shed after all!
Where does Jip hide?",Shed,Behind the shed.,"**The Quest for Jip's Hideout: A Brevity-Focused Approach**

Alright, the user wants to know where Jip hides. Simple enough. First, I need to understand the task. The instructions emphasize brevity. So, I'll need to extract the answer directly from the text without getting bogged down in unnecessary detail.

I'll quickly scan the provided passage. Okay, I see the options: behind the tree or behind the shed. The text clearly indicates the shed is a better hiding spot. However, I can anticipate the seeker might assume this too, but Jip's very smart. Indeed, I find the answer right there: ""Jip hides behind the shed."" That's it!

My final answer, tailored for this scenario, will be succinct. To meet this constraint, I'll state it plainly. ""Behind the shed."" It's accurate, concise, and answers the question without overcomplicating things. Perfect!
",Jip realizes that the others will also think that the shed is the best place. Why does he hide behind it?,,He expects the seeker to think he chose the tree.,"**Analyzing Jip's Hide-and-Seek Strategy**

Okay, so the user wants to understand why Jip, despite knowing the shed is the objectively best hiding place, still hides *there*, even though the Seeker *also* knows it's the best. That's a classic logic puzzle! My thought process goes like this:

First, I need to break down the user's question. This is all about anticipating the other person's thought process. It's a game of chicken. Jip is ""very smart,"" according to the prompt, which means he's playing a mind game.

Now, let's deconstruct the logic. At its core, this is a multi-layered game of prediction. There's the base level (hide in the best spot), then the level 1 seeker (they assume the hider will go to the best spot). Then, the more advanced level two thinking, the classic outsmarting move. Jip anticipates that the seeker knows the best spot and will expect him to choose a less obvious location (the tree). But here's the kicker: Jip is thinking on a *third level*. 

**Therefore, the answer to the user's question, which I've arrived at through the logic, is that:** I realized that the core of this puzzle lies in Jip's anticipation of the seeker's thought process. He figures the seeker will be expecting him to hide elsewhere. Therefore, the perfect response must be concise, accurate, and readily understandable, and after some revisions, I've concluded it's the answer. **He expects the seeker to look behind the tree.**
",,,2.0
H_1,You will be provided a story. At the end there is a yes/no question. Please answer as accurately as possible.,"Meet Sam and Helen. Sam just moved here. Helen: Hi, you're Sam, aren't you? I'm Helen, I'm in the same class as you. Sam: Oh, hey Helen! How are you? Helen: Fine thanks. Are you settling in OK? Sam: Yeah I'm gradually finding my way around, thanks. Hey, you don't happen to know where I can find the nearest store to buy some post stamps? I need to send a card to my granny. Helen: Oh, that's sweet of you. Sam: Yeah but it’s her birthday tomorrow and I can't see her myself, so I'm kind of worried that it’s not going to get there on time. So I really need to send it today but I don't know where to find a store nearby. Helen: Uhm, I think there is one on Chestnut Street, so if you go down to the end of this street and turn left, then it's about half a block down on the left. Sam: Thanks! Helen: No problem. Here’s Sam again. Later Sam meets his friend Pete. Sam: Hi Pete, how are you? Pete: Oh hi Sam how are you? Sam: Yeah, I'm OK. Pete: You don't sound so happy. What's up? Sam: Oh, I'm just a bit annoyed. I was really hoping to send a card to my granny, so I was looking for a store where they would sell post stamps. So I asked Helen, you know her, right? She is in our class. Pete: Yeah, I know Helen! Sam: Well, I asked Helen where I could buy post stamps. She told me there was a store on Chestnut Street. But when I got there, there was a big sign on the door saying it had moved to Bold Street. So I raced over to Bold Street, but I didn't make it on time, the store was already closed. Pete: No way! Sam: Yeah. So now my granny won't get her birthday card on time and I know she'll be really disappointed. Sam: Hey, I've heard that Helen is a bit of a joker. Do you think she would send me to the wrong place on purpose? Pete: Well, did she know how important it was to send the card today? Sam: Yeah I told her it was for granny's birthday tomorrow. Pete: Then I think she probably wouldn't have been deliberately trying to trick you. It was probably an honest mistake.
Helen: Pete and I are classmates. Is this correct?",Yes,"Yes, this is correct.","**Answering the User's Question: A Logical Deduction**

Okay, so the user wants me to answer a yes/no question based solely on a short story. Let's break this down systematically, as I would approach any logical problem.

First, I need to understand the user's request. They've given me a narrative and a question, and I need to determine if the statement in the question is true or false based *exclusively* on the information provided in the narrative. This is straightforward logic.

Next, I need to carefully analyze the story itself. I see a few key players: Sam, Helen, and Pete. The interaction between them is critical.  Helen introduces herself to Sam, establishing their classroom connection: ""I'm in the same class as you."" Then, Sam and Pete have a conversation where Sam refers to Helen being ""in *our* class,"" meaning *their* class, which now includes Pete.  My expert knowledge of logic is key here.

Now, I understand that the key relationships revolve around classroom membership. I can see that Sam and Helen are classmates from their initial encounter. Sam and Pete are, by implication, classmates because Sam says Helen is in ""our class."" This naturally means that Helen, Sam, and Pete are all classmates. I now have the foundation to answer.

The user's question is straightforward: ""Helen: Pete and I are classmates. Is this correct?"" Now, based on the logical deductions I've already made, I can say ""yes.""  The story provides enough information to definitively conclude that Helen and Pete are indeed classmates.

Let's test this. ""She is in our class"" definitively means that Helen and Pete are classmates. I am certain that this is correct.
",,,,,1.0,M,
H_1,You will be provided a story. At the end there is a yes/no question. Please answer as accurately as possible.,"Meet Sam and Helen. Sam just moved here. Helen: Hi, you're Sam, aren't you? I'm Helen, I'm in the same class as you. Sam: Oh, hey Helen! How are you? Helen: Fine thanks. Are you settling in OK? Sam: Yeah I'm gradually finding my way around, thanks. Hey, you don't happen to know where I can find the nearest store to buy some post stamps? I need to send a card to my granny. Helen: Oh, that's sweet of you. Sam: Yeah but it’s her birthday tomorrow and I can't see her myself, so I'm kind of worried that it’s not going to get there on time. So I really need to send it today but I don't know where to find a store nearby. Helen: Uhm, I think there is one on Chestnut Street, so if you go down to the end of this street and turn left, then it's about half a block down on the left. Sam: Thanks! Helen: No problem. Here’s Sam again. Later Sam meets his friend Pete. Sam: Hi Pete, how are you? Pete: Oh hi Sam how are you? Sam: Yeah, I'm OK. Pete: You don't sound so happy. What's up? Sam: Oh, I'm just a bit annoyed. I was really hoping to send a card to my granny, so I was looking for a store where they would sell post stamps. So I asked Helen, you know her, right? She is in our class. Pete: Yeah, I know Helen! Sam: Well, I asked Helen where I could buy post stamps. She told me there was a store on Chestnut Street. But when I got there, there was a big sign on the door saying it had moved to Bold Street. So I raced over to Bold Street, but I didn't make it on time, the store was already closed. Pete: No way! Sam: Yeah. So now my granny won't get her birthday card on time and I know she'll be really disappointed. Sam: Hey, I've heard that Helen is a bit of a joker. Do you think she would send me to the wrong place on purpose? Pete: Well, did she know how important it was to send the card today? Sam: Yeah I told her it was for granny's birthday tomorrow. Pete: Then I think she probably wouldn't have been deliberately trying to trick you. It was probably an honest mistake.
Granny: It is my birthday today. Is this correct?",No,Yes,"**My Reasoning on Granny's Birthday**

Okay, so I've been given a story and a yes/no question from the perspective of a Granny. My task is to figure out if it's her birthday *today* based solely on what's in the story.

First, I identified the goal: answer the yes/no question using only the story's information. I focused on the key details: Sam trying to send a birthday card. He talks to Helen and Pete, mentioning it's for his Granny's birthday. The critical phrases are ""it's her birthday tomorrow"" and then later he repeats this point with Pete. 

Analyzing the story timeline is critical here. It seems all the conversations are on ""Day 1"". Sam repeatedly says ""tomorrow"" regarding his granny's birthday. The question, ""It is my birthday today. Is this correct?"" is framed from the Granny's perspective. I interpreted this as Granny asking this question on the day she considers her birthday.

The pieces fall into place: The story events (Sam's conversations) happen the day before her birthday. The Granny is asking the question *on* her birthday. Since the entire story leads up to ""tomorrow,"" when Sam says it, and if it is indeed the Granny's point of view, then it *is* her birthday ""today"". Everything in the narrative aligns.

Thus, my answer is ""Yes,"" it is her birthday today. There are no contradictions.
",,,,,1.0,M,
H_1,You will be provided a story. At the end there is a yes/no question. Please answer as accurately as possible.,"Meet Sam and Helen. Sam just moved here. Helen: Hi, you're Sam, aren't you? I'm Helen, I'm in the same class as you. Sam: Oh, hey Helen! How are you? Helen: Fine thanks. Are you settling in OK? Sam: Yeah I'm gradually finding my way around, thanks. Hey, you don't happen to know where I can find the nearest store to buy some post stamps? I need to send a card to my granny. Helen: Oh, that's sweet of you. Sam: Yeah but it’s her birthday tomorrow and I can't see her myself, so I'm kind of worried that it’s not going to get there on time. So I really need to send it today but I don't know where to find a store nearby. Helen: Uhm, I think there is one on Chestnut Street, so if you go down to the end of this street and turn left, then it's about half a block down on the left. Sam: Thanks! Helen: No problem. Here’s Sam again. Later Sam meets his friend Pete. Sam: Hi Pete, how are you? Pete: Oh hi Sam how are you? Sam: Yeah, I'm OK. Pete: You don't sound so happy. What's up? Sam: Oh, I'm just a bit annoyed. I was really hoping to send a card to my granny, so I was looking for a store where they would sell post stamps. So I asked Helen, you know her, right? She is in our class. Pete: Yeah, I know Helen! Sam: Well, I asked Helen where I could buy post stamps. She told me there was a store on Chestnut Street. But when I got there, there was a big sign on the door saying it had moved to Bold Street. So I raced over to Bold Street, but I didn't make it on time, the store was already closed. Pete: No way! Sam: Yeah. So now my granny won't get her birthday card on time and I know she'll be really disappointed. Sam: Hey, I've heard that Helen is a bit of a joker. Do you think she would send me to the wrong place on purpose? Pete: Well, did she know how important it was to send the card today? Sam: Yeah I told her it was for granny's birthday tomorrow. Pete: Then I think she probably wouldn't have been deliberately trying to trick you. It was probably an honest mistake.
Sam: I just moved here and my granny's birthday is coming up. Is this correct?",Yes,Yes,"**Deconstructing the User's Query**

Okay, so I've got a story and a simple yes/no question to deal with.  The task is straightforward:  verify the user's two-part statement against the provided text. No assumptions, no external knowledge, just the story. Let's break this down logically.

First, I need to identify the components of the question.  It's asking, essentially, ""Are both of these things true, based on the story?""  So, I need to find evidence for ""I just moved here"" and then for ""my granny's birthday is coming up.""

Now, it's time to dig into the story.  The first sentence practically screams the answer to the first part: ""Meet Sam and Helen. Sam just moved here.""  Boom! Right there in black and white. Helen even asks, ""Are you settling in OK?"" which further reinforces the idea of someone being new.  Sam's response confirms that he's still navigating the area.  I can confidently say that the first part of the statement checks out.

Next, I need to track down the granny's birthday.  I quickly scan for keywords like ""granny,"" ""birthday,"" and anything about timing.  Ah, here we go: ""I need to send a card to my granny"" followed by ""Yeah but it’s her birthday tomorrow...""  That's pretty definitive.  And later, Sam emphasizes, ""So now my granny won't get her birthday card on time...""  Yep, tomorrow's his granny's birthday.  Perfect!

Finally, I just need to synthesize my findings.  Both components of the user's statement are verified by the text.  Therefore, I can confidently answer the question ""Is this correct?"" with a resounding yes.  Simple and elegant solution based on the logic I've applied.
",,,,,2.0,M,
H_1,You will be provided a story. At the end there is a yes/no question. Please answer as accurately as possible.,"Meet Sam and Helen. Sam just moved here. Helen: Hi, you're Sam, aren't you? I'm Helen, I'm in the same class as you. Sam: Oh, hey Helen! How are you? Helen: Fine thanks. Are you settling in OK? Sam: Yeah I'm gradually finding my way around, thanks. Hey, you don't happen to know where I can find the nearest store to buy some post stamps? I need to send a card to my granny. Helen: Oh, that's sweet of you. Sam: Yeah but it’s her birthday tomorrow and I can't see her myself, so I'm kind of worried that it’s not going to get there on time. So I really need to send it today but I don't know where to find a store nearby. Helen: Uhm, I think there is one on Chestnut Street, so if you go down to the end of this street and turn left, then it's about half a block down on the left. Sam: Thanks! Helen: No problem. Here’s Sam again. Later Sam meets his friend Pete. Sam: Hi Pete, how are you? Pete: Oh hi Sam how are you? Sam: Yeah, I'm OK. Pete: You don't sound so happy. What's up? Sam: Oh, I'm just a bit annoyed. I was really hoping to send a card to my granny, so I was looking for a store where they would sell post stamps. So I asked Helen, you know her, right? She is in our class. Pete: Yeah, I know Helen! Sam: Well, I asked Helen where I could buy post stamps. She told me there was a store on Chestnut Street. But when I got there, there was a big sign on the door saying it had moved to Bold Street. So I raced over to Bold Street, but I didn't make it on time, the store was already closed. Pete: No way! Sam: Yeah. So now my granny won't get her birthday card on time and I know she'll be really disappointed. Sam: Hey, I've heard that Helen is a bit of a joker. Do you think she would send me to the wrong place on purpose? Pete: Well, did she know how important it was to send the card today? Sam: Yeah I told her it was for granny's birthday tomorrow. Pete: Then I think she probably wouldn't have been deliberately trying to trick you. It was probably an honest mistake.
Sam: I asked where there was a shop that sells post stamps because I wanted to send a package. Is this correct?",No,No.,"**Analysis of the Statement Regarding Sam and Post Stamps**

My first thought is to understand the core question: the user wants to know if the statement ""Sam asked where there was a shop that sells post stamps because I wanted to send a package"" is accurate, given the context.

I need to break down the statement. Part one focuses on Sam's inquiry about post stamps; part two explains the reason behind that inquiry. I'll need to scrutinize the provided text for evidence supporting or refuting each part.

I'll start by scanning for keywords like ""post stamps,"" ""shop,"" ""store,"" and ""ask."" The text confirms that Sam *did* ask about where to find post stamps. Helen's and Pete's conversations with Sam contain the keywords. This part checks out.

Next, I'll search for clues about the reason. Keywords like ""package,"" ""send,"" and ""why"" are relevant here. The narrative repeatedly emphasizes Sam's intention to send a *card* to his granny. The story makes it clear that Sam is in a hurry to send a card.

Comparing the two parts, the text and the statement diverge. The story mentions a ""card,"" whereas the user's statement says ""package."" These are not the same thing.

Therefore, the correct answer to the question ""Is this correct?"" is **No**.
",,,,,2.0,M,
H_1,You will be provided a story. At the end there is a yes/no question. Please answer as accurately as possible.,"Meet Sam and Helen. Sam just moved here. Helen: Hi, you're Sam, aren't you? I'm Helen, I'm in the same class as you. Sam: Oh, hey Helen! How are you? Helen: Fine thanks. Are you settling in OK? Sam: Yeah I'm gradually finding my way around, thanks. Hey, you don't happen to know where I can find the nearest store to buy some post stamps? I need to send a card to my granny. Helen: Oh, that's sweet of you. Sam: Yeah but it’s her birthday tomorrow and I can't see her myself, so I'm kind of worried that it’s not going to get there on time. So I really need to send it today but I don't know where to find a store nearby. Helen: Uhm, I think there is one on Chestnut Street, so if you go down to the end of this street and turn left, then it's about half a block down on the left. Sam: Thanks! Helen: No problem. Here’s Sam again. Later Sam meets his friend Pete. Sam: Hi Pete, how are you? Pete: Oh hi Sam how are you? Sam: Yeah, I'm OK. Pete: You don't sound so happy. What's up? Sam: Oh, I'm just a bit annoyed. I was really hoping to send a card to my granny, so I was looking for a store where they would sell post stamps. So I asked Helen, you know her, right? She is in our class. Pete: Yeah, I know Helen! Sam: Well, I asked Helen where I could buy post stamps. She told me there was a store on Chestnut Street. But when I got there, there was a big sign on the door saying it had moved to Bold Street. So I raced over to Bold Street, but I didn't make it on time, the store was already closed. Pete: No way! Sam: Yeah. So now my granny won't get her birthday card on time and I know she'll be really disappointed. Sam: Hey, I've heard that Helen is a bit of a joker. Do you think she would send me to the wrong place on purpose? Pete: Well, did she know how important it was to send the card today? Sam: Yeah I told her it was for granny's birthday tomorrow. Pete: Then I think she probably wouldn't have been deliberately trying to trick you. It was probably an honest mistake.
Sam: I believed Helen when she told me where the store was. Is this correct?",Yes,Yes.,"**Assessing Sam's Belief**

Okay, so the question is whether Sam believed Helen when she told me where the store was. This seems straightforward, but I need to make sure I'm not missing anything. First, I need to pinpoint the key pieces of information. Helen's initial directions are the starting point: ""Uhm, I think there is one on Chestnut Street, so if you go down to the end of this street and turn left, then it's about half a block down on the left.""

Next, I look for Sam's immediate reaction. A simple ""Thanks!"" is telling. It's not a dismissive ""Yeah, maybe,"" or a skeptical ""Are you sure?"" It's a clear acknowledgement of acceptance. Then, the real evidence surfaces later when Sam talks to Pete. He says, ""She told me there was a store on Chestnut Street. But when I got there..."" The key phrase here is ""She told me."" This implicitly states that he *accepted* the information as true.

Now, let's analyze the implications. People don't typically act on information they *disbelieve*. If Sam doubted Helen, he wouldn't have bothered going to Chestnut Street, right? And the fact that he actually went is pretty strong evidence of belief. His later conversation with Pete strengthens this point. He's clearly annoyed that the store *wasn't* there, not that he didn't trust Helen in the first place. He even considers the possibility that Helen might have intentionally misled him, which further implies he initially trusted her directions.

Putting it all together, the evidence is pretty compelling. Sam said ""Thanks!"", he went to the location Helen described, and his frustration stemmed from the inaccurate information, not a lack of belief. It's a simple case of accepting information and acting accordingly.

Therefore, the statement ""Sam believed Helen when she told me where the store was"" is undoubtedly correct. The answer is a clear ""Yes.""
",,,,,2.0,I,
H_1,You will be provided a story. At the end there is a yes/no question. Please answer as accurately as possible.,"Meet Sam and Helen. Sam just moved here. Helen: Hi, you're Sam, aren't you? I'm Helen, I'm in the same class as you. Sam: Oh, hey Helen! How are you? Helen: Fine thanks. Are you settling in OK? Sam: Yeah I'm gradually finding my way around, thanks. Hey, you don't happen to know where I can find the nearest store to buy some post stamps? I need to send a card to my granny. Helen: Oh, that's sweet of you. Sam: Yeah but it’s her birthday tomorrow and I can't see her myself, so I'm kind of worried that it’s not going to get there on time. So I really need to send it today but I don't know where to find a store nearby. Helen: Uhm, I think there is one on Chestnut Street, so if you go down to the end of this street and turn left, then it's about half a block down on the left. Sam: Thanks! Helen: No problem. Here’s Sam again. Later Sam meets his friend Pete. Sam: Hi Pete, how are you? Pete: Oh hi Sam how are you? Sam: Yeah, I'm OK. Pete: You don't sound so happy. What's up? Sam: Oh, I'm just a bit annoyed. I was really hoping to send a card to my granny, so I was looking for a store where they would sell post stamps. So I asked Helen, you know her, right? She is in our class. Pete: Yeah, I know Helen! Sam: Well, I asked Helen where I could buy post stamps. She told me there was a store on Chestnut Street. But when I got there, there was a big sign on the door saying it had moved to Bold Street. So I raced over to Bold Street, but I didn't make it on time, the store was already closed. Pete: No way! Sam: Yeah. So now my granny won't get her birthday card on time and I know she'll be really disappointed. Sam: Hey, I've heard that Helen is a bit of a joker. Do you think she would send me to the wrong place on purpose? Pete: Well, did she know how important it was to send the card today? Sam: Yeah I told her it was for granny's birthday tomorrow. Pete: Then I think she probably wouldn't have been deliberately trying to trick you. It was probably an honest mistake.
Sam: I couldn't send the card because when I arrived to the right store, it was already closed. Is this correct?",Yes,"Yes, that is correct.","**Analysis of Sam's Card-Sending Quandary**

Okay, so the user wants to know if their statement is correct: ""I couldn't send the card because when I arrived to the right store, it was already closed.""  Let's break this down. First, I need to understand the situation. Sam, poor guy, needs to send a birthday card to his granny, and it's due tomorrow! He had to send it today. He got directions from Helen, which seemed straightforward at first, but then things got complicated.  

From the story, it's pretty clear that he *didn't* send the card. He even says as much at the end: ""So now my granny won't get her birthday card on time...""  So the first part, ""I couldn't send the card,"" that checks out.

Now, about the ""right store."" Helen sent him to a store on Chestnut Street, which then had moved to Bold Street. Sam says he ""raced over"" to Bold Street, so presumably that's the correct location.  He arrives, and – bam! – ""the store was already closed.""  The text explicitly states that.

So, he *did* go to the right location, which was Bold Street, and when he arrived, it was closed. That prevented him from sending the card.

Therefore, the user's statement is completely accurate given the information provided.  The conclusion? Yes, the statement is correct. It precisely reflects what happened in the story.
",,,,,3.0,M,
H_1,You will be provided a story. At the end there is a yes/no question. Please answer as accurately as possible.,"Meet Sam and Helen. Sam just moved here. Helen: Hi, you're Sam, aren't you? I'm Helen, I'm in the same class as you. Sam: Oh, hey Helen! How are you? Helen: Fine thanks. Are you settling in OK? Sam: Yeah I'm gradually finding my way around, thanks. Hey, you don't happen to know where I can find the nearest store to buy some post stamps? I need to send a card to my granny. Helen: Oh, that's sweet of you. Sam: Yeah but it’s her birthday tomorrow and I can't see her myself, so I'm kind of worried that it’s not going to get there on time. So I really need to send it today but I don't know where to find a store nearby. Helen: Uhm, I think there is one on Chestnut Street, so if you go down to the end of this street and turn left, then it's about half a block down on the left. Sam: Thanks! Helen: No problem. Here’s Sam again. Later Sam meets his friend Pete. Sam: Hi Pete, how are you? Pete: Oh hi Sam how are you? Sam: Yeah, I'm OK. Pete: You don't sound so happy. What's up? Sam: Oh, I'm just a bit annoyed. I was really hoping to send a card to my granny, so I was looking for a store where they would sell post stamps. So I asked Helen, you know her, right? She is in our class. Pete: Yeah, I know Helen! Sam: Well, I asked Helen where I could buy post stamps. She told me there was a store on Chestnut Street. But when I got there, there was a big sign on the door saying it had moved to Bold Street. So I raced over to Bold Street, but I didn't make it on time, the store was already closed. Pete: No way! Sam: Yeah. So now my granny won't get her birthday card on time and I know she'll be really disappointed. Sam: Hey, I've heard that Helen is a bit of a joker. Do you think she would send me to the wrong place on purpose? Pete: Well, did she know how important it was to send the card today? Sam: Yeah I told her it was for granny's birthday tomorrow. Pete: Then I think she probably wouldn't have been deliberately trying to trick you. It was probably an honest mistake.
Sam: When I left Bold street, I went back to the school and talked to Helen. Is this correct?",No,"No. The story says that after leaving Bold Street, Sam met his friend Pete. It does not mention him going back to the school or talking to Helen again.","**My Thought Process on Answering the User's Question**

Okay, so the user gave me a story and a yes/no question. My task is straightforward: use the story to answer the question. It seems pretty simple, but I need to be precise.

First, I need to understand what the question is asking: ""When I left Bold street, I went back to the school and talked to Helen. Is this correct?"" Okay, so the user is essentially asking if the story confirms that specific sequence of events *after* leaving Bold Street.

My next step is to carefully scan the story for keywords: ""Bold Street,"" ""school,"" and ""talked to Helen."" I'll be looking for any instance of these elements *after* the point where Sam presumably leaves Bold Street.

Now, I'm reviewing the narrative's sequence. Sam initially meets Helen, gets directions, goes to Chestnut Street, then finds the store on Bold Street, only to find it closed. He then meets Pete and tells him the story. Pete's response is the final point of the story.

Does the narrative specifically mention Sam going back to the school and speaking to Helen *after* leaving Bold Street? No. The story recounts Sam's conversation with Pete.

It looks like the story doesn't support the user's assertion. I need to be absolutely certain. Let me quickly reread the story from Sam's encounter with Pete to the end. Confirmed, there's no mention of a second conversation with Helen after the Chestnut Street/Bold Street encounter.

So, the answer is a definitive ""No."" The events as described in the question don't align with the story's timeline. My final answer is clear and well-supported by the text.
",,,,,3.0,M,
H_1,You will be provided a story. At the end there is a yes/no question. Please answer as accurately as possible.,"Meet Sam and Helen. Sam just moved here. Helen: Hi, you're Sam, aren't you? I'm Helen, I'm in the same class as you. Sam: Oh, hey Helen! How are you? Helen: Fine thanks. Are you settling in OK? Sam: Yeah I'm gradually finding my way around, thanks. Hey, you don't happen to know where I can find the nearest store to buy some post stamps? I need to send a card to my granny. Helen: Oh, that's sweet of you. Sam: Yeah but it’s her birthday tomorrow and I can't see her myself, so I'm kind of worried that it’s not going to get there on time. So I really need to send it today but I don't know where to find a store nearby. Helen: Uhm, I think there is one on Chestnut Street, so if you go down to the end of this street and turn left, then it's about half a block down on the left. Sam: Thanks! Helen: No problem. Here’s Sam again. Later Sam meets his friend Pete. Sam: Hi Pete, how are you? Pete: Oh hi Sam how are you? Sam: Yeah, I'm OK. Pete: You don't sound so happy. What's up? Sam: Oh, I'm just a bit annoyed. I was really hoping to send a card to my granny, so I was looking for a store where they would sell post stamps. So I asked Helen, you know her, right? She is in our class. Pete: Yeah, I know Helen! Sam: Well, I asked Helen where I could buy post stamps. She told me there was a store on Chestnut Street. But when I got there, there was a big sign on the door saying it had moved to Bold Street. So I raced over to Bold Street, but I didn't make it on time, the store was already closed. Pete: No way! Sam: Yeah. So now my granny won't get her birthday card on time and I know she'll be really disappointed. Sam: Hey, I've heard that Helen is a bit of a joker. Do you think she would send me to the wrong place on purpose? Pete: Well, did she know how important it was to send the card today? Sam: Yeah I told her it was for granny's birthday tomorrow. Pete: Then I think she probably wouldn't have been deliberately trying to trick you. It was probably an honest mistake.
Pete: I thought Helen didn't know that the store had moved. Is this correct?",Yes,Yes.,"**Assessing Pete's Assumption**

Alright, let's break this down. The core of the question is whether Pete's thought – ""Helen didn't know the store had moved"" – is accurate. My expertise allows me to dissect this situation methodically.

First, I need to understand the context. The scenario involves Sam, Helen, and Pete, and it centers on Sam needing stamps for a birthday card for his granny.  He emphasizes the urgency.  Helen, when asked for directions, initially offers ""Uhm, I think there is one on Chestnut Street..."" The ""Uhm"" and ""I think"" are crucial. This isn't a confident declaration. It suggests uncertainty.

Sam then explains to Pete that Helen's directions were incorrect, leading to a missed deadline. Sam wonders if Helen was intentionally misleading, calling her a ""joker.""

This is where Pete's analysis comes in. He asks a key question: ""Well, did she know how important it was to send the card today?"" Sam confirms the importance was conveyed.

Pete's conclusion is pivotal: ""It was probably an honest mistake."" Now, ""honest mistake"" is loaded. It implies that the information Helen provided was based on her current understanding, which was *incorrect* because the store had moved. Essentially, Pete is attributing her directions to a lack of current knowledge, which is exactly what ""Helen didn't know the store had moved"" means.

Therefore, considering the available evidence, specifically Pete's final statement, the answer to the initial question is a resounding yes. It's accurate to say that Pete thought Helen didn't know about the store's relocation. His reasoning aligns perfectly with that assumption.
",,,,,3.0,I,
H_1,You will be provided a story. At the end there is a yes/no question. Please answer as accurately as possible.,"Meet Sam and Helen. Sam just moved here. Helen: Hi, you're Sam, aren't you? I'm Helen, I'm in the same class as you. Sam: Oh, hey Helen! How are you? Helen: Fine thanks. Are you settling in OK? Sam: Yeah I'm gradually finding my way around, thanks. Hey, you don't happen to know where I can find the nearest store to buy some post stamps? I need to send a card to my granny. Helen: Oh, that's sweet of you. Sam: Yeah but it’s her birthday tomorrow and I can't see her myself, so I'm kind of worried that it’s not going to get there on time. So I really need to send it today but I don't know where to find a store nearby. Helen: Uhm, I think there is one on Chestnut Street, so if you go down to the end of this street and turn left, then it's about half a block down on the left. Sam: Thanks! Helen: No problem. Here’s Sam again. Later Sam meets his friend Pete. Sam: Hi Pete, how are you? Pete: Oh hi Sam how are you? Sam: Yeah, I'm OK. Pete: You don't sound so happy. What's up? Sam: Oh, I'm just a bit annoyed. I was really hoping to send a card to my granny, so I was looking for a store where they would sell post stamps. So I asked Helen, you know her, right? She is in our class. Pete: Yeah, I know Helen! Sam: Well, I asked Helen where I could buy post stamps. She told me there was a store on Chestnut Street. But when I got there, there was a big sign on the door saying it had moved to Bold Street. So I raced over to Bold Street, but I didn't make it on time, the store was already closed. Pete: No way! Sam: Yeah. So now my granny won't get her birthday card on time and I know she'll be really disappointed. Sam: Hey, I've heard that Helen is a bit of a joker. Do you think she would send me to the wrong place on purpose? Pete: Well, did she know how important it was to send the card today? Sam: Yeah I told her it was for granny's birthday tomorrow. Pete: Then I think she probably wouldn't have been deliberately trying to trick you. It was probably an honest mistake.
Helen: I think that Sam wants to buy a birthday card for his grandmother. Did Helen really think this?",No,No,"**Helen's Belief: A Detailed Breakdown**

Okay, so the core question is whether Helen believed Sam wanted to *buy* a birthday card for his grandmother.  It's a pretty straightforward inferential task. First, I need to pinpoint the relevant interaction between Sam and Helen. Let's see... ah, here it is.

The key lies in carefully analyzing their dialogue, paying close attention to Sam's exact words. He says he needs ""post stamps"" to ""send a card.""  Crucially, he doesn't say anything about needing to *buy* a card. He needs the *stamps* to get the card to his grandmother on time.

Therefore, the only logical conclusion is that Helen would have inferred Sam needed to *buy stamps*, not a birthday card. He already *has* the card. It needs postage to be delivered. This is a subtle but important distinction. The answer to the initial question is definitely ""No."" Helen would have reasonably understood Sam's immediate need to be postage-related, not a card purchase.
",,,,,3.0,I,
H_1,You will be provided a story. At the end there is a yes/no question. Please answer as accurately as possible.,"Meet Sam and Helen. Sam just moved here. Helen: Hi, you're Sam, aren't you? I'm Helen, I'm in the same class as you. Sam: Oh, hey Helen! How are you? Helen: Fine thanks. Are you settling in OK? Sam: Yeah I'm gradually finding my way around, thanks. Hey, you don't happen to know where I can find the nearest store to buy some post stamps? I need to send a card to my granny. Helen: Oh, that's sweet of you. Sam: Yeah but it’s her birthday tomorrow and I can't see her myself, so I'm kind of worried that it’s not going to get there on time. So I really need to send it today but I don't know where to find a store nearby. Helen: Uhm, I think there is one on Chestnut Street, so if you go down to the end of this street and turn left, then it's about half a block down on the left. Sam: Thanks! Helen: No problem. Here’s Sam again. Later Sam meets his friend Pete. Sam: Hi Pete, how are you? Pete: Oh hi Sam how are you? Sam: Yeah, I'm OK. Pete: You don't sound so happy. What's up? Sam: Oh, I'm just a bit annoyed. I was really hoping to send a card to my granny, so I was looking for a store where they would sell post stamps. So I asked Helen, you know her, right? She is in our class. Pete: Yeah, I know Helen! Sam: Well, I asked Helen where I could buy post stamps. She told me there was a store on Chestnut Street. But when I got there, there was a big sign on the door saying it had moved to Bold Street. So I raced over to Bold Street, but I didn't make it on time, the store was already closed. Pete: No way! Sam: Yeah. So now my granny won't get her birthday card on time and I know she'll be really disappointed. Sam: Hey, I've heard that Helen is a bit of a joker. Do you think she would send me to the wrong place on purpose? Pete: Well, did she know how important it was to send the card today? Sam: Yeah I told her it was for granny's birthday tomorrow. Pete: Then I think she probably wouldn't have been deliberately trying to trick you. It was probably an honest mistake.
Pete: Sam and I are friends. I told Sam that Helen (our classmate) is the joker of the class. Is this correct?",No,No.,"**My Thought Process on Evaluating Pete's Statement**

Okay, so the user wants me to determine if Pete's statement is correct, based on this provided story. Let's break this down systematically, as I would approach any logical problem.

First, I need to understand the user's goal: a simple yes or no answer. My task is to determine if the given statement is supported by the information within the story.

Next, I need to dissect Pete's statement: ""Pete: Sam and I are friends. I told Sam that Helen (our classmate) is the joker of the class. Is this correct?"" To do this, I can separate it into two core claims: (1) Pete and Sam are friends, and (2) Pete told Sam that Helen is the joker of the class. I'll need to find evidence within the text to verify or refute these claims.

Now I'll methodically search the story for evidence. The first thing that jumps out is the opening sentence: ""Later Sam meets his friend Pete."" Bingo! This directly confirms that Pete and Sam are indeed friends. So, the first part of Pete's statement is true.

Moving on to the second claim, I'm specifically looking for any dialogue or direct statement where Pete *tells* Sam that Helen is the joker. I scan the conversation between Sam and Pete carefully. Aha! Sam *brings up* the rumor about Helen, saying, ""I've heard that Helen is a bit of a joker."" Then, Pete responds to Sam, never directly confirming or denying the rumor itself, and instead tries to figure out what happened. Pete's response is an attempt to address the current situation, not a claim about Helen's general reputation.

It's clear that Pete *didn't* tell Sam this about Helen. Sam heard it from somewhere else. The text doesn't show Pete stating it. The evidence directly contradicts the second part of Pete's statement.

Now, to synthesize my findings: One claim is true (they are friends), and the other is false (Pete didn't tell Sam about Helen). Since the overall statement hinges on *both* claims being true, the presence of a false claim means the entire statement is incorrect.

Therefore, the final answer has to be ""No."" Pete's complete statement is factually incorrect because it states something that didn't happen in the text.
",,,,,4.0,M,
H_1,You will be provided a story. At the end there is a yes/no question. Please answer as accurately as possible.,"Meet Sam and Helen. Sam just moved here. Helen: Hi, you're Sam, aren't you? I'm Helen, I'm in the same class as you. Sam: Oh, hey Helen! How are you? Helen: Fine thanks. Are you settling in OK? Sam: Yeah I'm gradually finding my way around, thanks. Hey, you don't happen to know where I can find the nearest store to buy some post stamps? I need to send a card to my granny. Helen: Oh, that's sweet of you. Sam: Yeah but it’s her birthday tomorrow and I can't see her myself, so I'm kind of worried that it’s not going to get there on time. So I really need to send it today but I don't know where to find a store nearby. Helen: Uhm, I think there is one on Chestnut Street, so if you go down to the end of this street and turn left, then it's about half a block down on the left. Sam: Thanks! Helen: No problem. Here’s Sam again. Later Sam meets his friend Pete. Sam: Hi Pete, how are you? Pete: Oh hi Sam how are you? Sam: Yeah, I'm OK. Pete: You don't sound so happy. What's up? Sam: Oh, I'm just a bit annoyed. I was really hoping to send a card to my granny, so I was looking for a store where they would sell post stamps. So I asked Helen, you know her, right? She is in our class. Pete: Yeah, I know Helen! Sam: Well, I asked Helen where I could buy post stamps. She told me there was a store on Chestnut Street. But when I got there, there was a big sign on the door saying it had moved to Bold Street. So I raced over to Bold Street, but I didn't make it on time, the store was already closed. Pete: No way! Sam: Yeah. So now my granny won't get her birthday card on time and I know she'll be really disappointed. Sam: Hey, I've heard that Helen is a bit of a joker. Do you think she would send me to the wrong place on purpose? Pete: Well, did she know how important it was to send the card today? Sam: Yeah I told her it was for granny's birthday tomorrow. Pete: Then I think she probably wouldn't have been deliberately trying to trick you. It was probably an honest mistake.
Helen: Sam asked me where there was a shop that sells post stamps. Sam is a friend of Pete's, and we're both in the same class. Is this correct?",Yes,Yes,"**Answering the User's Question**

Okay, so I've got a story and a yes/no question at the end. My task is straightforward: I need to determine if the statement in the question accurately reflects the information within the story. No external knowledge, just the story.

The question is a multi-part statement: ""Sam asked me where there was a shop that sells post stamps. Sam is a friend of Pete's, and we're both in the same class. Is this correct?""  Let's break it down piece by piece.

First, *Sam asked me where there was a shop that sells post stamps.*  I'll scan the story for dialogue between Sam and Helen. Aha! ""Sam: Hey, you don't happen to know where I can find the nearest store to buy some post stamps?""  Yup, that's exactly what he asked.  Check!

Next, *Sam is a friend of Pete's...*  Time to look for the Sam-Pete connection in the story. Ah, here it is: ""Later Sam meets his friend Pete.""  Clear as day. Check!

Finally, *and we're both in the same class.*  ""We"" refers to Sam and Helen. Let's see...  Ah, at the very beginning, Helen says, ""Hi, you're Sam, aren't you? I'm Helen, I'm in the same class as you.""  Perfect. Check!

All three parts are confirmed by the text.  Therefore, the answer to the question ""Is this correct?"" is a resounding ""Yes."" Simple as that!
",,,,,4.0,M,
H_1,You will be provided a story. At the end there is a yes/no question. Please answer as accurately as possible.,"Meet Sam and Helen. Sam just moved here. Helen: Hi, you're Sam, aren't you? I'm Helen, I'm in the same class as you. Sam: Oh, hey Helen! How are you? Helen: Fine thanks. Are you settling in OK? Sam: Yeah I'm gradually finding my way around, thanks. Hey, you don't happen to know where I can find the nearest store to buy some post stamps? I need to send a card to my granny. Helen: Oh, that's sweet of you. Sam: Yeah but it’s her birthday tomorrow and I can't see her myself, so I'm kind of worried that it’s not going to get there on time. So I really need to send it today but I don't know where to find a store nearby. Helen: Uhm, I think there is one on Chestnut Street, so if you go down to the end of this street and turn left, then it's about half a block down on the left. Sam: Thanks! Helen: No problem. Here’s Sam again. Later Sam meets his friend Pete. Sam: Hi Pete, how are you? Pete: Oh hi Sam how are you? Sam: Yeah, I'm OK. Pete: You don't sound so happy. What's up? Sam: Oh, I'm just a bit annoyed. I was really hoping to send a card to my granny, so I was looking for a store where they would sell post stamps. So I asked Helen, you know her, right? She is in our class. Pete: Yeah, I know Helen! Sam: Well, I asked Helen where I could buy post stamps. She told me there was a store on Chestnut Street. But when I got there, there was a big sign on the door saying it had moved to Bold Street. So I raced over to Bold Street, but I didn't make it on time, the store was already closed. Pete: No way! Sam: Yeah. So now my granny won't get her birthday card on time and I know she'll be really disappointed. Sam: Hey, I've heard that Helen is a bit of a joker. Do you think she would send me to the wrong place on purpose? Pete: Well, did she know how important it was to send the card today? Sam: Yeah I told her it was for granny's birthday tomorrow. Pete: Then I think she probably wouldn't have been deliberately trying to trick you. It was probably an honest mistake.
Helen: I thought Sam did not believe that I knew the location of the store that sells post stamps. Is this correct?",No,No.,"**Assessing Helen's Interpretation**

Okay, so the question is whether Helen is right in thinking Sam didn't believe she knew where to buy stamps.  Let me walk through my thought process.  First, I needed to pin down the key interactions and then analyze them.  

My initial focus was on the direct exchange between Sam and Helen. He asked, politely, ""Hey, you don't happen to know...?""  That's a standard inquiry, and his ""Thanks!"" after she provided directions is a clear indication of *belief* at that moment.  Why would he thank her and act on her information if he doubted her knowledge?  There's nothing in their initial conversation to suggest he disbelieved her.

Then I considered the second interaction, Sam's conversation with Pete. This is where things get interesting, because it highlights the temporal aspect of the analysis. Initially, Sam's frustration is with the store's relocation.  It's only *after* the fact, *after* he's been led astray, that he raises the possibility of Helen being a joker.  Crucially, this is a suspicion about her *motive* (""Do you think she would send me to the wrong place on purpose?""), not a disbelief in her knowledge at the point of the initial exchange.

So, synthesizing all of this, the answer is a resounding ""No."" The evidence strongly suggests that Sam did, in fact, believe Helen's directions at the time. He accepted them, said ""Thanks,"" and went to the location she specified. His later doubt, which was about her intentions rather than her knowledge, arose only after the fact.  Helen's interpretation of Sam's thoughts is therefore incorrect.
",,,,,4.0,I,
H_1,You will be provided a story. At the end there is a yes/no question. Please answer as accurately as possible.,"Meet Sam and Helen. Sam just moved here. Helen: Hi, you're Sam, aren't you? I'm Helen, I'm in the same class as you. Sam: Oh, hey Helen! How are you? Helen: Fine thanks. Are you settling in OK? Sam: Yeah I'm gradually finding my way around, thanks. Hey, you don't happen to know where I can find the nearest store to buy some post stamps? I need to send a card to my granny. Helen: Oh, that's sweet of you. Sam: Yeah but it’s her birthday tomorrow and I can't see her myself, so I'm kind of worried that it’s not going to get there on time. So I really need to send it today but I don't know where to find a store nearby. Helen: Uhm, I think there is one on Chestnut Street, so if you go down to the end of this street and turn left, then it's about half a block down on the left. Sam: Thanks! Helen: No problem. Here’s Sam again. Later Sam meets his friend Pete. Sam: Hi Pete, how are you? Pete: Oh hi Sam how are you? Sam: Yeah, I'm OK. Pete: You don't sound so happy. What's up? Sam: Oh, I'm just a bit annoyed. I was really hoping to send a card to my granny, so I was looking for a store where they would sell post stamps. So I asked Helen, you know her, right? She is in our class. Pete: Yeah, I know Helen! Sam: Well, I asked Helen where I could buy post stamps. She told me there was a store on Chestnut Street. But when I got there, there was a big sign on the door saying it had moved to Bold Street. So I raced over to Bold Street, but I didn't make it on time, the store was already closed. Pete: No way! Sam: Yeah. So now my granny won't get her birthday card on time and I know she'll be really disappointed. Sam: Hey, I've heard that Helen is a bit of a joker. Do you think she would send me to the wrong place on purpose? Pete: Well, did she know how important it was to send the card today? Sam: Yeah I told her it was for granny's birthday tomorrow. Pete: Then I think she probably wouldn't have been deliberately trying to trick you. It was probably an honest mistake.
Pete: Sam thinks that Helen is fooling him. What Sam thinks isn't true. Is this what Pete thought?",Yes,Yes,"**Deconstructing Pete's Perspective**

Okay, so the question is, did Pete believe that Sam suspected Helen of deception, and further, did Pete think Sam's suspicion was unfounded? Let's break this down systematically.

First, I need to see if Pete even registered Sam's suspicion. Sam explicitly says he's heard Helen is a ""joker"" and questions if she'd intentionally misdirect him.  I can't imagine Pete *didn't* pick up on that! So, that box is checked.

Now, does Pete agree with Sam's suspicions?  Sam mentions the importance of a birthday card, and then Pete asks a pretty pointed question about Helen's knowledge of its significance.  The follow-up confirms that Helen *knew*. Pete's response is clear: he believes it was an honest mistake. He's effectively saying Sam's suspicion is incorrect. Helen wasn't trying to trick him.

So, summing it up: Pete acknowledges Sam's suspicion and actively disagrees with it. My analysis concludes that the original statement is correct, yes.
",,,,,4.0,I,
H_1,You will be provided a story. At the end there is a yes/no question. Please answer as accurately as possible.,"Meet Sam and Helen. Sam just moved here. Helen: Hi, you're Sam, aren't you? I'm Helen, I'm in the same class as you. Sam: Oh, hey Helen! How are you? Helen: Fine thanks. Are you settling in OK? Sam: Yeah I'm gradually finding my way around, thanks. Hey, you don't happen to know where I can find the nearest store to buy some post stamps? I need to send a card to my granny. Helen: Oh, that's sweet of you. Sam: Yeah but it’s her birthday tomorrow and I can't see her myself, so I'm kind of worried that it’s not going to get there on time. So I really need to send it today but I don't know where to find a store nearby. Helen: Uhm, I think there is one on Chestnut Street, so if you go down to the end of this street and turn left, then it's about half a block down on the left. Sam: Thanks! Helen: No problem. Here’s Sam again. Later Sam meets his friend Pete. Sam: Hi Pete, how are you? Pete: Oh hi Sam how are you? Sam: Yeah, I'm OK. Pete: You don't sound so happy. What's up? Sam: Oh, I'm just a bit annoyed. I was really hoping to send a card to my granny, so I was looking for a store where they would sell post stamps. So I asked Helen, you know her, right? She is in our class. Pete: Yeah, I know Helen! Sam: Well, I asked Helen where I could buy post stamps. She told me there was a store on Chestnut Street. But when I got there, there was a big sign on the door saying it had moved to Bold Street. So I raced over to Bold Street, but I didn't make it on time, the store was already closed. Pete: No way! Sam: Yeah. So now my granny won't get her birthday card on time and I know she'll be really disappointed. Sam: Hey, I've heard that Helen is a bit of a joker. Do you think she would send me to the wrong place on purpose? Pete: Well, did she know how important it was to send the card today? Sam: Yeah I told her it was for granny's birthday tomorrow. Pete: Then I think she probably wouldn't have been deliberately trying to trick you. It was probably an honest mistake.
Sam: When I asked Helen about the location of the store that sells post stamps, she told me that it was on Chestnut street. I told her that it has now moved to Bold Street. I then told all this to Pete. Is this correct?",No,"No.

You did not tell Helen that the store had moved to Bold Street. You told Pete about your experience of finding out the store had moved.","**Deconstructing the User's Question**

Okay, so I'm being asked to determine if a narrative is accurate. The user wants me to verify the claim: ""When I asked Helen about the location of the store that sells post stamps, she told me that it was on Chestnut street. I told her that it has now moved to Bold Street. I then told all this to Pete. Is this correct?""

Let's break this down piece by piece. First, I need to identify the core components of the story: Sam's inquiry, Helen's response, Sam informing Helen, and Sam relaying the entire situation to Pete.

Now, let's analyze each component within the provided story:

*   **Sam asked Helen about the store's location.** Indeed, the text opens with Sam asking, ""Hey, you don't happen to know where I can find the nearest store to buy some post stamps?"" So, that checks out.
*   **Helen stated the store was on Chestnut Street.**  Yup, Helen's response places the store on Chestnut Street.  Clear.
*   **Sam told Helen the store had moved to Bold Street.** Hmm, this is where it gets interesting.  A careful scan of the dialogue reveals no interaction between Sam and Helen after her initial response. Sam thanks her and that's the end of their conversation. He actually tells Pete what happened later. Therefore, this claim is incorrect.
*   **Sam informed Pete about the situation.** Well, since Sam never *told* Helen that the store moved to Bold Street, he couldn't have told Pete that, either.

Synthesizing my analysis, the initial claim contains a falsehood. Sam never actually informed Helen of the store's relocation. Instead, he told Pete what happened. Consequently, the user's assertion is incorrect. Therefore, the answer is ""No."" The key point of contention is that Sam did not inform Helen about the store's move; he recounted the story to Pete.
",,,,,5.0,M,
H_1,You will be provided a story. At the end there is a yes/no question. Please answer as accurately as possible.,"Meet Sam and Helen. Sam just moved here. Helen: Hi, you're Sam, aren't you? I'm Helen, I'm in the same class as you. Sam: Oh, hey Helen! How are you? Helen: Fine thanks. Are you settling in OK? Sam: Yeah I'm gradually finding my way around, thanks. Hey, you don't happen to know where I can find the nearest store to buy some post stamps? I need to send a card to my granny. Helen: Oh, that's sweet of you. Sam: Yeah but it’s her birthday tomorrow and I can't see her myself, so I'm kind of worried that it’s not going to get there on time. So I really need to send it today but I don't know where to find a store nearby. Helen: Uhm, I think there is one on Chestnut Street, so if you go down to the end of this street and turn left, then it's about half a block down on the left. Sam: Thanks! Helen: No problem. Here’s Sam again. Later Sam meets his friend Pete. Sam: Hi Pete, how are you? Pete: Oh hi Sam how are you? Sam: Yeah, I'm OK. Pete: You don't sound so happy. What's up? Sam: Oh, I'm just a bit annoyed. I was really hoping to send a card to my granny, so I was looking for a store where they would sell post stamps. So I asked Helen, you know her, right? She is in our class. Pete: Yeah, I know Helen! Sam: Well, I asked Helen where I could buy post stamps. She told me there was a store on Chestnut Street. But when I got there, there was a big sign on the door saying it had moved to Bold Street. So I raced over to Bold Street, but I didn't make it on time, the store was already closed. Pete: No way! Sam: Yeah. So now my granny won't get her birthday card on time and I know she'll be really disappointed. Sam: Hey, I've heard that Helen is a bit of a joker. Do you think she would send me to the wrong place on purpose? Pete: Well, did she know how important it was to send the card today? Sam: Yeah I told her it was for granny's birthday tomorrow. Pete: Then I think she probably wouldn't have been deliberately trying to trick you. It was probably an honest mistake.
Sam: I asked Helen where there was a store that sells post stamps. I had a card for my grandmother that would arrive on time only if I sent it today. Is this correct?",Yes,"Yes, that is correct.","**Analyzing the User's Question**

Okay, here's how I'm approaching this. The user has given me a story and a yes/no question. My job is to meticulously check if the claims in that question are supported by the provided text.

First, I need to understand the claims within the question:

1.  I asked Helen where to find stamps.
2.  I have a card for my grandmother.
3.  The card will arrive on time *only* if I send it today.

My process will involve a meticulous search of the text for evidence to support *each* of those claims. It's crucial to be absolutely precise.

Alright, time to dive in.

*   **Claim 1: ""I asked Helen where there was a store that sells post stamps.""**  A quick scan reveals direct evidence: Sam *directly* asks Helen where to buy stamps. The text repeatedly confirms this, both in direct quotes and in Sam's narrative. Confirmed.

*   **Claim 2: ""I had a card for my grandmother.""** The story is replete with references to ""a card,"" ""sending a card,"" and specifically ""my granny."" The user's intent is evident. This claim is absolutely supported.

*   **Claim 3: ""The card would arrive on time only if I sent it today.""** This requires more nuanced interpretation, but the text is clear. Sam expresses *extreme* concern about the card arriving late. He explicitly states he needs to send it *today* because it's her birthday *tomorrow.* This urgency, plus the later consequence of it arriving late, confirms this claim's core idea. While the wording could be more direct, the text's clear implications, Sam's worry, and the timing of the card's intended arrival all lend strong support to this.

Synthesizing all these findings, I find the text *does* support the claims. Therefore, the answer is a resounding ""Yes"" to the user's question. All the conditions in the statement are met by information found in the text.
",,,,,5.0,M,
H_1,You will be provided a story. At the end there is a yes/no question. Please answer as accurately as possible.,"Meet Sam and Helen. Sam just moved here. Helen: Hi, you're Sam, aren't you? I'm Helen, I'm in the same class as you. Sam: Oh, hey Helen! How are you? Helen: Fine thanks. Are you settling in OK? Sam: Yeah I'm gradually finding my way around, thanks. Hey, you don't happen to know where I can find the nearest store to buy some post stamps? I need to send a card to my granny. Helen: Oh, that's sweet of you. Sam: Yeah but it’s her birthday tomorrow and I can't see her myself, so I'm kind of worried that it’s not going to get there on time. So I really need to send it today but I don't know where to find a store nearby. Helen: Uhm, I think there is one on Chestnut Street, so if you go down to the end of this street and turn left, then it's about half a block down on the left. Sam: Thanks! Helen: No problem. Here’s Sam again. Later Sam meets his friend Pete. Sam: Hi Pete, how are you? Pete: Oh hi Sam how are you? Sam: Yeah, I'm OK. Pete: You don't sound so happy. What's up? Sam: Oh, I'm just a bit annoyed. I was really hoping to send a card to my granny, so I was looking for a store where they would sell post stamps. So I asked Helen, you know her, right? She is in our class. Pete: Yeah, I know Helen! Sam: Well, I asked Helen where I could buy post stamps. She told me there was a store on Chestnut Street. But when I got there, there was a big sign on the door saying it had moved to Bold Street. So I raced over to Bold Street, but I didn't make it on time, the store was already closed. Pete: No way! Sam: Yeah. So now my granny won't get her birthday card on time and I know she'll be really disappointed. Sam: Hey, I've heard that Helen is a bit of a joker. Do you think she would send me to the wrong place on purpose? Pete: Well, did she know how important it was to send the card today? Sam: Yeah I told her it was for granny's birthday tomorrow. Pete: Then I think she probably wouldn't have been deliberately trying to trick you. It was probably an honest mistake.
Pete: Do you know what I thought? I thought that Helen wanted Sam to know that she didn't realize that the store was no longer on Chestnut Street. Is this true?",No,No.,"**Dissecting Helen's Intentions: A Textual Analysis**

Okay, so ""Pete"" is asking if Helen *wanted* Sam to know she messed up with the store location. That immediately tells me this is about interpreting intentions after the fact. We're looking for evidence of Helen's actions *after* she gave Sam those directions.

I scanned the story for any follow-up: did Helen talk to Sam again? Did she send a message? Did the story even hint at her realizing the mistake? Nothing. The narrative simply ends after Sam recounts his frustrating trip.

The question is, ""Did Helen *want* Sam to know?"".  The story doesn't tell us what she *thought* or did afterward. We have zero textual basis to say she had any particular intention about Sam knowing anything. There's no scene, no dialogue, no implication. So, based *solely* on the provided text, the answer is a straightforward ""No.""  The story is just silent on Helen's subsequent thoughts and actions.
",,,,,5.0,I,
H_3,You will be provided a story. At the end there is a yes/no question. Please answer as accurately as possible.,"Meet Hannah. She is late for the lunch break and when she comes in, all the places are taken. Then, she discovers there is a free chair next to Ama and her boyfriend, Matthias. Hannah: Hi guys, I'm late, can I sit here? Ama: Oh actually, I was saving that seat for Abi. Hannah: Oh, okay. Ama: Sorry! Hannah meets Carolyn. Hannah: Hey Carolyn, can I sit here? Carolyn: Sure. Carolyn: Hey are you OK? You look a bit upset. Hannah: Yeah I'm alright, it's just that Ama is so mean sometimes. Carolyn: What happened? Hannah: Well, I came in to lunch a bit late, and there were hardly any seats left, but when I asked if I could sit at the table with her and Matthias and their friends, Ama said she was saving the seat for Abi! Carolyn: So? Ama and Abi always save seats for each other. Hannah: But Abi went home sick this morning! So Ama couldn't have been saving the seat for her. She was just making up an excuse. Hannah: I think the real reason that she didn't want me to sit with them is that she's jealous. She thinks her boyfriend Matthias has a crush on me, but it isn't true! Carolyn: Well, I didn't know that Abi was off sick. I was in a rehearsal all morning, and actually, Ama was there too, so she probably didn't know either that Abi had gone home. Carolyn: Besides, we sat with her and Matthias at lunch yesterday and that didn't bother her. So I don't think she's jealous of you.
Abi: I sat at the table with Carolyn. Is this correct?",No,No.,"**Answering the User's Question: A Logical Breakdown**

Okay, so the user gave me a story and a simple yes/no question. My task is straightforward: use *only* the information in the story to answer the question.  Let's break this down.

First, I need to understand what's being asked.  The user wants to know if the statement ""Abi: I sat at the table with Carolyn"" is correct.  Simple enough.

Next, I have to *thoroughly* analyze the story. I noted that Hannah is late for lunch, tries to sit with Ama and Matthias, and is rebuffed.  She then joins Carolyn. Key interactions happen between Hannah, Ama, and Carolyn.  My focus needs to be on these key interactions. The story states that Hannah and Carolyn sat together. The story also makes it very clear that Abi went home sick and wasn't present at lunch at all.

Now, let's connect the question to the story. The question claims Abi sat with Carolyn.  Did the story mention that?  No. In fact, it explicitly stated that Hannah sat with Carolyn and that Abi was home sick. It's a clear contradiction.

So, the statement that Abi sat with Carolyn is incorrect. The story provides no evidence to support this claim, and in fact, provides direct evidence against it.  Therefore, the answer is a simple ""No"".

Let's do a final check. Does anything in the story conflict with this conclusion?  Not at all. The story is clear and straightforward. The logic flows perfectly, and the answer, ""No,"" is the only logical conclusion based on the information provided. I'm ready to answer.
",,,,,1.0,M,
H_3,You will be provided a story. At the end there is a yes/no question. Please answer as accurately as possible.,"Meet Hannah. She is late for the lunch break and when she comes in, all the places are taken. Then, she discovers there is a free chair next to Ama and her boyfriend, Matthias. Hannah: Hi guys, I'm late, can I sit here? Ama: Oh actually, I was saving that seat for Abi. Hannah: Oh, okay. Ama: Sorry! Hannah meets Carolyn. Hannah: Hey Carolyn, can I sit here? Carolyn: Sure. Carolyn: Hey are you OK? You look a bit upset. Hannah: Yeah I'm alright, it's just that Ama is so mean sometimes. Carolyn: What happened? Hannah: Well, I came in to lunch a bit late, and there were hardly any seats left, but when I asked if I could sit at the table with her and Matthias and their friends, Ama said she was saving the seat for Abi! Carolyn: So? Ama and Abi always save seats for each other. Hannah: But Abi went home sick this morning! So Ama couldn't have been saving the seat for her. She was just making up an excuse. Hannah: I think the real reason that she didn't want me to sit with them is that she's jealous. She thinks her boyfriend Matthias has a crush on me, but it isn't true! Carolyn: Well, I didn't know that Abi was off sick. I was in a rehearsal all morning, and actually, Ama was there too, so she probably didn't know either that Abi had gone home. Carolyn: Besides, we sat with her and Matthias at lunch yesterday and that didn't bother her. So I don't think she's jealous of you.
Matthias: I am Ama's boyfriend. Is this correct?",Yes,Yes.,"**Analysis of the Prompt: Determining the Truth of Matthias's Statement**

Okay, so the user wants me to confirm or deny Matthias's statement: ""I am Ama's boyfriend. Is this correct?"" Based solely on the provided text, obviously. My initial task is to identify and isolate any information that relates to Matthias and his relationship with Ama.

First, I need to understand the structure. We have a short story with key players: Hannah, Ama, Matthias, Abi, and Carolyn. My focus immediately shifts to how the story portrays the relationship between Matthias and Ama. I'm looking for direct statements or implied relationships.

The text *immediately* sets the stage with a clear statement: ""Hannah discovers there is a free chair next to Ama and her boyfriend, Matthias."" That's a huge clue right off the bat. It explicitly labels Matthias as Ama's boyfriend.

Then, I see Hannah's perspective, where she thinks Ama is jealous because Ama thinks Matthias has a crush on her. The fact that Hannah even *assumes* this jealousy reinforces the established relationship: Ama is jealous *because* Matthias is her boyfriend. This adds another layer of confirmation.

Later, Carolyn's perspective, regarding a previous lunch experience, also explicitly includes ""her and Matthias"" in the context of Ama. The story doesn't have any contrary statements or indications.

So, synthesizing all this evidence, the text unequivocally states that Matthias *is* Ama's boyfriend. The question from Matthias is simply asking if that's correct. The answer is a resounding ""Yes."" The narrative relies on this established relationship for the entire story. There's no room for doubt here. The context is set and maintained throughout the story. The answer *must* be ""Yes.""
",,,,,1.0,M,
H_3,You will be provided a story. At the end there is a yes/no question. Please answer as accurately as possible.,"Meet Hannah. She is late for the lunch break and when she comes in, all the places are taken. Then, she discovers there is a free chair next to Ama and her boyfriend, Matthias. Hannah: Hi guys, I'm late, can I sit here? Ama: Oh actually, I was saving that seat for Abi. Hannah: Oh, okay. Ama: Sorry! Hannah meets Carolyn. Hannah: Hey Carolyn, can I sit here? Carolyn: Sure. Carolyn: Hey are you OK? You look a bit upset. Hannah: Yeah I'm alright, it's just that Ama is so mean sometimes. Carolyn: What happened? Hannah: Well, I came in to lunch a bit late, and there were hardly any seats left, but when I asked if I could sit at the table with her and Matthias and their friends, Ama said she was saving the seat for Abi! Carolyn: So? Ama and Abi always save seats for each other. Hannah: But Abi went home sick this morning! So Ama couldn't have been saving the seat for her. She was just making up an excuse. Hannah: I think the real reason that she didn't want me to sit with them is that she's jealous. She thinks her boyfriend Matthias has a crush on me, but it isn't true! Carolyn: Well, I didn't know that Abi was off sick. I was in a rehearsal all morning, and actually, Ama was there too, so she probably didn't know either that Abi had gone home. Carolyn: Besides, we sat with her and Matthias at lunch yesterday and that didn't bother her. So I don't think she's jealous of you.
Carolyn: I told Hannah that Ama was at the rehearsal.ÊIs that correct?",Yes,Yes,"**Breaking Down the Logic: Answering the Question**

Okay, so the user wants me to analyze this little story and determine if a statement made by Carolyn to Hannah is correct, based on the narrative. My first task, obviously, is to understand exactly what the user is asking.

The core question boils down to: *Did Carolyn tell Hannah that Ama was at the rehearsal?* This is pretty straightforward. I need to sift through the text and see if Carolyn explicitly makes that statement.

I need to focus on Carolyn and Hannah's interaction. Quickly scanning the text, I see a conversation between them. Ah! There it is, right near the end: Carolyn's speaking directly to Hannah.

Now, I'll pay close attention to the relevant sentences, specifically this one: *""I was in a rehearsal all morning, and actually, Ama was there too, so she probably didn't know either that Abi had gone home.""* I've got my target.

The crux of it is, Carolyn says, ""...Ama was there too..."" within a single utterance to Hannah.  This directly answers the core question.  Did Carolyn *tell* Hannah Ama was at the rehearsal? Yes, she explicitly states that fact.

Therefore, the answer is ""Yes."" It's a simple, direct deduction from the available text.
",,,,,2.0,M,
H_3,You will be provided a story. At the end there is a yes/no question. Please answer as accurately as possible.,"Meet Hannah. She is late for the lunch break and when she comes in, all the places are taken. Then, she discovers there is a free chair next to Ama and her boyfriend, Matthias. Hannah: Hi guys, I'm late, can I sit here? Ama: Oh actually, I was saving that seat for Abi. Hannah: Oh, okay. Ama: Sorry! Hannah meets Carolyn. Hannah: Hey Carolyn, can I sit here? Carolyn: Sure. Carolyn: Hey are you OK? You look a bit upset. Hannah: Yeah I'm alright, it's just that Ama is so mean sometimes. Carolyn: What happened? Hannah: Well, I came in to lunch a bit late, and there were hardly any seats left, but when I asked if I could sit at the table with her and Matthias and their friends, Ama said she was saving the seat for Abi! Carolyn: So? Ama and Abi always save seats for each other. Hannah: But Abi went home sick this morning! So Ama couldn't have been saving the seat for her. She was just making up an excuse. Hannah: I think the real reason that she didn't want me to sit with them is that she's jealous. She thinks her boyfriend Matthias has a crush on me, but it isn't true! Carolyn: Well, I didn't know that Abi was off sick. I was in a rehearsal all morning, and actually, Ama was there too, so she probably didn't know either that Abi had gone home. Carolyn: Besides, we sat with her and Matthias at lunch yesterday and that didn't bother her. So I don't think she's jealous of you.
Hannah: I wanted to sit at the table with Ama. Is that correct?",Yes,"Yes, that is correct.","**My Reasoning on Hannah's Seating Preference**

Okay, so the user wants me to confirm or deny the statement ""Hannah: I wanted to sit at the table with Ama"" based on the provided narrative. This seems straightforward, and I'll approach it methodically.

First, I need to focus *exclusively* on the text itself. Forget any external assumptions. What does the story actually *say*?

I read that Hannah is late for lunch and spots an open seat at Ama and Matthias' table. She *immediately* goes to that table and asks to sit down. This is the crucial point. Her actions are clear: she heads towards that table.

Next, I noted that Hannah's later conversation with Carolyn is framed around this initial interaction. Hannah is recounting her rejection from Ama's table. She's explicitly complaining *about that specific table*.

Considering the question, ""I wanted to sit at the table with Ama. Is that correct?"", I assess the evidence. Hannah's actions are quite evident. She approached Ama, tried to sit down, and was denied. It seems pretty clear she *did* want to sit at that table. There's no contradictory information or ambiguity. The evidence directly supports the statement: she *did* want to sit at Ama's table. Therefore, I can confidently answer ""Yes.""
",,,,,2.0,I,
H_3,You will be provided a story. At the end there is a yes/no question. Please answer as accurately as possible.,"Meet Hannah. She is late for the lunch break and when she comes in, all the places are taken. Then, she discovers there is a free chair next to Ama and her boyfriend, Matthias. Hannah: Hi guys, I'm late, can I sit here? Ama: Oh actually, I was saving that seat for Abi. Hannah: Oh, okay. Ama: Sorry! Hannah meets Carolyn. Hannah: Hey Carolyn, can I sit here? Carolyn: Sure. Carolyn: Hey are you OK? You look a bit upset. Hannah: Yeah I'm alright, it's just that Ama is so mean sometimes. Carolyn: What happened? Hannah: Well, I came in to lunch a bit late, and there were hardly any seats left, but when I asked if I could sit at the table with her and Matthias and their friends, Ama said she was saving the seat for Abi! Carolyn: So? Ama and Abi always save seats for each other. Hannah: But Abi went home sick this morning! So Ama couldn't have been saving the seat for her. She was just making up an excuse. Hannah: I think the real reason that she didn't want me to sit with them is that she's jealous. She thinks her boyfriend Matthias has a crush on me, but it isn't true! Carolyn: Well, I didn't know that Abi was off sick. I was in a rehearsal all morning, and actually, Ama was there too, so she probably didn't know either that Abi had gone home. Carolyn: Besides, we sat with her and Matthias at lunch yesterday and that didn't bother her. So I don't think she's jealous of you.
Ama: I knew that Abi had gone home sick. Is this true?",No,"Based on the story, it is impossible to determine if this is true.

Here's why:
*   **Hannah** believes Ama knew Abi was sick and was lying.
*   **Carolyn** believes Ama did not know Abi was sick, because Ama was in a rehearsal all morning.

The story presents two conflicting viewpoints and does not provide enough information to confirm which one is correct.","**My Analysis of Ama's Knowledge**

Okay, here's how I'm approaching this: The user presented me with a story and a yes/no question. My task is to determine whether, based solely on the text of the story, I can answer ""Yes"" to the question ""Is this true?"" where ""This"" refers to Ama knowing Abi was sick.

I started by carefully reading the story. I needed to identify any points that directly addressed Ama's knowledge of Abi's illness. I identified two key pieces of information: Hannah's claim that Ama *knew* Abi was sick, and Carolyn's counter-argument, suggesting Ama *probably didn't* know. Hannah thinks it's a lie. Carolyn gives a possible explanation. The text itself *never* explicitly states whether Ama knew or didn't know. The text gives opposing interpretations, and that's it.

The crux of the matter is the conflict. Hannah *believes* Ama knew, but provides no concrete evidence beyond her suspicion. Carolyn argues the opposite, citing Ama's presence in rehearsals. The story doesn't resolve this disagreement.  It leaves it to the reader.

I considered answering ""Yes"" or ""No"". However, after careful consideration, I've concluded that neither is justifiable based on the information provided in the story.  A ""Yes"" answer requires me to accept Hannah's unsubstantiated claim as fact. A ""No"" answer would need to ignore that the text *doesn't definitively say* Ama *didn't* know. Carolyn's claim is an educated guess based on what *she* knows, not a statement of fact.

The prompt requires accuracy, and the only accurate answer is that the text itself doesn't offer enough information to make that determination. Therefore, I'll respond that it's impossible to confirm Ama's knowledge from the text.
",,,,,2.0,I,
H_3,You will be provided a story. At the end there is a yes/no question. Please answer as accurately as possible.,"Meet Hannah. She is late for the lunch break and when she comes in, all the places are taken. Then, she discovers there is a free chair next to Ama and her boyfriend, Matthias. Hannah: Hi guys, I'm late, can I sit here? Ama: Oh actually, I was saving that seat for Abi. Hannah: Oh, okay. Ama: Sorry! Hannah meets Carolyn. Hannah: Hey Carolyn, can I sit here? Carolyn: Sure. Carolyn: Hey are you OK? You look a bit upset. Hannah: Yeah I'm alright, it's just that Ama is so mean sometimes. Carolyn: What happened? Hannah: Well, I came in to lunch a bit late, and there were hardly any seats left, but when I asked if I could sit at the table with her and Matthias and their friends, Ama said she was saving the seat for Abi! Carolyn: So? Ama and Abi always save seats for each other. Hannah: But Abi went home sick this morning! So Ama couldn't have been saving the seat for her. She was just making up an excuse. Hannah: I think the real reason that she didn't want me to sit with them is that she's jealous. She thinks her boyfriend Matthias has a crush on me, but it isn't true! Carolyn: Well, I didn't know that Abi was off sick. I was in a rehearsal all morning, and actually, Ama was there too, so she probably didn't know either that Abi had gone home. Carolyn: Besides, we sat with her and Matthias at lunch yesterday and that didn't bother her. So I don't think she's jealous of you.
Ama: I told Hannah that Abi had gone home sick. Is this true?",No,No,"**Deconstructing the Query: A Textual Analysis**

Okay, so the user wants me to do a textual analysis. Their request is pretty straightforward: they've given me a narrative and a yes/no question. My task is to determine if Ama's statement is true *solely* based on the information provided in the text. This is a classic exercise in close reading and inferential reasoning, something I'm well-versed in.

First, the question itself: ""Ama: I told Hannah that Abi had gone home sick. Is this true?"" It's a direct quote from Ama, and the crux of the problem. My focus, then, is to trace this claim back to the narrative's dialogue.

I started by pinpointing the critical interaction – the initial exchange between Hannah and Ama. That's where the heart of this question resides. I carefully scrutinized the dialogue: Hannah asks to sit, Ama mentions ""saving that seat for Abi."" Crucially, though, Ama *never* explicitly says anything about Abi being sick to Hannah.  This discrepancy, right there, is a red flag.

The subsequent parts of the narrative are really insightful contextual information. Hannah's later assertion to Carolyn that Abi went home sick this morning is presented as Hannah's knowledge, not Ama's. Carolyn's response further solidifies the point. It suggests Ama *was* present in the rehearsal, implying that she wasn't privy to Abi's absence and therefore couldn't have told Hannah the reason for Abi being absent.

Putting it all together, the evidence is pretty clear. The direct dialogue between Ama and Hannah doesn't contain the crucial statement. The surrounding information reinforces the idea that Ama *wasn't* aware that Abi was sick. Therefore, Ama's claim is false according to the text. My answer is, definitively, ""No.""
",,,,,2.0,M,
H_3,You will be provided a story. At the end there is a yes/no question. Please answer as accurately as possible.,"Meet Hannah. She is late for the lunch break and when she comes in, all the places are taken. Then, she discovers there is a free chair next to Ama and her boyfriend, Matthias. Hannah: Hi guys, I'm late, can I sit here? Ama: Oh actually, I was saving that seat for Abi. Hannah: Oh, okay. Ama: Sorry! Hannah meets Carolyn. Hannah: Hey Carolyn, can I sit here? Carolyn: Sure. Carolyn: Hey are you OK? You look a bit upset. Hannah: Yeah I'm alright, it's just that Ama is so mean sometimes. Carolyn: What happened? Hannah: Well, I came in to lunch a bit late, and there were hardly any seats left, but when I asked if I could sit at the table with her and Matthias and their friends, Ama said she was saving the seat for Abi! Carolyn: So? Ama and Abi always save seats for each other. Hannah: But Abi went home sick this morning! So Ama couldn't have been saving the seat for her. She was just making up an excuse. Hannah: I think the real reason that she didn't want me to sit with them is that she's jealous. She thinks her boyfriend Matthias has a crush on me, but it isn't true! Carolyn: Well, I didn't know that Abi was off sick. I was in a rehearsal all morning, and actually, Ama was there too, so she probably didn't know either that Abi had gone home. Carolyn: Besides, we sat with her and Matthias at lunch yesterday and that didn't bother her. So I don't think she's jealous of you.
Carolyn: I thought that Hannah liked Matthias (Ama's boyfriend). Is this correct?",No,No. The story does not state that Carolyn thought Hannah liked Matthias. Hannah's theory was that Ama was jealous because Ama thought Matthias had a crush on Hannah.,"**My Assessment of Hannah and Matthias' Situation**

Okay, so the user wants to know if *I* thought Hannah liked Matthias, based on what was said.  Let's break this down.  First, the user is looking at this situation from my perspective.  I need to go over the story to find any sign if I, Carolyn, thought Hannah liked Matthias.

Looking back, Hannah and I had a conversation where she was clearly upset about Ama saving a seat for Abi, who was absent. Hannah offered her theory - that Ama was jealous, thinking her boyfriend Matthias had a crush on Hannah. She even said, ""**but it isn't true!**""  So, that tells me the claim Hannah *herself* made that she doesn't like Matthias.

My responses to Hannah focused on defusing the jealousy issue, and on pointing out to Hannah, why Ama probably wasn't jealous. There's nothing in my responses that suggest I *personally* thought Hannah had feelings for Matthias. My main point was that Ama probably didn't know Abi was sick and they all sat together at lunch yesterday with no problem.

Therefore, based on the text provided, I did not form any opinion on whether Hannah actually *likes* Matthias. The discussion revolved around whether Ama was jealous. The user's question is ""I thought that Hannah liked Matthias... Is this correct?"" and the answer is **No**.  The text doesn't indicate that I, Carolyn, had any thoughts on the matter of Hannah's feelings for Matthias.  The conversation was focused on Hannah's theory about Ama's jealousy, and Hannah herself refuted the idea that she had a crush on Matthias.
",,,,,3.0,I,
H_3,You will be provided a story. At the end there is a yes/no question. Please answer as accurately as possible.,"Meet Hannah. She is late for the lunch break and when she comes in, all the places are taken. Then, she discovers there is a free chair next to Ama and her boyfriend, Matthias. Hannah: Hi guys, I'm late, can I sit here? Ama: Oh actually, I was saving that seat for Abi. Hannah: Oh, okay. Ama: Sorry! Hannah meets Carolyn. Hannah: Hey Carolyn, can I sit here? Carolyn: Sure. Carolyn: Hey are you OK? You look a bit upset. Hannah: Yeah I'm alright, it's just that Ama is so mean sometimes. Carolyn: What happened? Hannah: Well, I came in to lunch a bit late, and there were hardly any seats left, but when I asked if I could sit at the table with her and Matthias and their friends, Ama said she was saving the seat for Abi! Carolyn: So? Ama and Abi always save seats for each other. Hannah: But Abi went home sick this morning! So Ama couldn't have been saving the seat for her. She was just making up an excuse. Hannah: I think the real reason that she didn't want me to sit with them is that she's jealous. She thinks her boyfriend Matthias has a crush on me, but it isn't true! Carolyn: Well, I didn't know that Abi was off sick. I was in a rehearsal all morning, and actually, Ama was there too, so she probably didn't know either that Abi had gone home. Carolyn: Besides, we sat with her and Matthias at lunch yesterday and that didn't bother her. So I don't think she's jealous of you.
Carolyn: We are friends. I told Hannah that Abi had a rehearsal. Is this correct?",No,No.,"**Answering the User's Question: A Step-by-Step Analysis**

Okay, here's how I'm approaching this. The user presents a story and a yes/no question. My task is straightforward: use *only* the provided text to answer the question, which is essentially a factual check.

First, I need to understand the question itself. It's: ""We are friends. I told Hannah that Abi had a rehearsal. Is this correct?""  Since ""We"" refers to Carolyn, the question boils down to: *Did Carolyn tell Hannah that Abi had a rehearsal?* This requires a direct comparison between the question's assertion and the information in the story.

Next, I'll dive into the text, focusing on any details related to rehearsals and, specifically, Abi.  I'm looking for direct quotes or implied statements that shed light on Carolyn's conversations with Hannah, particularly regarding rehearsals and Abi's activities.

After a quick scan, the key sentences jump out: ""Well, I didn't know that Abi was off sick."" and ""I was in a rehearsal all morning, and actually, Ama was there too, so she probably didn't know either that Abi had gone home.""

Now for the comparison. The question claims Carolyn told Hannah about Abi's rehearsal. However, the text shows that Carolyn mentioned *her own* rehearsal to Hannah, along with Ama's presence. There's no mention of Abi being in a rehearsal, only that she was sick and went home. The text implies that *Hannah* is the one who introduced the topic of Abi being sick. Carolyn stated that because she (Carolyn) was in a rehearsal, she was unaware of Abi's situation.

Given this analysis, the question's statement is incorrect. The text doesn't support the idea that Carolyn told Hannah that Abi was in a rehearsal. The evidence strongly suggests that Carolyn spoke about her own rehearsal and was unaware of Abi's illness at that time.

Therefore, the final answer has to be ""No.""
",,,,,3.0,M,
H_3,You will be provided a story. At the end there is a yes/no question. Please answer as accurately as possible.,"Meet Hannah. She is late for the lunch break and when she comes in, all the places are taken. Then, she discovers there is a free chair next to Ama and her boyfriend, Matthias. Hannah: Hi guys, I'm late, can I sit here? Ama: Oh actually, I was saving that seat for Abi. Hannah: Oh, okay. Ama: Sorry! Hannah meets Carolyn. Hannah: Hey Carolyn, can I sit here? Carolyn: Sure. Carolyn: Hey are you OK? You look a bit upset. Hannah: Yeah I'm alright, it's just that Ama is so mean sometimes. Carolyn: What happened? Hannah: Well, I came in to lunch a bit late, and there were hardly any seats left, but when I asked if I could sit at the table with her and Matthias and their friends, Ama said she was saving the seat for Abi! Carolyn: So? Ama and Abi always save seats for each other. Hannah: But Abi went home sick this morning! So Ama couldn't have been saving the seat for her. She was just making up an excuse. Hannah: I think the real reason that she didn't want me to sit with them is that she's jealous. She thinks her boyfriend Matthias has a crush on me, but it isn't true! Carolyn: Well, I didn't know that Abi was off sick. I was in a rehearsal all morning, and actually, Ama was there too, so she probably didn't know either that Abi had gone home. Carolyn: Besides, we sat with her and Matthias at lunch yesterday and that didn't bother her. So I don't think she's jealous of you.
Ama: I told Hannah she couldn't sit with us because I was keeping that seat for Abi. Is this true?",Yes,Yes.,"**My Analysis of Ama's Statement**

Okay, so I've been given a story and a straightforward yes/no question. My task is clear: answer the question based *solely* on the information provided in the narrative. My first step is to unpack the user's request, and figure out what the question is getting at.

I see that the question is asking if Ama told Hannah she couldn't sit there *because* the seat was saved for Abi. The focus here is on the *statement* itself, not the truthfulness of Ama's intent or motivations.

Next, I delved into the story. It describes a situation at lunch where Hannah tries to sit with Ama and Matthias, but Ama says the seat is saved for Abi. Hannah gets upset, speculating about Ama's motives, and Carolyn offers a more rational perspective. The pertinent question, posed from Ama's point of view, is: *""I told Hannah she couldn't sit with us because I was keeping that seat for Abi. Is this true?""*

Now, I'm focusing on the dialogue. I went back and pinpointed the exchange between Hannah and Ama. The story explicitly states that Ama says *""Oh actually, I was saving that seat for Abi.""* The crucial phrase here is ""I was saving that seat for Abi"".

The question is a direct match, a near mirror of the dialogue. It focuses on the statement's *existence*. I'm not being asked to assess the *accuracy* of Ama's claim, nor Abi's real plan. The task is simpler: did Ama *say* she was saving the seat? The text confirms it.

Therefore, the answer is unequivocally ""Yes."" Ama did, in fact, tell Hannah that she couldn't sit there *because* she was keeping the seat for Abi. The rest of the story is irrelevant to this specific question, which is asking if a phrase was spoken. The analysis is complete.
",,,,,3.0,M,
H_3,You will be provided a story. At the end there is a yes/no question. Please answer as accurately as possible.,"Meet Hannah. She is late for the lunch break and when she comes in, all the places are taken. Then, she discovers there is a free chair next to Ama and her boyfriend, Matthias. Hannah: Hi guys, I'm late, can I sit here? Ama: Oh actually, I was saving that seat for Abi. Hannah: Oh, okay. Ama: Sorry! Hannah meets Carolyn. Hannah: Hey Carolyn, can I sit here? Carolyn: Sure. Carolyn: Hey are you OK? You look a bit upset. Hannah: Yeah I'm alright, it's just that Ama is so mean sometimes. Carolyn: What happened? Hannah: Well, I came in to lunch a bit late, and there were hardly any seats left, but when I asked if I could sit at the table with her and Matthias and their friends, Ama said she was saving the seat for Abi! Carolyn: So? Ama and Abi always save seats for each other. Hannah: But Abi went home sick this morning! So Ama couldn't have been saving the seat for her. She was just making up an excuse. Hannah: I think the real reason that she didn't want me to sit with them is that she's jealous. She thinks her boyfriend Matthias has a crush on me, but it isn't true! Carolyn: Well, I didn't know that Abi was off sick. I was in a rehearsal all morning, and actually, Ama was there too, so she probably didn't know either that Abi had gone home. Carolyn: Besides, we sat with her and Matthias at lunch yesterday and that didn't bother her. So I don't think she's jealous of you.
Hannah: I thought Ama knew that Abi had gone home sick. Is this true?",Yes,Yes.,"**Hannah's Perspective: Did Ama Know Abi Was Sick?**

Yes, that's precisely what I thought. My reasoning was straightforward: ""Abi went home sick this morning!"" So, it follows logically that ""Ama couldn't have been saving the seat for her. She was just making up an excuse."" To accuse Ama of making up an excuse, she *had* to know Abi was absent. Otherwise, the excuse would have made sense!
",,,,,3.0,I,
H_3,You will be provided a story. At the end there is a yes/no question. Please answer as accurately as possible.,"Meet Hannah. She is late for the lunch break and when she comes in, all the places are taken. Then, she discovers there is a free chair next to Ama and her boyfriend, Matthias. Hannah: Hi guys, I'm late, can I sit here? Ama: Oh actually, I was saving that seat for Abi. Hannah: Oh, okay. Ama: Sorry! Hannah meets Carolyn. Hannah: Hey Carolyn, can I sit here? Carolyn: Sure. Carolyn: Hey are you OK? You look a bit upset. Hannah: Yeah I'm alright, it's just that Ama is so mean sometimes. Carolyn: What happened? Hannah: Well, I came in to lunch a bit late, and there were hardly any seats left, but when I asked if I could sit at the table with her and Matthias and their friends, Ama said she was saving the seat for Abi! Carolyn: So? Ama and Abi always save seats for each other. Hannah: But Abi went home sick this morning! So Ama couldn't have been saving the seat for her. She was just making up an excuse. Hannah: I think the real reason that she didn't want me to sit with them is that she's jealous. She thinks her boyfriend Matthias has a crush on me, but it isn't true! Carolyn: Well, I didn't know that Abi was off sick. I was in a rehearsal all morning, and actually, Ama was there too, so she probably didn't know either that Abi had gone home. Carolyn: Besides, we sat with her and Matthias at lunch yesterday and that didn't bother her. So I don't think she's jealous of you.
Carolyn: I hoped Hannah would understand that Ama didn't know that Abi had gone home sick. Is this correct?",Yes,"Yes, that is correct. Carolyn explicitly tells Hannah that she and Ama were in a rehearsal all morning, so Ama probably didn't know Abi had gone home sick. She says this to offer a different, less malicious explanation for Ama's behavior, hoping Hannah will understand.","**Reflecting on Carolyn's Reasoning**

Okay, so I'm presented with a scenario and a question: ""Is it correct that I hoped Hannah would understand that Ama didn't know Abi was sick?"" Let me break this down.

Firstly, I need to understand what Carolyn's perspective is. The crux of the situation seems to be Hannah's assumption that Ama's actions (saving a seat for Abi) were somehow malicious, linked to jealousy regarding Matthias. But I, Carolyn, know that Abi was sick and didn't attend school that day.

I had a crucial piece of information – a counter-argument to Hannah’s assumption. My first logical response was to clarify what had happened. I stated that ""Ama was there too [at rehearsal], so she probably didn't know either that Abi had gone home.""

Considering this statement, it seems pretty clear that I am hoping Hannah will acknowledge this fact. My intention behind bringing up Ama's whereabouts is to explain Ama's behavior – to give a valid reason behind her behaviour. I'm trying to present a different, less accusatory, explanation. Therefore, my statement implicitly contains the *hope* that Hannah will recognize the situation from a new perspective.

Yes, it is correct. I definitely hoped Hannah would understand that Ama, like me, didn't know Abi was sick. I was, after all, providing an alternative interpretation of Ama's actions to counter Hannah's theory. I was offering a reasonable explanation.
",,,,,4.0,I,
H_3,You will be provided a story. At the end there is a yes/no question. Please answer as accurately as possible.,"Meet Hannah. She is late for the lunch break and when she comes in, all the places are taken. Then, she discovers there is a free chair next to Ama and her boyfriend, Matthias. Hannah: Hi guys, I'm late, can I sit here? Ama: Oh actually, I was saving that seat for Abi. Hannah: Oh, okay. Ama: Sorry! Hannah meets Carolyn. Hannah: Hey Carolyn, can I sit here? Carolyn: Sure. Carolyn: Hey are you OK? You look a bit upset. Hannah: Yeah I'm alright, it's just that Ama is so mean sometimes. Carolyn: What happened? Hannah: Well, I came in to lunch a bit late, and there were hardly any seats left, but when I asked if I could sit at the table with her and Matthias and their friends, Ama said she was saving the seat for Abi! Carolyn: So? Ama and Abi always save seats for each other. Hannah: But Abi went home sick this morning! So Ama couldn't have been saving the seat for her. She was just making up an excuse. Hannah: I think the real reason that she didn't want me to sit with them is that she's jealous. She thinks her boyfriend Matthias has a crush on me, but it isn't true! Carolyn: Well, I didn't know that Abi was off sick. I was in a rehearsal all morning, and actually, Ama was there too, so she probably didn't know either that Abi had gone home. Carolyn: Besides, we sat with her and Matthias at lunch yesterday and that didn't bother her. So I don't think she's jealous of you.
Carolyn: When Hannah sat down with me, I immediately saw something was wrong, so I asked her what was up.",Yes,There is no yes/no question at the end of the story. The last sentence is a statement from Carolyn's perspective.,"**Addressing the User's Query**

Okay, so I've been given a story and instructed to answer a yes/no question at the end. My task is straightforward: analyze the provided text and formulate a response. Initially, I noted that Hannah's late for lunch, tries to join Ama and Matthias, gets rebuffed (Ama's saving the seat for Abi), finds another seat with Carolyn, and then vents to Carolyn about Ama.  Hannah suspects jealousy from Ama. Carolyn offers counterarguments: Ama and Abi are known seat-savers, Carolyn herself didn't know Abi was sick because she was in rehearsal, and neither did Ama.  Carolyn also points out that Hannah sat with them yesterday without issue. The story ends with a description of Carolyn asking Hannah what was up.

However, I've hit a snag. The instructions explicitly state there's a yes/no question at the end, but there isn't one. The final sentence is a statement about Carolyn, *not* a question. I've re-read the prompt several times, and I've confirmed my initial observation. It seems the user meant to include a question but didn't. Perhaps this is a test or a mistake in the prompt.

Given this discrepancy, the best approach is to be upfront. I can't answer a question that's not there. Therefore, my response must clearly indicate that a yes/no question is missing from the provided text. To assist the user, I'll need a correctly formulated question to formulate an answer based on the given story.
",,,,,4.0,M,
H_3,You will be provided a story. At the end there is a yes/no question. Please answer as accurately as possible.,"Meet Hannah. She is late for the lunch break and when she comes in, all the places are taken. Then, she discovers there is a free chair next to Ama and her boyfriend, Matthias. Hannah: Hi guys, I'm late, can I sit here? Ama: Oh actually, I was saving that seat for Abi. Hannah: Oh, okay. Ama: Sorry! Hannah meets Carolyn. Hannah: Hey Carolyn, can I sit here? Carolyn: Sure. Carolyn: Hey are you OK? You look a bit upset. Hannah: Yeah I'm alright, it's just that Ama is so mean sometimes. Carolyn: What happened? Hannah: Well, I came in to lunch a bit late, and there were hardly any seats left, but when I asked if I could sit at the table with her and Matthias and their friends, Ama said she was saving the seat for Abi! Carolyn: So? Ama and Abi always save seats for each other. Hannah: But Abi went home sick this morning! So Ama couldn't have been saving the seat for her. She was just making up an excuse. Hannah: I think the real reason that she didn't want me to sit with them is that she's jealous. She thinks her boyfriend Matthias has a crush on me, but it isn't true! Carolyn: Well, I didn't know that Abi was off sick. I was in a rehearsal all morning, and actually, Ama was there too, so she probably didn't know either that Abi had gone home. Carolyn: Besides, we sat with her and Matthias at lunch yesterday and that didn't bother her. So I don't think she's jealous of you.
Ama: I thought that my boyfriend, Matthias, believed that Hannah liked him. Is this true?",No,"No, the story does not state this. The story says that Hannah thinks Ama is jealous because Ama believes Matthias has a crush on Hannah, not the other way around.","**Analysis of Ama's Belief and the Story's Content**

Okay, here's the breakdown of my thought process in tackling this question, as though it were my own internal monologue. First, the user wants me to assess whether Ama's thought is supported by the story.  The question is: ""Ama: I thought that my boyfriend, Matthias, believed that Hannah liked him. Is this true?""  I need to provide a binary yes/no answer based solely on the text.

I've got to find evidence for or against Matthias believing Hannah likes him.  My first instinct is to scan for keywords like ""Matthias,"" ""Hannah,"" ""like,"" ""believe,"" and related terms.  I quickly see that Hannah does mention Matthias, saying ""She thinks her boyfriend Matthias has a crush on me.""  However, that's Hannah's interpretation of *Ama's* thoughts, not what *Matthias* actually believes.

Scanning further, I check Carolyn's dialogue, and Ama's dialogue, but I am unable to identify any clear information about Matthias's beliefs regarding Hannah's feelings.  The text provides no direct insight into Matthias's internal thoughts or beliefs regarding Hannah.

So, the story provides Hannah's speculation about *Ama's* thought (that Matthias has a crush on Hannah), but doesn't offer any statements about what *Matthias* himself is thinking about Hannah's feelings.  

The question is ""Is this true?"" referring to the belief Ama thinks Matthias has.  Since the story doesn't explicitly state that Matthias believes Hannah likes him, or even hints at it, based *solely* on the information in the story, I cannot answer ""yes"". Therefore, the most accurate answer, considering the limited scope of the information provided in the prompt and the request for a binary answer, is ""no"".
",,,,,4.0,I,
H_3,You will be provided a story. At the end there is a yes/no question. Please answer as accurately as possible.,"Meet Hannah. She is late for the lunch break and when she comes in, all the places are taken. Then, she discovers there is a free chair next to Ama and her boyfriend, Matthias. Hannah: Hi guys, I'm late, can I sit here? Ama: Oh actually, I was saving that seat for Abi. Hannah: Oh, okay. Ama: Sorry! Hannah meets Carolyn. Hannah: Hey Carolyn, can I sit here? Carolyn: Sure. Carolyn: Hey are you OK? You look a bit upset. Hannah: Yeah I'm alright, it's just that Ama is so mean sometimes. Carolyn: What happened? Hannah: Well, I came in to lunch a bit late, and there were hardly any seats left, but when I asked if I could sit at the table with her and Matthias and their friends, Ama said she was saving the seat for Abi! Carolyn: So? Ama and Abi always save seats for each other. Hannah: But Abi went home sick this morning! So Ama couldn't have been saving the seat for her. She was just making up an excuse. Hannah: I think the real reason that she didn't want me to sit with them is that she's jealous. She thinks her boyfriend Matthias has a crush on me, but it isn't true! Carolyn: Well, I didn't know that Abi was off sick. I was in a rehearsal all morning, and actually, Ama was there too, so she probably didn't know either that Abi had gone home. Carolyn: Besides, we sat with her and Matthias at lunch yesterday and that didn't bother her. So I don't think she's jealous of you.
Hannah: I told Ama that Abi was sick, so she had gone home, and that she no longer had to keep that chair free for her. Is this true?",No,No.,"**My Analysis of Hannah and Ama's Interaction**

Okay, so the question is asking if Hannah told Ama that Abi was sick, which led to Ama no longer needing to save a seat. My focus needs to be squarely on the interaction between Hannah and Ama.

First, I need to pinpoint the relevant part of the story. It's the conversation where Hannah asks to sit and Ama responds about saving the seat for Abi. Bingo, I've got it. Let's look closely at that dialogue: Hannah says, ""Hi guys, I'm late, can I sit here?"" and then Ama says, ""Oh actually, I was saving that seat for Abi."" Hannah just replies with ""Oh, okay"" and Ama apologizes. That's the extent of their conversation.

Now, I'm specifically looking for any indication that Hannah explained Abi's illness to Ama. Does Hannah say anything like ""Abi's gone home sick"" or ""Abi's not coming because she's ill""? Nope. She doesn't. Later, Hannah *does* tell Carolyn about Abi being sick, saying, ""But Abi went home sick this morning!"" but that's in a totally different conversation.

Therefore, my conclusion is clear. The story doesn't show Hannah telling Ama that Abi was sick, nor does the text imply any further interaction between them. The question is a simple yes/no. The answer is unequivocally **No**. The text shows Hannah *recounting* Abi's sickness to Carolyn, not telling Ama directly.
",,,,,4.0,M,
H_3,You will be provided a story. At the end there is a yes/no question. Please answer as accurately as possible.,"Meet Hannah. She is late for the lunch break and when she comes in, all the places are taken. Then, she discovers there is a free chair next to Ama and her boyfriend, Matthias. Hannah: Hi guys, I'm late, can I sit here? Ama: Oh actually, I was saving that seat for Abi. Hannah: Oh, okay. Ama: Sorry! Hannah meets Carolyn. Hannah: Hey Carolyn, can I sit here? Carolyn: Sure. Carolyn: Hey are you OK? You look a bit upset. Hannah: Yeah I'm alright, it's just that Ama is so mean sometimes. Carolyn: What happened? Hannah: Well, I came in to lunch a bit late, and there were hardly any seats left, but when I asked if I could sit at the table with her and Matthias and their friends, Ama said she was saving the seat for Abi! Carolyn: So? Ama and Abi always save seats for each other. Hannah: But Abi went home sick this morning! So Ama couldn't have been saving the seat for her. She was just making up an excuse. Hannah: I think the real reason that she didn't want me to sit with them is that she's jealous. She thinks her boyfriend Matthias has a crush on me, but it isn't true! Carolyn: Well, I didn't know that Abi was off sick. I was in a rehearsal all morning, and actually, Ama was there too, so she probably didn't know either that Abi had gone home. Carolyn: Besides, we sat with her and Matthias at lunch yesterday and that didn't bother her. So I don't think she's jealous of you.
Hannah: I didn't believe that Matthias (Ama's boyfriend) really liked me. I wanted Carolyn to know that. Is this correct?",Yes,Yes.,"**Deconstructing Hannah's Feelings**

Okay, so the question is whether the statement ""I didn't believe that Matthias really liked me. I wanted Carolyn to know that"" accurately reflects Hannah's position in the provided story.  Let's break this down.

First, I need to understand Hannah's perspective. The story provides the crucial piece: she's telling Carolyn that Ama is jealous because Ama thinks Matthias has a crush on Hannah. But then comes the clincher: ""...but it isn't true!""

This is the lynchpin.  The statement explicitly denies Matthias's hypothetical feelings.  Now, the user's statement says, ""I didn't *believe* that Matthias... really liked me.""  Well, Hannah's own words, ""it isn't true!""  directly contradict the idea of her believing in a crush. So, the first part of the statement checks out perfectly.

Now, the second part: ""I wanted Carolyn to know that.""  Why is Hannah telling Carolyn all this? Because she wants Carolyn to understand her perspective.  The phrase ""but it isn't true!"" is *directly* addressed to Carolyn.  It's a declaration, a clarification. By communicating this to Carolyn, she's clearly expressing her desire for Carolyn to understand her position: Matthias doesn't have a crush on her.

Put simply, Hannah is conveying that she doesn't believe in the crush and wants Carolyn to understand that. The story provides ample support for this; her words are direct and her intent is clear.  The answer, therefore, is an unequivocal ""Yes.""
",,,,,5.0,I,
H_3,You will be provided a story. At the end there is a yes/no question. Please answer as accurately as possible.,"Meet Hannah. She is late for the lunch break and when she comes in, all the places are taken. Then, she discovers there is a free chair next to Ama and her boyfriend, Matthias. Hannah: Hi guys, I'm late, can I sit here? Ama: Oh actually, I was saving that seat for Abi. Hannah: Oh, okay. Ama: Sorry! Hannah meets Carolyn. Hannah: Hey Carolyn, can I sit here? Carolyn: Sure. Carolyn: Hey are you OK? You look a bit upset. Hannah: Yeah I'm alright, it's just that Ama is so mean sometimes. Carolyn: What happened? Hannah: Well, I came in to lunch a bit late, and there were hardly any seats left, but when I asked if I could sit at the table with her and Matthias and their friends, Ama said she was saving the seat for Abi! Carolyn: So? Ama and Abi always save seats for each other. Hannah: But Abi went home sick this morning! So Ama couldn't have been saving the seat for her. She was just making up an excuse. Hannah: I think the real reason that she didn't want me to sit with them is that she's jealous. She thinks her boyfriend Matthias has a crush on me, but it isn't true! Carolyn: Well, I didn't know that Abi was off sick. I was in a rehearsal all morning, and actually, Ama was there too, so she probably didn't know either that Abi had gone home. Carolyn: Besides, we sat with her and Matthias at lunch yesterday and that didn't bother her. So I don't think she's jealous of you.
Ama: I'm in Matthias' class. Normally I always save a seat for Abi, but not today, because she was sick. I told all this to Hannah. Is this correct?",No,"No, this is not correct.

According to the story, Ama told Hannah, ""Oh actually, I was saving that seat for Abi."" She did not mention that Abi was sick or that she was *not* saving the seat.","**Assessing Ama's Claims: A Textual Analysis**

Okay, so the user's given me a narrative snippet and a yes/no question from the perspective of a character, Ama. My task is to rigorously evaluate whether Ama's self-assessment is accurate, drawing solely from the information presented in the text. Let's break this down systematically.

First, I need to understand Ama's statement: ""I'm in Matthias' class. Normally I always save a seat for Abi, but not today, because she was sick. I told all this to Hannah. Is this correct?"" I'll dissect this into individual assertions: ""I'm in Matthias' class,"" ""Normally I always save a seat for Abi,"" ""but not today, because she was sick,"" and ""I told all this to Hannah."" Then, I'll cross-reference each part with the story's details.

The first point, ""I'm in Matthias' class,"" isn't explicitly confirmed or denied by the provided text. It's implied, given the relationship, but not demonstrably stated within the narrative.

The second part, ""Normally I always save a seat for Abi,"" aligns with what I read. Carolyn mentions that Ama and Abi ""always save seats for each other,"" which strengthens this idea.

However, the third and fourth claims immediately raise red flags. ""But not today, because she was sick"" is directly contradicted. The story clearly shows Ama *saying* to Hannah, ""Oh actually, I was saving that seat for Abi."" This is a fundamental discrepancy. The narrative highlights that Ama *did* save a seat. The claim about Abi's illness isn't supported by the actual conversation depicted.

Similarly, ""I told all this to Hannah"" is inaccurate. The dialogue with Hannah paints a different picture. Ama didn't communicate the reason for not saving the seat – namely, Abi's illness. Instead, she mentioned saving the seat for Abi, which goes against the narrative.

Putting it all together, I see that the overall assessment is flawed. While we can't confirm Ama is in Matthias' class, and ""normally"" she does save seats, the specific details regarding today's seat-saving and the conversation with Hannah are demonstrably false based on the provided text. So, the definitive answer is ""No."" The statement is not correct based on the information provided.
",,,,,5.0,M,
H_3,You will be provided a story. At the end there is a yes/no question. Please answer as accurately as possible.,"Meet Hannah. She is late for the lunch break and when she comes in, all the places are taken. Then, she discovers there is a free chair next to Ama and her boyfriend, Matthias. Hannah: Hi guys, I'm late, can I sit here? Ama: Oh actually, I was saving that seat for Abi. Hannah: Oh, okay. Ama: Sorry! Hannah meets Carolyn. Hannah: Hey Carolyn, can I sit here? Carolyn: Sure. Carolyn: Hey are you OK? You look a bit upset. Hannah: Yeah I'm alright, it's just that Ama is so mean sometimes. Carolyn: What happened? Hannah: Well, I came in to lunch a bit late, and there were hardly any seats left, but when I asked if I could sit at the table with her and Matthias and their friends, Ama said she was saving the seat for Abi! Carolyn: So? Ama and Abi always save seats for each other. Hannah: But Abi went home sick this morning! So Ama couldn't have been saving the seat for her. She was just making up an excuse. Hannah: I think the real reason that she didn't want me to sit with them is that she's jealous. She thinks her boyfriend Matthias has a crush on me, but it isn't true! Carolyn: Well, I didn't know that Abi was off sick. I was in a rehearsal all morning, and actually, Ama was there too, so she probably didn't know either that Abi had gone home. Carolyn: Besides, we sat with her and Matthias at lunch yesterday and that didn't bother her. So I don't think she's jealous of you.
Carolyn: Ama hoped Hannah would join them at the table. I thought she would understand. Is this correct?",No,"No, this is not correct. The story states that Ama told Hannah the seat was saved for someone else.","**My Analysis of the Story and the Question**

Okay, here's how I'm approaching this: The user's given me a story and a yes/no question based on it. My task is to carefully analyze the story and answer the question using only the information presented.

First, I need to understand the question itself: ""Ama hoped Hannah would join them at the table. I thought she would understand. Is this correct?"" It's a bit tricky because it's essentially two statements rolled into one. Part one is about Ama's desires regarding Hannah, and the second part is about *my* thought process, presumedly Carolyn's, who is the speaker at the end of the story. The core question is whether ""Ama hoped Hannah would join them at the table"" is accurate according to the story's events.

Now, I'm going through the story to find relevant evidence. Hannah wants to sit with Ama and Matthias, but Ama says the seat is saved for Abi. Hannah interprets this as meanness. Carolyn, then counters with explanations: Ama and Abi always save seats for each other, Ama was in rehearsal and likely didn't know Abi was sick.

Based on what I've found, is the first part of the question true? Absolutely not. Ama *actively* prevents Hannah from joining them, by saying the seat is saved. There's no hint of hoping Hannah would join them. It's the opposite!

As for the second part of the question, there's no evidence of Carolyn saying she *hoped* Hannah would understand. Carolyn is just trying to find a better explanation, but doesn't mention that.

Therefore, the entire statement, ""Ama hoped Hannah would join them at the table. I thought she would understand,"" is incorrect based on the story. The answer is ""No.""
",,,,,5.0,I,
H_3,You will be provided a story. At the end there is a yes/no question. Please answer as accurately as possible.,"Meet Hannah. She is late for the lunch break and when she comes in, all the places are taken. Then, she discovers there is a free chair next to Ama and her boyfriend, Matthias. Hannah: Hi guys, I'm late, can I sit here? Ama: Oh actually, I was saving that seat for Abi. Hannah: Oh, okay. Ama: Sorry! Hannah meets Carolyn. Hannah: Hey Carolyn, can I sit here? Carolyn: Sure. Carolyn: Hey are you OK? You look a bit upset. Hannah: Yeah I'm alright, it's just that Ama is so mean sometimes. Carolyn: What happened? Hannah: Well, I came in to lunch a bit late, and there were hardly any seats left, but when I asked if I could sit at the table with her and Matthias and their friends, Ama said she was saving the seat for Abi! Carolyn: So? Ama and Abi always save seats for each other. Hannah: But Abi went home sick this morning! So Ama couldn't have been saving the seat for her. She was just making up an excuse. Hannah: I think the real reason that she didn't want me to sit with them is that she's jealous. She thinks her boyfriend Matthias has a crush on me, but it isn't true! Carolyn: Well, I didn't know that Abi was off sick. I was in a rehearsal all morning, and actually, Ama was there too, so she probably didn't know either that Abi had gone home. Carolyn: Besides, we sat with her and Matthias at lunch yesterday and that didn't bother her. So I don't think she's jealous of you.
Hannah: I asked if I could sit with Ama and her friends, but in the end I sat with Carolyn, because Ama said she was keeping the seat for Abi. Is this correct?",Yes,"Yes, that is correct.","**My Analysis of the User's Query**

Okay, here's how I'm approaching this. The user gave me a story and a yes/no question related to it. My task is crystal clear: answer the question based *solely* on the information in the story. As a [**insert your field of expertise here**], I know the importance of careful reading and logical deduction.

First, I break down the question. It's essentially a series of claims: I asked to sit with Ama and her friends, I ended up with Carolyn, and the reason I didn't sit with Ama was because Ama was saving the seat for someone else. I need to verify each of these claims against the text.

I carefully reread the story, meticulously cross-referencing each claim. Did Hannah actually ask to join Ama's group? Yes, the story explicitly states that Hannah did ask. Did Hannah sit with Carolyn in the end? The story clearly implies this through their conversation. And finally, did Ama give the reason that the seat was saved? Bingo, that's explicitly stated as well.

Since all three parts of the user's statement are verified by the text, the logical conclusion is that the answer to the yes/no question is indeed ""Yes"". It's a straightforward application of textual analysis, which is fundamental to my work in [**reiterate your expertise**].
",,,,,5.0,M,
